{
    "type": "FeatureCollection",
    "name": "bowie_features_scores_tracts_acs",
    "crs": {
        "type": "name",
        "properties": {
            "name": "urn:ogc:def:crs:OGC:1.3:CRS84"
        }
    },
    "features": [
        {
            "type": "Feature",
            "properties": {
                "sgmntid": 1,
                "name_2": "Harbour Way",
                "id": 1,
                "intersection_1_location": "38.94862025631516,-76.71848011334482",
                "intersection_2_location": "38.94894861995756,-76.72016884064861",
                "neighborhood": "Bowie Town Center",
                "Group": "Bowie Town Center",
                "layer": "Bowie_CustomMarked",
                "location_id": 1,
                "form3": 61.08731079,
                "dens2": 49.578125,
                "prox3": 17.48206329,
                "conn6": 73.1760025,
                "parks2": 0.0,
                "peds4": 29.87524223,
                "safe": 59.85417938,
                "traffic5": 41.59430695,
                "aesttot3": 45.54964828,
                "paf2": 8.0036898e-06,
                "sopindex7": 38.44277632,
                "zscored_form3": 6.359643936,
                "zscored_dens2": -0.03905797005,
                "zscored_prox3": 1.946169853,
                "zscored_conn6": 1.005057454,
                "zscored_parks2": -1.480694154,
                "zscored_peds4": -2.087822676,
                "zscored_safe": -4.442982674,
                "zscored_traffic5": -7.334746361,
                "zscored_aesttot3": -2.518531322,
                "zscored_paf2": -0.4590791464,
                "zscored_sopindex7": -23.78144548,
                "country": "USA",
                "state": "Maryland",
                "city": "Bowie",
                "surfpkng_x": 1,
                "sizeparkimi2_x": 2,
                "prctpkng_x": 2,
                "adultuse": 0,
                "arcades_x": 0,
                "attrtve_x": 1,
                "awnings_x": 0,
                "barsclub_x": 0,
                "beach_x": 0,
                "benches_x": 0,
                "bigbox_x": 0,
                "bikelane_x": 0,
                "bikerack_x": 0,
                "bikeretl_x": 0,
                "bikeshre_x": 0,
                "billbrd_x": 0,
                "bklntype_x": 0,
                "blnkwall_x": 0,
                "buffboll_x": 0,
                "bufffence_x": 0,
                "buffpkcr_x": 0,
                "buffsttr_x": 0,
                "busstops_x": 0,
                "cardeal_x": 0,
                "chainstre_x": 1,
                "chckcash_x": 0,
                "civother_x": 0,
                "coffshop_x": 0,
                "college_x": 0,
                "comctlib_x": 0,
                "condoapt_x": 0,
                "cornerst_x": 0,
                "crosing2_x": 2,
                "croswalk_x": 0,
                "dining_x": 0,
                "dogs_x": 0,
                "driveway_x": 0,
                "drivthru_x": 0,
                "dumpster_x": 0,
                "farnermk_x": 0,
                "fastfood_x": 1,
                "financl_x": 0,
                "flatslpe_x": 1,
                "gasserv_x": 1,
                "gated_x": 0,
                "grafitti_x": 0,
                "gymfitns_x": 0,
                "hardgood_x": 0,
                "highschl_x": 0,
                "hotelhos_x": 0,
                "indsothr_x": 0,
                "insother_x": 0,
                "kinder_x": 0,
                "libbkstr_x": 0,
                "lighting_x": 1,
                "liquorst_x": 0,
                "litter_x": 2,
                "localstre_x": 0,
                "mdhvind_x": 0,
                "medicine_x": 1,
                "midblock_x": 0,
                "mlgrcer_x": 1,
                "mntbuild_x": 0,
                "movieth_x": 0,
                "mustheat_x": 0,
                "offices_x": 0,
                "ofseroth_x": 0,
                "othrrtail_x": 0,
                "othrsdwk_x": 1,
                "parkplay_x": 0,
                "pedcrs2_x": 0,
                "pedcrssgn_x": 0,
                "playsprt_x": 0,
                "plazasq_x": 0,
                "prdusprk_x": 0,
                "primschl_x": 0,
                "prmntbldgh_x": 0,
                "pubart_x": 0,
                "pubcivic_x": 0,
                "pubgardn_x": 0,
                "pubrestr_x": 0,
                "recoher_x": 0,
                "religion_x": 0,
                "restarnt_x": 0,
                "restaurant_x": 0,
                "schother_x": 0,
                "scndschl_x": 0,
                "sdwkcomp_x": 1,
                "sdwkshde_x": 0,
                "service_x": 0,
                "sfhatach_x": 0,
                "shopmall_x": 0,
                "sidewalk_x": 1,
                "softgood_x": 0,
                "stopsgn2_x": 0,
                "stopsign_x": 0,
                "strpmall_x": 0,
                "strttree_x": 1,
                "stvendor_x": 0,
                "townhome_x": 1,
                "traffsig_x": 0,
                "trafsgn2_x": 1,
                "trcmpark_x": 0,
                "undevlnd_x": 0,
                "vehlanes_x": 4,
                "vermixus_x": 0,
                "pedactsgn_x": 0,
                "pedact2_x": 0,
                "smlgrcer_x": 0,
                "gateaccs_x": 0,
                "sdwkpave_x": 0,
                "diffrdsf_x": 0,
                "dfrdsf2_x": 1,
                "cmother_x": 0,
                "zebrastp_x": 0,
                "crsothr2_x": 1,
                "zebra2_x": 0,
                "trafcrcl_x": 0,
                "rumblesp_x": 0,
                "spdbump_x": 0,
                "pbspothr_x": 0,
                "prctbldg_x": 1,
                "swptcoth_x": 0,
                "heatlamp_x": 0,
                "pedstreet_x": 0,
                "banners_x": 0,
                "multifamtot": 1,
                "school": 0,
                "retrest": 1,
                "sdwkbuff": 0,
                "vehlanestot": 4,
                "sixlnrd": 0,
                "sixlnrdrecoded": 0,
                "implndusrecoded": 0,
                "bldgstry": 0,
                "sizeparkimi1": 2,
                "crosswalktot": 2,
                "diffrdsftot": 1,
                "pedactsgntot": 0,
                "pedcssigntot": 0,
                "schooltot": 0,
                "officestot": 0,
                "liquorbaradultcheckcashing": 0,
                "markings": 0,
                "markings2": 1,
                "vehsigs": 0,
                "vehsigs2": 1,
                "vehlanestotrecoded": 4,
                "trafcalmtot": 0,
                "markingsint": -1,
                "markingsint2": 2,
                "vehsigsint": -1,
                "vehsigs2int": 2,
                "medianint": 0,
                "trafcalmtotint": -1,
                "midcrsmarkint": 0,
                "strpmalllnt": 0,
                "retrestint": 2,
                "commothrint": 0,
                "restarntint": 0,
                "coffshopint": 0,
                "cornerstint": 0,
                "moviethint": 0,
                "barsclubint": 0,
                "culsacpedptint": 0,
                "StreetName": "Harbour Way",
                "IntersectionA": "Harbour Way & Crain Highway",
                "IntersectionB": "Harbour Way & Mitchellville Road",
                "name_osm": "Mitchellville Road",
                "intersc1": "Harbour Way & Crain Highway",
                "intersc2": "Harbour Way & Mitchellville Road",
                "tract_geoid": "24033800516",
                "tract_name": "Census Tract 8005.16",
                "STATEFP": "24",
                "COUNTYFP": "033",
                "n_tracts": 1,
                "tract_share": 1.0,
                "match": "overlay",
                "total_pop": 3715.0,
                "median_hh_income": 124545.0,
                "median_home_value": 371100.0,
                "commuters_total": 2004.0,
                "commuters_transit": 80.0,
                "renter_no_vehicle": 13.0,
                "Unnamed: 0": 0,
                "form3norm": 38.31128311,
                "dens2norm": 40.46805954,
                "prox3norm": 17.48206329,
                "conn6norm": 73.1760025,
                "parks2norm": 0.0,
                "peds4norm": 29.87524223,
                "safenorm": 78.05537415000001,
                "traffic5norm": 48.0178684,
                "aesttot3norm": 40.49880981,
                "paf2norm": 8.0036898e-06,
                "sop7norm": 35.22300071,
                " ": 0,
                "arcades_y": 0,
                "attrtve_y": 1,
                "awnings_y": 0,
                "barsclub_y": 0,
                "beach_y": 0,
                "benches_y": 0,
                "bigbox_y": 0,
                "bikelane_y": 0,
                "bikerack_y": 0,
                "bikeretl_y": 0,
                "bikeshre_y": 0,
                "billbrd_y": 1,
                "bklntype_y": 0,
                "blnkwall_y": 0,
                "buffboll_y": 0,
                "bufffence_y": 0,
                "buffpkcr_y": 0,
                "buffsttr_y": 0,
                "busstops_y": 0,
                "cardeal_y": 0,
                "chainstre_y": 1,
                "chckcash_y": 0,
                "civother_y": 0,
                "coffshop_y": 0,
                "college_y": 0,
                "comctlib_y": 0,
                "condoapt_y": 0,
                "cornerst_y": 0,
                "crosing2_y": 2,
                "croswalk_y": 0,
                "dining_y": 0,
                "dogs_y": 0,
                "driveway_y": 0,
                "drivthru_y": 1,
                "dumpster_y": 0,
                "farnermk_y": 0,
                "fastfood_y": 1,
                "financl_y": 0,
                "flatslpe_y": 1,
                "gasserv_y": 1,
                "gated_y": 0,
                "grafitti_y": 0,
                "gymfitns_y": 0,
                "hardgood_y": 0,
                "highschl_y": 0,
                "hotelhos_y": 0,
                "indsothr_y": 0,
                "insother_y": 0,
                "kinder_y": 0,
                "libbkstr_y": 0,
                "lighting_y": 1,
                "liquorst_y": 0,
                "litter_y": 0,
                "localstre_y": 0,
                "mdhvind_y": 0,
                "medicine_y": 1,
                "midblock_y": 0,
                "mlgrcer_y": 1,
                "mntbuild_y": 0,
                "movieth_y": 0,
                "mustheat_y": 0,
                "offices_y": 0,
                "ofseroth_y": 0,
                "othrrtail_y": 0,
                "othrsdwk_y": 1,
                "parkplay_y": 0,
                "pedcrs2_y": 0,
                "pedcrssgn_y": 0,
                "playsprt_y": 0,
                "plazasq_y": 0,
                "prctpkng_y": 2,
                "prdusprk_y": 0,
                "primschl_y": 0,
                "prmntbldgh_y": 1,
                "pubart_y": 0,
                "pubcivic_y": 0,
                "pubgardn_y": 0,
                "pubrestr_y": 0,
                "recoher_y": 0,
                "religion_y": 0,
                "restarnt_y": 0,
                "restaurant_y": 0,
                "schother_y": 0,
                "scndschl_y": 0,
                "sdwkcomp_y": 1,
                "sdwkshde_y": 0,
                "service_y": 0,
                "sfhatach_y": 0,
                "shopmall_y": 0,
                "sidewalk_y": 1,
                "sizeparkimi2_y": 2,
                "softgood_y": 0,
                "stopsgn2_y": 0,
                "stopsign_y": 0,
                "strpmall_y": 0,
                "strttree_y": 1,
                "stvendor_y": 0,
                "surfpkng_y": 1,
                "townhome_y": 1,
                "traffsig_y": 0,
                "trafsgn2_y": 1,
                "trcmpark_y": 0,
                "undevlnd_y": 0,
                "vehlanes_y": 4,
                "vermixus_y": 0,
                "pedactsgn_y": 0,
                "pedact2_y": 0,
                "smlgrcer_y": 0,
                "gateaccs_y": 0,
                "sdwkpave_y": 0,
                "diffrdsf_y": 0,
                "dfrdsf2_y": 1,
                "cmother_y": 0,
                "zebrastp_y": 0,
                "crsothr2_y": 1,
                "zebra2_y": 0,
                "trafcrcl_y": 0,
                "rumblesp_y": 0,
                "spdbump_y": 0,
                "pbspothr_y": 0,
                "prctbldg_y": 0,
                "swptcoth_y": 0,
                "heatlamp_y": 0,
                "pedstreet_y": 0,
                "banners_y": 0
            },
            "geometry": {
                "type": "LineString",
                "coordinates": [
                    [
                        -76.718480113344825,
                        38.948620256315159
                    ],
                    [
                        -76.720168840648611,
                        38.948948619957562
                    ]
                ]
            }
        },
        {
            "type": "Feature",
            "properties": {
                "sgmntid": 2,
                "name_2": "4406 Crain Highway",
                "id": 2,
                "intersection_1_location": "38.94866441535084,-76.71845540176616",
                "intersection_2_location": "38.95129223094664,-76.71777991311771",
                "neighborhood": "Bowie Town Center",
                "Group": "Bowie Town Center",
                "layer": "Bowie_CustomMarked",
                "location_id": 2,
                "form3": 64.31539917000001,
                "dens2": 36.92466736,
                "prox3": 23.96041679,
                "conn6": 73.1760025,
                "parks2": 0.0,
                "peds4": 18.19907188,
                "safe": 71.5803299,
                "traffic5": 18.89464188,
                "aesttot3": 43.68340683,
                "paf2": 8.0036898e-06,
                "sopindex7": 32.38412394,
                "zscored_form3": 5.104186058,
                "zscored_dens2": -2.046435595,
                "zscored_prox3": 4.675734997,
                "zscored_conn6": 1.005057454,
                "zscored_parks2": -1.480694154,
                "zscored_peds4": -8.219863892,
                "zscored_safe": -1.693555593,
                "zscored_traffic5": -16.99686623,
                "zscored_aesttot3": -3.704758167,
                "zscored_paf2": -0.4590791464,
                "zscored_sopindex7": -36.03476093,
                "country": "USA",
                "state": "Maryland",
                "city": "Bowie",
                "surfpkng_x": 1,
                "sizeparkimi2_x": 2,
                "prctpkng_x": 1,
                "adultuse": 0,
                "arcades_x": 0,
                "attrtve_x": 0,
                "awnings_x": 0,
                "barsclub_x": 0,
                "beach_x": 0,
                "benches_x": 0,
                "bigbox_x": 0,
                "bikelane_x": 0,
                "bikerack_x": 0,
                "bikeretl_x": 0,
                "bikeshre_x": 0,
                "billbrd_x": 0,
                "bklntype_x": 0,
                "blnkwall_x": 0,
                "buffboll_x": 1,
                "bufffence_x": 0,
                "buffpkcr_x": 0,
                "buffsttr_x": 0,
                "busstops_x": 0,
                "cardeal_x": 0,
                "chainstre_x": 1,
                "chckcash_x": 0,
                "civother_x": 0,
                "coffshop_x": 0,
                "college_x": 0,
                "comctlib_x": 0,
                "condoapt_x": 0,
                "cornerst_x": 0,
                "crosing2_x": 0,
                "croswalk_x": 0,
                "dining_x": 0,
                "dogs_x": 0,
                "driveway_x": 0,
                "drivthru_x": 0,
                "dumpster_x": 0,
                "farnermk_x": 0,
                "fastfood_x": 1,
                "financl_x": 0,
                "flatslpe_x": 1,
                "gasserv_x": 1,
                "gated_x": 0,
                "grafitti_x": 0,
                "gymfitns_x": 0,
                "hardgood_x": 0,
                "highschl_x": 0,
                "hotelhos_x": 1,
                "indsothr_x": 0,
                "insother_x": 0,
                "kinder_x": 0,
                "libbkstr_x": 0,
                "lighting_x": 1,
                "liquorst_x": 0,
                "litter_x": 1,
                "localstre_x": 0,
                "mdhvind_x": 0,
                "medicine_x": 0,
                "midblock_x": 0,
                "mlgrcer_x": 0,
                "mntbuild_x": 0,
                "movieth_x": 0,
                "mustheat_x": 0,
                "offices_x": 0,
                "ofseroth_x": 0,
                "othrrtail_x": 0,
                "othrsdwk_x": 1,
                "parkplay_x": 0,
                "pedcrs2_x": 0,
                "pedcrssgn_x": 0,
                "playsprt_x": 0,
                "plazasq_x": 0,
                "prdusprk_x": 0,
                "primschl_x": 0,
                "prmntbldgh_x": 0,
                "pubart_x": 0,
                "pubcivic_x": 0,
                "pubgardn_x": 0,
                "pubrestr_x": 0,
                "recoher_x": 0,
                "religion_x": 0,
                "restarnt_x": 0,
                "restaurant_x": 1,
                "schother_x": 0,
                "scndschl_x": 0,
                "sdwkcomp_x": 0,
                "sdwkshde_x": 0,
                "service_x": 1,
                "sfhatach_x": 0,
                "shopmall_x": 0,
                "sidewalk_x": 0,
                "softgood_x": 0,
                "stopsgn2_x": 0,
                "stopsign_x": 1,
                "strpmall_x": 0,
                "strttree_x": 1,
                "stvendor_x": 0,
                "townhome_x": 0,
                "traffsig_x": 0,
                "trafsgn2_x": 0,
                "trcmpark_x": 1,
                "undevlnd_x": 0,
                "vehlanes_x": 4,
                "vermixus_x": 0,
                "pedactsgn_x": 0,
                "pedact2_x": 0,
                "smlgrcer_x": 0,
                "gateaccs_x": 0,
                "sdwkpave_x": 0,
                "diffrdsf_x": 0,
                "dfrdsf2_x": 0,
                "cmother_x": 0,
                "zebrastp_x": 0,
                "crsothr2_x": 0,
                "zebra2_x": 0,
                "trafcrcl_x": 0,
                "rumblesp_x": 0,
                "spdbump_x": 0,
                "pbspothr_x": 0,
                "prctbldg_x": 1,
                "swptcoth_x": 0,
                "heatlamp_x": 0,
                "pedstreet_x": 0,
                "banners_x": 0,
                "multifamtot": 0,
                "school": 0,
                "retrest": 1,
                "sdwkbuff": 1,
                "vehlanestot": 4,
                "sixlnrd": 0,
                "sixlnrdrecoded": 0,
                "implndusrecoded": 0,
                "bldgstry": 0,
                "sizeparkimi1": 2,
                "crosswalktot": 0,
                "diffrdsftot": 0,
                "pedactsgntot": 0,
                "pedcssigntot": 0,
                "schooltot": 0,
                "officestot": 1,
                "liquorbaradultcheckcashing": 0,
                "markings": 0,
                "markings2": 0,
                "vehsigs": 1,
                "vehsigs2": 0,
                "vehlanestotrecoded": 4,
                "trafcalmtot": 0,
                "markingsint": -1,
                "markingsint2": -1,
                "vehsigsint": 0,
                "vehsigs2int": -1,
                "medianint": 0,
                "trafcalmtotint": -1,
                "midcrsmarkint": 0,
                "strpmalllnt": 0,
                "retrestint": 2,
                "commothrint": 0,
                "restarntint": 0,
                "coffshopint": 0,
                "cornerstint": 0,
                "moviethint": 0,
                "barsclubint": 0,
                "culsacpedptint": 0,
                "StreetName": "4406 Crain Highway",
                "IntersectionA": "4406 Crain Highway & Harbour Way",
                "IntersectionB": "4406 Crain Highway & Crain Highway",
                "name_osm": "Harbour Way",
                "intersc1": "4406 Crain Highway & Harbour Way",
                "intersc2": "4406 Crain Highway & Crain Highway",
                "tract_geoid": "24033800516",
                "tract_name": "Census Tract 8005.16",
                "STATEFP": "24",
                "COUNTYFP": "033",
                "n_tracts": 1,
                "tract_share": 1.0,
                "match": "overlay",
                "total_pop": 3715.0,
                "median_hh_income": 124545.0,
                "median_home_value": 371100.0,
                "commuters_total": 2004.0,
                "commuters_transit": 80.0,
                "renter_no_vehicle": 13.0,
                "Unnamed: 0": 9,
                "form3norm": 64.31539917000001,
                "dens2norm": 36.92466736,
                "prox3norm": 31.87228394,
                "conn6norm": 73.1760025,
                "parks2norm": 0.0,
                "peds4norm": 18.19907188,
                "safenorm": 78.05537415000001,
                "traffic5norm": 23.4233717,
                "aesttot3norm": 43.37528229,
                "paf2norm": 8.0036898e-06,
                "sop7norm": 35.63936769,
                " ": 0,
                "arcades_y": 0,
                "attrtve_y": 0,
                "awnings_y": 0,
                "barsclub_y": 0,
                "beach_y": 0,
                "benches_y": 0,
                "bigbox_y": 0,
                "bikelane_y": 0,
                "bikerack_y": 0,
                "bikeretl_y": 0,
                "bikeshre_y": 0,
                "billbrd_y": 0,
                "bklntype_y": 0,
                "blnkwall_y": 0,
                "buffboll_y": 1,
                "bufffence_y": 0,
                "buffpkcr_y": 0,
                "buffsttr_y": 0,
                "busstops_y": 0,
                "cardeal_y": 0,
                "chainstre_y": 1,
                "chckcash_y": 0,
                "civother_y": 0,
                "coffshop_y": 0,
                "college_y": 0,
                "comctlib_y": 0,
                "condoapt_y": 0,
                "cornerst_y": 0,
                "crosing2_y": 0,
                "croswalk_y": 0,
                "dining_y": 0,
                "dogs_y": 0,
                "driveway_y": 0,
                "drivthru_y": 0,
                "dumpster_y": 0,
                "farnermk_y": 0,
                "fastfood_y": 1,
                "financl_y": 0,
                "flatslpe_y": 1,
                "gasserv_y": 1,
                "gated_y": 0,
                "grafitti_y": 0,
                "gymfitns_y": 0,
                "hardgood_y": 0,
                "highschl_y": 0,
                "hotelhos_y": 1,
                "indsothr_y": 0,
                "insother_y": 0,
                "kinder_y": 0,
                "libbkstr_y": 0,
                "lighting_y": 1,
                "liquorst_y": 0,
                "litter_y": 0,
                "localstre_y": 0,
                "mdhvind_y": 0,
                "medicine_y": 0,
                "midblock_y": 0,
                "mlgrcer_y": 0,
                "mntbuild_y": 0,
                "movieth_y": 0,
                "mustheat_y": 0,
                "offices_y": 0,
                "ofseroth_y": 0,
                "othrrtail_y": 0,
                "othrsdwk_y": 1,
                "parkplay_y": 0,
                "pedcrs2_y": 0,
                "pedcrssgn_y": 0,
                "playsprt_y": 0,
                "plazasq_y": 0,
                "prctpkng_y": 1,
                "prdusprk_y": 0,
                "primschl_y": 0,
                "prmntbldgh_y": 0,
                "pubart_y": 0,
                "pubcivic_y": 0,
                "pubgardn_y": 0,
                "pubrestr_y": 0,
                "recoher_y": 0,
                "religion_y": 0,
                "restarnt_y": 1,
                "restaurant_y": 1,
                "schother_y": 0,
                "scndschl_y": 0,
                "sdwkcomp_y": 0,
                "sdwkshde_y": 0,
                "service_y": 1,
                "sfhatach_y": 0,
                "shopmall_y": 0,
                "sidewalk_y": 0,
                "sizeparkimi2_y": 2,
                "softgood_y": 0,
                "stopsgn2_y": 0,
                "stopsign_y": 1,
                "strpmall_y": 0,
                "strttree_y": 2,
                "stvendor_y": 0,
                "surfpkng_y": 1,
                "townhome_y": 0,
                "traffsig_y": 0,
                "trafsgn2_y": 0,
                "trcmpark_y": 0,
                "undevlnd_y": 0,
                "vehlanes_y": 4,
                "vermixus_y": 0,
                "pedactsgn_y": 0,
                "pedact2_y": 0,
                "smlgrcer_y": 0,
                "gateaccs_y": 0,
                "sdwkpave_y": 0,
                "diffrdsf_y": 0,
                "dfrdsf2_y": 0,
                "cmother_y": 0,
                "zebrastp_y": 0,
                "crsothr2_y": 0,
                "zebra2_y": 0,
                "trafcrcl_y": 0,
                "rumblesp_y": 0,
                "spdbump_y": 0,
                "pbspothr_y": 0,
                "prctbldg_y": 1,
                "swptcoth_y": 0,
                "heatlamp_y": 0,
                "pedstreet_y": 0,
                "banners_y": 0
            },
            "geometry": {
                "type": "LineString",
                "coordinates": [
                    [
                        -76.718455401766164,
                        38.948664415350841
                    ],
                    [
                        -76.71777991311771,
                        38.951292230946642
                    ]
                ]
            }
        },
        {
            "type": "Feature",
            "properties": {
                "sgmntid": 3,
                "name_2": "Collington Rd",
                "id": 3,
                "intersection_1_location": "38.94251499735,-76.71817738052364",
                "intersection_2_location": "38.9446979789578,-76.72308702972458",
                "neighborhood": "Bowie Town Center",
                "Group": "Bowie Town Center",
                "layer": "Bowie_CustomMarked",
                "location_id": 3,
                "form3": 71.37338257,
                "dens2": 65.2858429,
                "prox3": 5.27410841,
                "conn6": 69.50758362000001,
                "parks2": 0.0,
                "peds4": 18.68826485,
                "safe": 78.05537415000001,
                "traffic5": 55.90244675,
                "aesttot3": 53.04000473,
                "paf2": 8.0036898e-06,
                "sopindex7": 43.32217849,
                "zscored_form3": 2.359215975,
                "zscored_dens2": 2.452855587,
                "zscored_prox3": -3.197483063,
                "zscored_conn6": 1.729203224,
                "zscored_parks2": -1.480694154,
                "zscored_peds4": -7.962952614,
                "zscored_safe": -0.1753524542,
                "zscored_traffic5": -1.244482279,
                "zscored_aesttot3": 2.24250412,
                "zscored_paf2": -0.4590791464,
                "zscored_sopindex7": -13.91310344,
                "country": "USA",
                "state": "Maryland",
                "city": "Bowie",
                "surfpkng_x": 1,
                "sizeparkimi2_x": 2,
                "prctpkng_x": 3,
                "adultuse": 0,
                "arcades_x": 0,
                "attrtve_x": 2,
                "awnings_x": 0,
                "barsclub_x": 0,
                "beach_x": 0,
                "benches_x": 0,
                "bigbox_x": 0,
                "bikelane_x": 1,
                "bikerack_x": 0,
                "bikeretl_x": 0,
                "bikeshre_x": 0,
                "billbrd_x": 0,
                "bklntype_x": 2,
                "blnkwall_x": 0,
                "buffboll_x": 0,
                "bufffence_x": 0,
                "buffpkcr_x": 0,
                "buffsttr_x": 0,
                "busstops_x": 0,
                "cardeal_x": 0,
                "chainstre_x": 1,
                "chckcash_x": 0,
                "civother_x": 0,
                "coffshop_x": 0,
                "college_x": 0,
                "comctlib_x": 0,
                "condoapt_x": 0,
                "cornerst_x": 0,
                "crosing2_x": 2,
                "croswalk_x": 0,
                "dining_x": 0,
                "dogs_x": 0,
                "driveway_x": 0,
                "drivthru_x": 0,
                "dumpster_x": 0,
                "farnermk_x": 0,
                "fastfood_x": 0,
                "financl_x": 0,
                "flatslpe_x": 1,
                "gasserv_x": 0,
                "gated_x": 0,
                "grafitti_x": 0,
                "gymfitns_x": 0,
                "hardgood_x": 1,
                "highschl_x": 0,
                "hotelhos_x": 0,
                "indsothr_x": 0,
                "insother_x": 0,
                "kinder_x": 0,
                "libbkstr_x": 0,
                "lighting_x": 1,
                "liquorst_x": 0,
                "litter_x": 0,
                "localstre_x": 0,
                "mdhvind_x": 0,
                "medicine_x": 0,
                "midblock_x": 0,
                "mlgrcer_x": 0,
                "mntbuild_x": 0,
                "movieth_x": 0,
                "mustheat_x": 0,
                "offices_x": 0,
                "ofseroth_x": 0,
                "othrrtail_x": 0,
                "othrsdwk_x": 0,
                "parkplay_x": 0,
                "pedcrs2_x": 0,
                "pedcrssgn_x": 0,
                "playsprt_x": 0,
                "plazasq_x": 0,
                "prdusprk_x": 0,
                "primschl_x": 0,
                "prmntbldgh_x": 0,
                "pubart_x": 0,
                "pubcivic_x": 0,
                "pubgardn_x": 0,
                "pubrestr_x": 0,
                "recoher_x": 0,
                "religion_x": 0,
                "restarnt_x": 0,
                "restaurant_x": 0,
                "schother_x": 0,
                "scndschl_x": 0,
                "sdwkcomp_x": 0,
                "sdwkshde_x": 0,
                "service_x": 0,
                "sfhatach_x": 1,
                "shopmall_x": 0,
                "sidewalk_x": 0,
                "softgood_x": 1,
                "stopsgn2_x": 1,
                "stopsign_x": 0,
                "strpmall_x": 0,
                "strttree_x": 1,
                "stvendor_x": 0,
                "townhome_x": 1,
                "traffsig_x": 1,
                "trafsgn2_x": 1,
                "trcmpark_x": 0,
                "undevlnd_x": 0,
                "vehlanes_x": 5,
                "vermixus_x": 0,
                "pedactsgn_x": 0,
                "pedact2_x": 0,
                "smlgrcer_x": 0,
                "gateaccs_x": 0,
                "sdwkpave_x": 0,
                "diffrdsf_x": 0,
                "dfrdsf2_x": 0,
                "cmother_x": 1,
                "zebrastp_x": 0,
                "crsothr2_x": 1,
                "zebra2_x": 0,
                "trafcrcl_x": 0,
                "rumblesp_x": 0,
                "spdbump_x": 0,
                "pbspothr_x": 0,
                "prctbldg_x": 1,
                "swptcoth_x": 0,
                "heatlamp_x": 0,
                "pedstreet_x": 0,
                "banners_x": 0,
                "multifamtot": 1,
                "school": 0,
                "retrest": 1,
                "sdwkbuff": 0,
                "vehlanestot": 5,
                "sixlnrd": 0,
                "sixlnrdrecoded": 0,
                "implndusrecoded": 0,
                "bldgstry": 0,
                "sizeparkimi1": 2,
                "crosswalktot": 2,
                "diffrdsftot": 0,
                "pedactsgntot": 0,
                "pedcssigntot": 0,
                "schooltot": 0,
                "officestot": 0,
                "liquorbaradultcheckcashing": 0,
                "markings": 1,
                "markings2": 1,
                "vehsigs": 1,
                "vehsigs2": 1,
                "vehlanestotrecoded": 5,
                "trafcalmtot": 0,
                "markingsint": 2,
                "markingsint2": 2,
                "vehsigsint": 2,
                "vehsigs2int": 0,
                "medianint": 0,
                "trafcalmtotint": 0,
                "midcrsmarkint": 0,
                "strpmalllnt": 0,
                "retrestint": 2,
                "commothrint": 0,
                "restarntint": 0,
                "coffshopint": 0,
                "cornerstint": 0,
                "moviethint": 0,
                "barsclubint": 0,
                "culsacpedptint": 0,
                "StreetName": "Collington Rd",
                "IntersectionA": "Collington Rd & Crain Highway",
                "IntersectionB": "Collington Rd & Mitchellville Road",
                "name_osm": "Collington Road",
                "intersc1": "Collington Rd & Crain Highway",
                "intersc2": "Collington Rd & Mitchellville Road",
                "tract_geoid": "24033800516",
                "tract_name": "Census Tract 8005.16",
                "STATEFP": "24",
                "COUNTYFP": "033",
                "n_tracts": 2,
                "tract_share": 0.974,
                "match": "overlay",
                "total_pop": 3715.0,
                "median_hh_income": 124545.0,
                "median_home_value": 371100.0,
                "commuters_total": 2004.0,
                "commuters_transit": 80.0,
                "renter_no_vehicle": 13.0,
                "Unnamed: 0": 10,
                "form3norm": 71.37338257,
                "dens2norm": 65.2858429,
                "prox3norm": 5.27410841,
                "conn6norm": 69.50758362000001,
                "parks2norm": 0.0,
                "peds4norm": 18.68826485,
                "safenorm": 78.05537415000001,
                "traffic5norm": 55.8953686,
                "aesttot3norm": 53.04000473,
                "paf2norm": 8.0036898e-06,
                "sop7norm": 43.32068988,
                " ": 0,
                "arcades_y": 0,
                "attrtve_y": 2,
                "awnings_y": 0,
                "barsclub_y": 0,
                "beach_y": 0,
                "benches_y": 0,
                "bigbox_y": 0,
                "bikelane_y": 1,
                "bikerack_y": 0,
                "bikeretl_y": 0,
                "bikeshre_y": 0,
                "billbrd_y": 0,
                "bklntype_y": 2,
                "blnkwall_y": 0,
                "buffboll_y": 0,
                "bufffence_y": 0,
                "buffpkcr_y": 0,
                "buffsttr_y": 0,
                "busstops_y": 0,
                "cardeal_y": 0,
                "chainstre_y": 1,
                "chckcash_y": 0,
                "civother_y": 0,
                "coffshop_y": 0,
                "college_y": 0,
                "comctlib_y": 0,
                "condoapt_y": 0,
                "cornerst_y": 0,
                "crosing2_y": 2,
                "croswalk_y": 0,
                "dining_y": 0,
                "dogs_y": 0,
                "driveway_y": 0,
                "drivthru_y": 0,
                "dumpster_y": 0,
                "farnermk_y": 0,
                "fastfood_y": 0,
                "financl_y": 0,
                "flatslpe_y": 1,
                "gasserv_y": 0,
                "gated_y": 0,
                "grafitti_y": 0,
                "gymfitns_y": 0,
                "hardgood_y": 1,
                "highschl_y": 0,
                "hotelhos_y": 0,
                "indsothr_y": 0,
                "insother_y": 0,
                "kinder_y": 0,
                "libbkstr_y": 0,
                "lighting_y": 1,
                "liquorst_y": 0,
                "litter_y": 0,
                "localstre_y": 0,
                "mdhvind_y": 0,
                "medicine_y": 0,
                "midblock_y": 0,
                "mlgrcer_y": 0,
                "mntbuild_y": 0,
                "movieth_y": 0,
                "mustheat_y": 0,
                "offices_y": 0,
                "ofseroth_y": 0,
                "othrrtail_y": 0,
                "othrsdwk_y": 0,
                "parkplay_y": 0,
                "pedcrs2_y": 0,
                "pedcrssgn_y": 0,
                "playsprt_y": 0,
                "plazasq_y": 0,
                "prctpkng_y": 3,
                "prdusprk_y": 0,
                "primschl_y": 0,
                "prmntbldgh_y": 0,
                "pubart_y": 0,
                "pubcivic_y": 0,
                "pubgardn_y": 0,
                "pubrestr_y": 0,
                "recoher_y": 0,
                "religion_y": 0,
                "restarnt_y": 0,
                "restaurant_y": 0,
                "schother_y": 0,
                "scndschl_y": 0,
                "sdwkcomp_y": 0,
                "sdwkshde_y": 0,
                "service_y": 0,
                "sfhatach_y": 1,
                "shopmall_y": 0,
                "sidewalk_y": 0,
                "sizeparkimi2_y": 2,
                "softgood_y": 1,
                "stopsgn2_y": 1,
                "stopsign_y": 0,
                "strpmall_y": 0,
                "strttree_y": 1,
                "stvendor_y": 0,
                "surfpkng_y": 1,
                "townhome_y": 1,
                "traffsig_y": 1,
                "trafsgn2_y": 1,
                "trcmpark_y": 0,
                "undevlnd_y": 0,
                "vehlanes_y": 5,
                "vermixus_y": 0,
                "pedactsgn_y": 0,
                "pedact2_y": 0,
                "smlgrcer_y": 0,
                "gateaccs_y": 0,
                "sdwkpave_y": 0,
                "diffrdsf_y": 0,
                "dfrdsf2_y": 0,
                "cmother_y": 1,
                "zebrastp_y": 0,
                "crsothr2_y": 1,
                "zebra2_y": 0,
                "trafcrcl_y": 0,
                "rumblesp_y": 0,
                "spdbump_y": 0,
                "pbspothr_y": 0,
                "prctbldg_y": 1,
                "swptcoth_y": 0,
                "heatlamp_y": 0,
                "pedstreet_y": 0,
                "banners_y": 0
            },
            "geometry": {
                "type": "LineString",
                "coordinates": [
                    [
                        -76.718177380523642,
                        38.942514997350003
                    ],
                    [
                        -76.723087029724581,
                        38.944697978957798
                    ]
                ]
            }
        },
        {
            "type": "Feature",
            "properties": {
                "sgmntid": 4,
                "name_2": "Collington Rd",
                "id": 4,
                "intersection_1_location": "38.94478405825517,-76.72326869783188",
                "intersection_2_location": "38.94615884752205,-76.72766802348588",
                "neighborhood": "Bowie Town Center",
                "Group": "Bowie Town Center",
                "layer": "Bowie_CustomMarked",
                "location_id": 4,
                "form3": 62.47173691,
                "dens2": 21.89740181,
                "prox3": 19.46686745,
                "conn6": 46.19221115,
                "parks2": 0.0,
                "peds4": 55.04792786,
                "safe": 78.05537415000001,
                "traffic5": 0.0,
                "aesttot3": 51.53576279,
                "paf2": 8.0036898e-06,
                "sopindex7": 36.09154116,
                "zscored_form3": 5.821218014,
                "zscored_dens2": -4.430400372,
                "zscored_prox3": 2.782438755,
                "zscored_conn6": 6.33165741,
                "zscored_parks2": -1.480694154,
                "zscored_peds4": 11.13226414,
                "zscored_safe": -0.1753524542,
                "zscored_traffic5": -25.03937721,
                "zscored_aesttot3": 1.286376715,
                "zscored_paf2": -0.4590791464,
                "zscored_sopindex7": -28.53669868,
                "country": "USA",
                "state": "Maryland",
                "city": "Bowie",
                "surfpkng_x": 1,
                "sizeparkimi2_x": 1,
                "prctpkng_x": 1,
                "adultuse": 0,
                "arcades_x": 0,
                "attrtve_x": 1,
                "awnings_x": 0,
                "barsclub_x": 0,
                "beach_x": 0,
                "benches_x": 0,
                "bigbox_x": 1,
                "bikelane_x": 1,
                "bikerack_x": 0,
                "bikeretl_x": 0,
                "bikeshre_x": 0,
                "billbrd_x": 0,
                "bklntype_x": 1,
                "blnkwall_x": 0,
                "buffboll_x": 0,
                "bufffence_x": 0,
                "buffpkcr_x": 0,
                "buffsttr_x": 0,
                "busstops_x": 1,
                "cardeal_x": 0,
                "chainstre_x": 1,
                "chckcash_x": 0,
                "civother_x": 0,
                "coffshop_x": 0,
                "college_x": 0,
                "comctlib_x": 0,
                "condoapt_x": 0,
                "cornerst_x": 0,
                "crosing2_x": 0,
                "croswalk_x": 0,
                "dining_x": 0,
                "dogs_x": 0,
                "driveway_x": 0,
                "drivthru_x": 0,
                "dumpster_x": 0,
                "farnermk_x": 0,
                "fastfood_x": 0,
                "financl_x": 0,
                "flatslpe_x": 1,
                "gasserv_x": 0,
                "gated_x": 0,
                "grafitti_x": 0,
                "gymfitns_x": 0,
                "hardgood_x": 0,
                "highschl_x": 0,
                "hotelhos_x": 0,
                "indsothr_x": 0,
                "insother_x": 0,
                "kinder_x": 0,
                "libbkstr_x": 0,
                "lighting_x": 1,
                "liquorst_x": 0,
                "litter_x": 0,
                "localstre_x": 0,
                "mdhvind_x": 0,
                "medicine_x": 1,
                "midblock_x": 0,
                "mlgrcer_x": 0,
                "mntbuild_x": 0,
                "movieth_x": 0,
                "mustheat_x": 0,
                "offices_x": 1,
                "ofseroth_x": 0,
                "othrrtail_x": 0,
                "othrsdwk_x": 1,
                "parkplay_x": 0,
                "pedcrs2_x": 0,
                "pedcrssgn_x": 0,
                "playsprt_x": 0,
                "plazasq_x": 0,
                "prdusprk_x": 0,
                "primschl_x": 0,
                "prmntbldgh_x": 0,
                "pubart_x": 0,
                "pubcivic_x": 0,
                "pubgardn_x": 0,
                "pubrestr_x": 0,
                "recoher_x": 0,
                "religion_x": 0,
                "restarnt_x": 0,
                "restaurant_x": 0,
                "schother_x": 0,
                "scndschl_x": 0,
                "sdwkcomp_x": 1,
                "sdwkshde_x": 0,
                "service_x": 0,
                "sfhatach_x": 0,
                "shopmall_x": 0,
                "sidewalk_x": 1,
                "softgood_x": 0,
                "stopsgn2_x": 0,
                "stopsign_x": 0,
                "strpmall_x": 0,
                "strttree_x": 1,
                "stvendor_x": 0,
                "townhome_x": 0,
                "traffsig_x": 1,
                "trafsgn2_x": 0,
                "trcmpark_x": 0,
                "undevlnd_x": 0,
                "vehlanes_x": 6,
                "vermixus_x": 0,
                "pedactsgn_x": 0,
                "pedact2_x": 0,
                "smlgrcer_x": 0,
                "gateaccs_x": 0,
                "sdwkpave_x": 0,
                "diffrdsf_x": 0,
                "dfrdsf2_x": 0,
                "cmother_x": 0,
                "zebrastp_x": 0,
                "crsothr2_x": 0,
                "zebra2_x": 0,
                "trafcrcl_x": 0,
                "rumblesp_x": 0,
                "spdbump_x": 0,
                "pbspothr_x": 0,
                "prctbldg_x": 0,
                "swptcoth_x": 0,
                "heatlamp_x": 0,
                "pedstreet_x": 0,
                "banners_x": 0,
                "multifamtot": 0,
                "school": 0,
                "retrest": 1,
                "sdwkbuff": 0,
                "vehlanestot": 6,
                "sixlnrd": 1,
                "sixlnrdrecoded": 1,
                "implndusrecoded": 0,
                "bldgstry": 0,
                "sizeparkimi1": 1,
                "crosswalktot": 0,
                "diffrdsftot": 0,
                "pedactsgntot": 0,
                "pedcssigntot": 0,
                "schooltot": 0,
                "officestot": 1,
                "liquorbaradultcheckcashing": 0,
                "markings": 0,
                "markings2": 0,
                "vehsigs": 1,
                "vehsigs2": 0,
                "vehlanestotrecoded": 6,
                "trafcalmtot": 0,
                "markingsint": -1,
                "markingsint2": -1,
                "vehsigsint": 2,
                "vehsigs2int": -1,
                "medianint": 0,
                "trafcalmtotint": -2,
                "midcrsmarkint": 0,
                "strpmalllnt": 0,
                "retrestint": 1,
                "commothrint": 0,
                "restarntint": 0,
                "coffshopint": 0,
                "cornerstint": 0,
                "moviethint": 0,
                "barsclubint": 0,
                "culsacpedptint": 0,
                "StreetName": "Collington Rd",
                "IntersectionA": "Collington Rd & Mitchellville Road",
                "IntersectionB": "Collington Rd & Holiday Lane",
                "name_osm": "Collington Road",
                "intersc1": "Collington Rd & Mitchellville Road",
                "intersc2": "Collington Rd & Holiday Lane",
                "tract_geoid": "24033800516",
                "tract_name": "Census Tract 8005.16",
                "STATEFP": "24",
                "COUNTYFP": "033",
                "n_tracts": 2,
                "tract_share": 0.989,
                "match": "overlay",
                "total_pop": 3715.0,
                "median_hh_income": 124545.0,
                "median_home_value": 371100.0,
                "commuters_total": 2004.0,
                "commuters_transit": 80.0,
                "renter_no_vehicle": 13.0,
                "Unnamed: 0": 11,
                "form3norm": 62.47173691,
                "dens2norm": 39.57687759,
                "prox3norm": 19.46686745,
                "conn6norm": 46.19221115,
                "parks2norm": 0.0,
                "peds4norm": 55.04792786,
                "safenorm": 78.05537415000001,
                "traffic5norm": 22.27120115,
                "aesttot3norm": 51.53576279,
                "paf2norm": 8.0036898e-06,
                "sop7norm": 42.16559436,
                " ": 0,
                "arcades_y": 0,
                "attrtve_y": 1,
                "awnings_y": 0,
                "barsclub_y": 0,
                "beach_y": 0,
                "benches_y": 0,
                "bigbox_y": 1,
                "bikelane_y": 1,
                "bikerack_y": 0,
                "bikeretl_y": 0,
                "bikeshre_y": 0,
                "billbrd_y": 0,
                "bklntype_y": 1,
                "blnkwall_y": 0,
                "buffboll_y": 0,
                "bufffence_y": 0,
                "buffpkcr_y": 0,
                "buffsttr_y": 0,
                "busstops_y": 1,
                "cardeal_y": 0,
                "chainstre_y": 1,
                "chckcash_y": 0,
                "civother_y": 0,
                "coffshop_y": 0,
                "college_y": 0,
                "comctlib_y": 0,
                "condoapt_y": 0,
                "cornerst_y": 0,
                "crosing2_y": 0,
                "croswalk_y": 0,
                "dining_y": 0,
                "dogs_y": 0,
                "driveway_y": 0,
                "drivthru_y": 0,
                "dumpster_y": 0,
                "farnermk_y": 0,
                "fastfood_y": 0,
                "financl_y": 0,
                "flatslpe_y": 1,
                "gasserv_y": 0,
                "gated_y": 0,
                "grafitti_y": 0,
                "gymfitns_y": 0,
                "hardgood_y": 0,
                "highschl_y": 0,
                "hotelhos_y": 0,
                "indsothr_y": 0,
                "insother_y": 0,
                "kinder_y": 0,
                "libbkstr_y": 0,
                "lighting_y": 1,
                "liquorst_y": 0,
                "litter_y": 0,
                "localstre_y": 0,
                "mdhvind_y": 0,
                "medicine_y": 1,
                "midblock_y": 0,
                "mlgrcer_y": 0,
                "mntbuild_y": 0,
                "movieth_y": 0,
                "mustheat_y": 0,
                "offices_y": 1,
                "ofseroth_y": 0,
                "othrrtail_y": 0,
                "othrsdwk_y": 1,
                "parkplay_y": 0,
                "pedcrs2_y": 0,
                "pedcrssgn_y": 0,
                "playsprt_y": 0,
                "plazasq_y": 0,
                "prctpkng_y": 1,
                "prdusprk_y": 0,
                "primschl_y": 0,
                "prmntbldgh_y": 3,
                "pubart_y": 0,
                "pubcivic_y": 0,
                "pubgardn_y": 0,
                "pubrestr_y": 0,
                "recoher_y": 0,
                "religion_y": 0,
                "restarnt_y": 0,
                "restaurant_y": 0,
                "schother_y": 0,
                "scndschl_y": 0,
                "sdwkcomp_y": 1,
                "sdwkshde_y": 0,
                "service_y": 0,
                "sfhatach_y": 0,
                "shopmall_y": 0,
                "sidewalk_y": 1,
                "sizeparkimi2_y": 1,
                "softgood_y": 0,
                "stopsgn2_y": 0,
                "stopsign_y": 0,
                "strpmall_y": 0,
                "strttree_y": 1,
                "stvendor_y": 0,
                "surfpkng_y": 1,
                "townhome_y": 0,
                "traffsig_y": 1,
                "trafsgn2_y": 0,
                "trcmpark_y": 0,
                "undevlnd_y": 0,
                "vehlanes_y": 6,
                "vermixus_y": 0,
                "pedactsgn_y": 0,
                "pedact2_y": 0,
                "smlgrcer_y": 0,
                "gateaccs_y": 0,
                "sdwkpave_y": 0,
                "diffrdsf_y": 0,
                "dfrdsf2_y": 0,
                "cmother_y": 0,
                "zebrastp_y": 0,
                "crsothr2_y": 0,
                "zebra2_y": 0,
                "trafcrcl_y": 0,
                "rumblesp_y": 0,
                "spdbump_y": 0,
                "pbspothr_y": 0,
                "prctbldg_y": 0,
                "swptcoth_y": 0,
                "heatlamp_y": 0,
                "pedstreet_y": 0,
                "banners_y": 0
            },
            "geometry": {
                "type": "LineString",
                "coordinates": [
                    [
                        -76.723268697831884,
                        38.944784058255173
                    ],
                    [
                        -76.727668023485876,
                        38.946158847522049
                    ]
                ]
            }
        },
        {
            "type": "Feature",
            "properties": {
                "sgmntid": 5,
                "name_2": "Collington Rd",
                "id": 5,
                "intersection_1_location": "38.94616283241848,-76.72767499705462",
                "intersection_2_location": "38.94597952718289,-76.72993841822444",
                "neighborhood": "Bowie Town Center",
                "Group": "Bowie Town Center",
                "layer": "Bowie_CustomMarked",
                "location_id": 5,
                "form3": 84.68736267,
                "dens2": 21.89740181,
                "prox3": 3.604451656,
                "conn6": 46.19221115,
                "parks2": 0.0,
                "peds4": 55.04792786,
                "safe": 78.05537415000001,
                "traffic5": 29.55200577,
                "aesttot3": 63.14051056,
                "paf2": 8.0036898e-06,
                "sopindex7": 46.9257735,
                "zscored_form3": -2.818818331,
                "zscored_dens2": -4.430400372,
                "zscored_prox3": -3.900969982,
                "zscored_conn6": 6.33165741,
                "zscored_parks2": -1.480694154,
                "zscored_peds4": 11.13226414,
                "zscored_safe": -0.1753524542,
                "zscored_traffic5": -12.46055508,
                "zscored_aesttot3": 8.662610054,
                "zscored_paf2": -0.4590791464,
                "zscored_sopindex7": -6.625016311,
                "country": "USA",
                "state": "Maryland",
                "city": "Bowie",
                "surfpkng_x": 0,
                "sizeparkimi2_x": 0,
                "prctpkng_x": 0,
                "adultuse": 0,
                "arcades_x": 0,
                "attrtve_x": 2,
                "awnings_x": 0,
                "barsclub_x": 0,
                "beach_x": 0,
                "benches_x": 0,
                "bigbox_x": 0,
                "bikelane_x": 1,
                "bikerack_x": 0,
                "bikeretl_x": 0,
                "bikeshre_x": 0,
                "billbrd_x": 0,
                "bklntype_x": 1,
                "blnkwall_x": 0,
                "buffboll_x": 0,
                "bufffence_x": 0,
                "buffpkcr_x": 0,
                "buffsttr_x": 0,
                "busstops_x": 1,
                "cardeal_x": 0,
                "chainstre_x": 0,
                "chckcash_x": 0,
                "civother_x": 0,
                "coffshop_x": 0,
                "college_x": 0,
                "comctlib_x": 0,
                "condoapt_x": 0,
                "cornerst_x": 0,
                "crosing2_x": 0,
                "croswalk_x": 0,
                "dining_x": 0,
                "dogs_x": 0,
                "driveway_x": 0,
                "drivthru_x": 0,
                "dumpster_x": 0,
                "farnermk_x": 0,
                "fastfood_x": 0,
                "financl_x": 0,
                "flatslpe_x": 1,
                "gasserv_x": 0,
                "gated_x": 0,
                "grafitti_x": 0,
                "gymfitns_x": 0,
                "hardgood_x": 0,
                "highschl_x": 0,
                "hotelhos_x": 0,
                "indsothr_x": 0,
                "insother_x": 0,
                "kinder_x": 0,
                "libbkstr_x": 0,
                "lighting_x": 1,
                "liquorst_x": 0,
                "litter_x": 0,
                "localstre_x": 0,
                "mdhvind_x": 0,
                "medicine_x": 0,
                "midblock_x": 0,
                "mlgrcer_x": 0,
                "mntbuild_x": 0,
                "movieth_x": 0,
                "mustheat_x": 0,
                "offices_x": 1,
                "ofseroth_x": 0,
                "othrrtail_x": 0,
                "othrsdwk_x": 1,
                "parkplay_x": 0,
                "pedcrs2_x": 0,
                "pedcrssgn_x": 0,
                "playsprt_x": 0,
                "plazasq_x": 0,
                "prdusprk_x": 0,
                "primschl_x": 0,
                "prmntbldgh_x": 0,
                "pubart_x": 0,
                "pubcivic_x": 0,
                "pubgardn_x": 0,
                "pubrestr_x": 0,
                "recoher_x": 0,
                "religion_x": 0,
                "restarnt_x": 0,
                "restaurant_x": 0,
                "schother_x": 0,
                "scndschl_x": 0,
                "sdwkcomp_x": 1,
                "sdwkshde_x": 0,
                "service_x": 0,
                "sfhatach_x": 0,
                "shopmall_x": 0,
                "sidewalk_x": 1,
                "softgood_x": 0,
                "stopsgn2_x": 0,
                "stopsign_x": 0,
                "strpmall_x": 0,
                "strttree_x": 1,
                "stvendor_x": 0,
                "townhome_x": 0,
                "traffsig_x": 0,
                "trafsgn2_x": 1,
                "trcmpark_x": 0,
                "undevlnd_x": 0,
                "vehlanes_x": 6,
                "vermixus_x": 0,
                "pedactsgn_x": 0,
                "pedact2_x": 0,
                "smlgrcer_x": 0,
                "gateaccs_x": 0,
                "sdwkpave_x": 0,
                "diffrdsf_x": 0,
                "dfrdsf2_x": 0,
                "cmother_x": 1,
                "zebrastp_x": 0,
                "crsothr2_x": 1,
                "zebra2_x": 0,
                "trafcrcl_x": 0,
                "rumblesp_x": 0,
                "spdbump_x": 0,
                "pbspothr_x": 0,
                "prctbldg_x": 0,
                "swptcoth_x": 0,
                "heatlamp_x": 0,
                "pedstreet_x": 0,
                "banners_x": 0,
                "multifamtot": 0,
                "school": 0,
                "retrest": 0,
                "sdwkbuff": 0,
                "vehlanestot": 6,
                "sixlnrd": 1,
                "sixlnrdrecoded": 1,
                "implndusrecoded": 0,
                "bldgstry": 0,
                "sizeparkimi1": 0,
                "crosswalktot": 0,
                "diffrdsftot": 0,
                "pedactsgntot": 0,
                "pedcssigntot": 0,
                "schooltot": 0,
                "officestot": 1,
                "liquorbaradultcheckcashing": 0,
                "markings": 1,
                "markings2": 1,
                "vehsigs": 0,
                "vehsigs2": 1,
                "vehlanestotrecoded": 6,
                "trafcalmtot": 0,
                "markingsint": 0,
                "markingsint2": 2,
                "vehsigsint": -1,
                "vehsigs2int": 2,
                "medianint": 0,
                "trafcalmtotint": -2,
                "midcrsmarkint": 0,
                "strpmalllnt": 0,
                "retrestint": 0,
                "commothrint": 0,
                "restarntint": 0,
                "coffshopint": 0,
                "cornerstint": 0,
                "moviethint": 0,
                "barsclubint": 0,
                "culsacpedptint": 0,
                "StreetName": "Collington Rd",
                "IntersectionA": "Collington Rd & Holiday Lane",
                "IntersectionB": "Collington Rd & Evergreen Parkway",
                "name_osm": "Collington Road",
                "intersc1": "Collington Rd & Holiday Lane",
                "intersc2": "Collington Rd & Evergreen Parkway",
                "tract_geoid": "24033800516",
                "tract_name": "Census Tract 8005.16",
                "STATEFP": "24",
                "COUNTYFP": "033",
                "n_tracts": 2,
                "tract_share": 0.567,
                "match": "overlay",
                "total_pop": 3715.0,
                "median_hh_income": 124545.0,
                "median_home_value": 371100.0,
                "commuters_total": 2004.0,
                "commuters_transit": 80.0,
                "renter_no_vehicle": 13.0,
                "Unnamed: 0": 12,
                "form3norm": 91.21427155000001,
                "dens2norm": 36.92466736,
                "prox3norm": 3.604451656,
                "conn6norm": 5.019684315,
                "parks2norm": 100.0,
                "peds4norm": 55.04792786,
                "safenorm": 78.05537415000001,
                "traffic5norm": 48.1535282,
                "aesttot3norm": 55.40126038,
                "paf2norm": 22.30442047,
                "sop7norm": 59.49677332,
                " ": 0,
                "arcades_y": 0,
                "attrtve_y": 2,
                "awnings_y": 0,
                "barsclub_y": 0,
                "beach_y": 0,
                "benches_y": 0,
                "bigbox_y": 0,
                "bikelane_y": 1,
                "bikerack_y": 0,
                "bikeretl_y": 0,
                "bikeshre_y": 0,
                "billbrd_y": 1,
                "bklntype_y": 1,
                "blnkwall_y": 0,
                "buffboll_y": 0,
                "bufffence_y": 0,
                "buffpkcr_y": 0,
                "buffsttr_y": 0,
                "busstops_y": 1,
                "cardeal_y": 0,
                "chainstre_y": 0,
                "chckcash_y": 0,
                "civother_y": 0,
                "coffshop_y": 0,
                "college_y": 0,
                "comctlib_y": 0,
                "condoapt_y": 0,
                "cornerst_y": 0,
                "crosing2_y": 0,
                "croswalk_y": 0,
                "dining_y": 0,
                "dogs_y": 0,
                "driveway_y": 0,
                "drivthru_y": 0,
                "dumpster_y": 0,
                "farnermk_y": 0,
                "fastfood_y": 0,
                "financl_y": 0,
                "flatslpe_y": 1,
                "gasserv_y": 0,
                "gated_y": 2,
                "grafitti_y": 0,
                "gymfitns_y": 0,
                "hardgood_y": 0,
                "highschl_y": 0,
                "hotelhos_y": 0,
                "indsothr_y": 0,
                "insother_y": 0,
                "kinder_y": 0,
                "libbkstr_y": 0,
                "lighting_y": 1,
                "liquorst_y": 0,
                "litter_y": 0,
                "localstre_y": 0,
                "mdhvind_y": 0,
                "medicine_y": 0,
                "midblock_y": 0,
                "mlgrcer_y": 0,
                "mntbuild_y": 0,
                "movieth_y": 0,
                "mustheat_y": 0,
                "offices_y": 1,
                "ofseroth_y": 0,
                "othrrtail_y": 0,
                "othrsdwk_y": 1,
                "parkplay_y": 3,
                "pedcrs2_y": 0,
                "pedcrssgn_y": 0,
                "playsprt_y": 2,
                "plazasq_y": 0,
                "prctpkng_y": 0,
                "prdusprk_y": 0,
                "primschl_y": 0,
                "prmntbldgh_y": 0,
                "pubart_y": 0,
                "pubcivic_y": 0,
                "pubgardn_y": 0,
                "pubrestr_y": 0,
                "recoher_y": 0,
                "religion_y": 0,
                "restarnt_y": 0,
                "restaurant_y": 0,
                "schother_y": 0,
                "scndschl_y": 0,
                "sdwkcomp_y": 1,
                "sdwkshde_y": 0,
                "service_y": 0,
                "sfhatach_y": 0,
                "shopmall_y": 0,
                "sidewalk_y": 1,
                "sizeparkimi2_y": 0,
                "softgood_y": 0,
                "stopsgn2_y": 0,
                "stopsign_y": 0,
                "strpmall_y": 0,
                "strttree_y": 1,
                "stvendor_y": 0,
                "surfpkng_y": 0,
                "townhome_y": 0,
                "traffsig_y": 0,
                "trafsgn2_y": 1,
                "trcmpark_y": 0,
                "undevlnd_y": 0,
                "vehlanes_y": 6,
                "vermixus_y": 0,
                "pedactsgn_y": 0,
                "pedact2_y": 0,
                "smlgrcer_y": 0,
                "gateaccs_y": 2,
                "sdwkpave_y": 0,
                "diffrdsf_y": 0,
                "dfrdsf2_y": 0,
                "cmother_y": 1,
                "zebrastp_y": 0,
                "crsothr2_y": 1,
                "zebra2_y": 0,
                "trafcrcl_y": 0,
                "rumblesp_y": 0,
                "spdbump_y": 0,
                "pbspothr_y": 0,
                "prctbldg_y": 1,
                "swptcoth_y": 0,
                "heatlamp_y": 0,
                "pedstreet_y": 0,
                "banners_y": 0
            },
            "geometry": {
                "type": "LineString",
                "coordinates": [
                    [
                        -76.727674997054621,
                        38.94616283241848
                    ],
                    [
                        -76.729938418224435,
                        38.945979527182892
                    ]
                ]
            }
        },
        {
            "type": "Feature",
            "properties": {
                "sgmntid": 6,
                "name_2": "Mitchellville Road",
                "id": 6,
                "intersection_1_location": "38.94994309270312,-76.71805793151889",
                "intersection_2_location": "38.95004629270502,-76.72011254973847",
                "neighborhood": "Bowie Town Center",
                "Group": "Bowie Town Center",
                "layer": "Bowie_CustomMarked",
                "location_id": 6,
                "form3": 47.28638077,
                "dens2": 49.578125,
                "prox3": 42.08815765,
                "conn6": 80.5850296,
                "parks2": 0.0,
                "peds4": 5.79356432,
                "safe": 78.05537415000001,
                "traffic5": 44.30056381,
                "aesttot3": 40.2664566,
                "paf2": 8.0036898e-06,
                "sopindex7": 36.40410183,
                "zscored_form3": 11.72706032,
                "zscored_dens2": -0.03905797005,
                "zscored_prox3": 12.31360722,
                "zscored_conn6": -0.4574847817,
                "zscored_parks2": -1.480694154,
                "zscored_peds4": -14.73493671,
                "zscored_safe": -0.1753524542,
                "zscored_traffic5": -6.182826042,
                "zscored_aesttot3": -5.876646042,
                "zscored_paf2": -0.4590791464,
                "zscored_sopindex7": -27.90456066,
                "country": "USA",
                "state": "Maryland",
                "city": "Bowie",
                "surfpkng_x": 2,
                "sizeparkimi2_x": 3,
                "prctpkng_x": 2,
                "adultuse": 0,
                "arcades_x": 0,
                "attrtve_x": 1,
                "awnings_x": 0,
                "barsclub_x": 0,
                "beach_x": 0,
                "benches_x": 0,
                "bigbox_x": 1,
                "bikelane_x": 0,
                "bikerack_x": 0,
                "bikeretl_x": 0,
                "bikeshre_x": 0,
                "billbrd_x": 0,
                "bklntype_x": 0,
                "blnkwall_x": 0,
                "buffboll_x": 0,
                "bufffence_x": 0,
                "buffpkcr_x": 0,
                "buffsttr_x": 0,
                "busstops_x": 0,
                "cardeal_x": 0,
                "chainstre_x": 1,
                "chckcash_x": 0,
                "civother_x": 0,
                "coffshop_x": 0,
                "college_x": 0,
                "comctlib_x": 1,
                "condoapt_x": 0,
                "cornerst_x": 0,
                "crosing2_x": 0,
                "croswalk_x": 2,
                "dining_x": 0,
                "dogs_x": 0,
                "driveway_x": 0,
                "drivthru_x": 0,
                "dumpster_x": 0,
                "farnermk_x": 0,
                "fastfood_x": 1,
                "financl_x": 0,
                "flatslpe_x": 1,
                "gasserv_x": 0,
                "gated_x": 0,
                "grafitti_x": 0,
                "gymfitns_x": 0,
                "hardgood_x": 0,
                "highschl_x": 0,
                "hotelhos_x": 0,
                "indsothr_x": 0,
                "insother_x": 0,
                "kinder_x": 0,
                "libbkstr_x": 0,
                "lighting_x": 1,
                "liquorst_x": 0,
                "litter_x": 0,
                "localstre_x": 0,
                "mdhvind_x": 0,
                "medicine_x": 1,
                "midblock_x": 0,
                "mlgrcer_x": 0,
                "mntbuild_x": 0,
                "movieth_x": 0,
                "mustheat_x": 1,
                "offices_x": 0,
                "ofseroth_x": 0,
                "othrrtail_x": 0,
                "othrsdwk_x": 0,
                "parkplay_x": 0,
                "pedcrs2_x": 0,
                "pedcrssgn_x": 0,
                "playsprt_x": 0,
                "plazasq_x": 0,
                "prdusprk_x": 0,
                "primschl_x": 0,
                "prmntbldgh_x": 0,
                "pubart_x": 0,
                "pubcivic_x": 0,
                "pubgardn_x": 0,
                "pubrestr_x": 0,
                "recoher_x": 0,
                "religion_x": 0,
                "restarnt_x": 0,
                "restaurant_x": 1,
                "schother_x": 0,
                "scndschl_x": 0,
                "sdwkcomp_x": 0,
                "sdwkshde_x": 0,
                "service_x": 0,
                "sfhatach_x": 0,
                "shopmall_x": 0,
                "sidewalk_x": 0,
                "softgood_x": 0,
                "stopsgn2_x": 0,
                "stopsign_x": 0,
                "strpmall_x": 0,
                "strttree_x": 0,
                "stvendor_x": 0,
                "townhome_x": 1,
                "traffsig_x": 0,
                "trafsgn2_x": 0,
                "trcmpark_x": 0,
                "undevlnd_x": 0,
                "vehlanes_x": 2,
                "vermixus_x": 0,
                "pedactsgn_x": 0,
                "pedact2_x": 0,
                "smlgrcer_x": 0,
                "gateaccs_x": 0,
                "sdwkpave_x": 0,
                "diffrdsf_x": 0,
                "dfrdsf2_x": 0,
                "cmother_x": 1,
                "zebrastp_x": 0,
                "crsothr2_x": 0,
                "zebra2_x": 0,
                "trafcrcl_x": 0,
                "rumblesp_x": 0,
                "spdbump_x": 0,
                "pbspothr_x": 0,
                "prctbldg_x": 1,
                "swptcoth_x": 0,
                "heatlamp_x": 0,
                "pedstreet_x": 0,
                "banners_x": 0,
                "multifamtot": 1,
                "school": 0,
                "retrest": 1,
                "sdwkbuff": 0,
                "vehlanestot": 2,
                "sixlnrd": 0,
                "sixlnrdrecoded": 0,
                "implndusrecoded": 0,
                "bldgstry": 0,
                "sizeparkimi1": 3,
                "crosswalktot": 2,
                "diffrdsftot": 0,
                "pedactsgntot": 0,
                "pedcssigntot": 0,
                "schooltot": 0,
                "officestot": 0,
                "liquorbaradultcheckcashing": 0,
                "markings": 1,
                "markings2": 0,
                "vehsigs": 0,
                "vehsigs2": 0,
                "vehlanestotrecoded": 2,
                "trafcalmtot": 0,
                "markingsint": 2,
                "markingsint2": 1,
                "vehsigsint": 1,
                "vehsigs2int": 1,
                "medianint": 0,
                "trafcalmtotint": -1,
                "midcrsmarkint": 0,
                "strpmalllnt": 0,
                "retrestint": 1,
                "commothrint": 0,
                "restarntint": 0,
                "coffshopint": 0,
                "cornerstint": 0,
                "moviethint": 0,
                "barsclubint": 0,
                "culsacpedptint": 0,
                "StreetName": "Mitchellville Road",
                "IntersectionA": "Mitchellville Road & Crain Highway",
                "IntersectionB": "Mitchellville Road",
                "name_osm": "Mitchellville Road",
                "intersc1": "Mitchellville Road & Crain Highway",
                "intersc2": "Mitchellville Road",
                "tract_geoid": "24033800516",
                "tract_name": "Census Tract 8005.16",
                "STATEFP": "24",
                "COUNTYFP": "033",
                "n_tracts": 1,
                "tract_share": 1.0,
                "match": "overlay",
                "total_pop": 3715.0,
                "median_hh_income": 124545.0,
                "median_home_value": 371100.0,
                "commuters_total": 2004.0,
                "commuters_transit": 80.0,
                "renter_no_vehicle": 13.0,
                "Unnamed: 0": 1,
                "form3norm": 24.74619293,
                "dens2norm": 40.46805954,
                "prox3norm": 43.68162918,
                "conn6norm": 80.5850296,
                "parks2norm": 0.0,
                "peds4norm": 5.79356432,
                "safenorm": 78.05537415000001,
                "traffic5norm": 51.85872502,
                "aesttot3norm": 38.31507111,
                "paf2norm": 8.0036898e-06,
                "sop7norm": 32.66441278,
                " ": 0,
                "arcades_y": 0,
                "attrtve_y": 1,
                "awnings_y": 0,
                "barsclub_y": 0,
                "beach_y": 0,
                "benches_y": 0,
                "bigbox_y": 1,
                "bikelane_y": 0,
                "bikerack_y": 0,
                "bikeretl_y": 0,
                "bikeshre_y": 0,
                "billbrd_y": 1,
                "bklntype_y": 0,
                "blnkwall_y": 0,
                "buffboll_y": 0,
                "bufffence_y": 0,
                "buffpkcr_y": 0,
                "buffsttr_y": 0,
                "busstops_y": 0,
                "cardeal_y": 0,
                "chainstre_y": 1,
                "chckcash_y": 0,
                "civother_y": 0,
                "coffshop_y": 0,
                "college_y": 0,
                "comctlib_y": 1,
                "condoapt_y": 0,
                "cornerst_y": 0,
                "crosing2_y": 0,
                "croswalk_y": 2,
                "dining_y": 0,
                "dogs_y": 0,
                "driveway_y": 0,
                "drivthru_y": 1,
                "dumpster_y": 0,
                "farnermk_y": 0,
                "fastfood_y": 1,
                "financl_y": 0,
                "flatslpe_y": 1,
                "gasserv_y": 0,
                "gated_y": 0,
                "grafitti_y": 0,
                "gymfitns_y": 0,
                "hardgood_y": 0,
                "highschl_y": 0,
                "hotelhos_y": 0,
                "indsothr_y": 0,
                "insother_y": 0,
                "kinder_y": 0,
                "libbkstr_y": 0,
                "lighting_y": 1,
                "liquorst_y": 0,
                "litter_y": 0,
                "localstre_y": 0,
                "mdhvind_y": 0,
                "medicine_y": 1,
                "midblock_y": 0,
                "mlgrcer_y": 0,
                "mntbuild_y": 0,
                "movieth_y": 0,
                "mustheat_y": 1,
                "offices_y": 0,
                "ofseroth_y": 0,
                "othrrtail_y": 0,
                "othrsdwk_y": 0,
                "parkplay_y": 0,
                "pedcrs2_y": 0,
                "pedcrssgn_y": 0,
                "playsprt_y": 0,
                "plazasq_y": 0,
                "prctpkng_y": 2,
                "prdusprk_y": 0,
                "primschl_y": 0,
                "prmntbldgh_y": 1,
                "pubart_y": 0,
                "pubcivic_y": 0,
                "pubgardn_y": 0,
                "pubrestr_y": 0,
                "recoher_y": 0,
                "religion_y": 0,
                "restarnt_y": 1,
                "restaurant_y": 1,
                "schother_y": 0,
                "scndschl_y": 0,
                "sdwkcomp_y": 0,
                "sdwkshde_y": 0,
                "service_y": 0,
                "sfhatach_y": 0,
                "shopmall_y": 0,
                "sidewalk_y": 0,
                "sizeparkimi2_y": 3,
                "softgood_y": 0,
                "stopsgn2_y": 0,
                "stopsign_y": 0,
                "strpmall_y": 0,
                "strttree_y": 0,
                "stvendor_y": 0,
                "surfpkng_y": 2,
                "townhome_y": 1,
                "traffsig_y": 0,
                "trafsgn2_y": 0,
                "trcmpark_y": 0,
                "undevlnd_y": 0,
                "vehlanes_y": 2,
                "vermixus_y": 0,
                "pedactsgn_y": 0,
                "pedact2_y": 0,
                "smlgrcer_y": 0,
                "gateaccs_y": 0,
                "sdwkpave_y": 0,
                "diffrdsf_y": 0,
                "dfrdsf2_y": 0,
                "cmother_y": 1,
                "zebrastp_y": 0,
                "crsothr2_y": 0,
                "zebra2_y": 0,
                "trafcrcl_y": 0,
                "rumblesp_y": 0,
                "spdbump_y": 0,
                "pbspothr_y": 0,
                "prctbldg_y": 0,
                "swptcoth_y": 0,
                "heatlamp_y": 0,
                "pedstreet_y": 0,
                "banners_y": 1
            },
            "geometry": {
                "type": "LineString",
                "coordinates": [
                    [
                        -76.718057931518885,
                        38.949943092703123
                    ],
                    [
                        -76.720112549738474,
                        38.950046292705018
                    ]
                ]
            }
        },
        {
            "type": "Feature",
            "properties": {
                "sgmntid": 7,
                "name_2": "Mitchellville Road",
                "id": 7,
                "intersection_1_location": "38.950731165444886,-76.71789844060686",
                "intersection_2_location": "38.95105952908729,-76.7203940042891",
                "neighborhood": "Bowie Town Center",
                "Group": "Bowie Town Center",
                "layer": "Bowie_CustomMarked",
                "location_id": 7,
                "form3": 47.28638077,
                "dens2": 36.92466736,
                "prox3": 7.218222141,
                "conn6": 80.5850296,
                "parks2": 0.0,
                "peds4": 12.23231602,
                "safe": 17.31293869,
                "traffic5": 39.55043411,
                "aesttot3": 37.22029495,
                "paf2": 8.0036898e-06,
                "sopindex7": 20.81990752,
                "zscored_form3": 11.72706032,
                "zscored_dens2": -2.046435595,
                "zscored_prox3": -2.378357649,
                "zscored_conn6": -0.4574847817,
                "zscored_parks2": -1.480694154,
                "zscored_peds4": -11.35346031,
                "zscored_safe": -14.41761875,
                "zscored_traffic5": -8.204722404,
                "zscored_aesttot3": -7.812855721,
                "zscored_paf2": -0.4590791464,
                "zscored_sopindex7": -59.42279885,
                "country": "USA",
                "state": "Maryland",
                "city": "Bowie",
                "surfpkng_x": 2,
                "sizeparkimi2_x": 3,
                "prctpkng_x": 2,
                "adultuse": 0,
                "arcades_x": 0,
                "attrtve_x": 1,
                "awnings_x": 0,
                "barsclub_x": 0,
                "beach_x": 0,
                "benches_x": 0,
                "bigbox_x": 1,
                "bikelane_x": 0,
                "bikerack_x": 0,
                "bikeretl_x": 0,
                "bikeshre_x": 0,
                "billbrd_x": 1,
                "bklntype_x": 0,
                "blnkwall_x": 0,
                "buffboll_x": 0,
                "bufffence_x": 0,
                "buffpkcr_x": 0,
                "buffsttr_x": 0,
                "busstops_x": 0,
                "cardeal_x": 0,
                "chainstre_x": 1,
                "chckcash_x": 0,
                "civother_x": 0,
                "coffshop_x": 0,
                "college_x": 0,
                "comctlib_x": 0,
                "condoapt_x": 0,
                "cornerst_x": 0,
                "crosing2_x": 0,
                "croswalk_x": 0,
                "dining_x": 0,
                "dogs_x": 1,
                "driveway_x": 0,
                "drivthru_x": 0,
                "dumpster_x": 0,
                "farnermk_x": 0,
                "fastfood_x": 0,
                "financl_x": 0,
                "flatslpe_x": 1,
                "gasserv_x": 0,
                "gated_x": 0,
                "grafitti_x": 0,
                "gymfitns_x": 0,
                "hardgood_x": 1,
                "highschl_x": 0,
                "hotelhos_x": 0,
                "indsothr_x": 0,
                "insother_x": 0,
                "kinder_x": 0,
                "libbkstr_x": 0,
                "lighting_x": 1,
                "liquorst_x": 0,
                "litter_x": 1,
                "localstre_x": 0,
                "mdhvind_x": 0,
                "medicine_x": 0,
                "midblock_x": 0,
                "mlgrcer_x": 0,
                "mntbuild_x": 0,
                "movieth_x": 0,
                "mustheat_x": 0,
                "offices_x": 0,
                "ofseroth_x": 0,
                "othrrtail_x": 0,
                "othrsdwk_x": 1,
                "parkplay_x": 0,
                "pedcrs2_x": 0,
                "pedcrssgn_x": 0,
                "playsprt_x": 0,
                "plazasq_x": 0,
                "prdusprk_x": 0,
                "primschl_x": 0,
                "prmntbldgh_x": 0,
                "pubart_x": 0,
                "pubcivic_x": 0,
                "pubgardn_x": 0,
                "pubrestr_x": 0,
                "recoher_x": 0,
                "religion_x": 0,
                "restarnt_x": 0,
                "restaurant_x": 0,
                "schother_x": 0,
                "scndschl_x": 0,
                "sdwkcomp_x": 0,
                "sdwkshde_x": 0,
                "service_x": 1,
                "sfhatach_x": 0,
                "shopmall_x": 0,
                "sidewalk_x": 0,
                "softgood_x": 1,
                "stopsgn2_x": 0,
                "stopsign_x": 0,
                "strpmall_x": 0,
                "strttree_x": 1,
                "stvendor_x": 0,
                "townhome_x": 0,
                "traffsig_x": 0,
                "trafsgn2_x": 0,
                "trcmpark_x": 0,
                "undevlnd_x": 0,
                "vehlanes_x": 2,
                "vermixus_x": 0,
                "pedactsgn_x": 0,
                "pedact2_x": 0,
                "smlgrcer_x": 0,
                "gateaccs_x": 0,
                "sdwkpave_x": 0,
                "diffrdsf_x": 0,
                "dfrdsf2_x": 0,
                "cmother_x": 0,
                "zebrastp_x": 0,
                "crsothr2_x": 0,
                "zebra2_x": 0,
                "trafcrcl_x": 0,
                "rumblesp_x": 0,
                "spdbump_x": 0,
                "pbspothr_x": 0,
                "prctbldg_x": 1,
                "swptcoth_x": 0,
                "heatlamp_x": 0,
                "pedstreet_x": 0,
                "banners_x": 0,
                "multifamtot": 0,
                "school": 0,
                "retrest": 1,
                "sdwkbuff": 0,
                "vehlanestot": 2,
                "sixlnrd": 0,
                "sixlnrdrecoded": 0,
                "implndusrecoded": 0,
                "bldgstry": 0,
                "sizeparkimi1": 3,
                "crosswalktot": 0,
                "diffrdsftot": 0,
                "pedactsgntot": 0,
                "pedcssigntot": 0,
                "schooltot": 0,
                "officestot": 1,
                "liquorbaradultcheckcashing": 0,
                "markings": 0,
                "markings2": 0,
                "vehsigs": 0,
                "vehsigs2": 0,
                "vehlanestotrecoded": 2,
                "trafcalmtot": 0,
                "markingsint": 1,
                "markingsint2": 1,
                "vehsigsint": 1,
                "vehsigs2int": 1,
                "medianint": 0,
                "trafcalmtotint": -1,
                "midcrsmarkint": 0,
                "strpmalllnt": 0,
                "retrestint": 1,
                "commothrint": 0,
                "restarntint": 0,
                "coffshopint": 0,
                "cornerstint": 0,
                "moviethint": 0,
                "barsclubint": 0,
                "culsacpedptint": 0,
                "StreetName": "Mitchellville Road",
                "IntersectionA": "Mitchellville Road & Crain Highway",
                "IntersectionB": "Mitchellville Road",
                "name_osm": "Mitchellville Road",
                "intersc1": "Mitchellville Road & Crain Highway",
                "intersc2": "Mitchellville Road",
                "tract_geoid": "24033800516",
                "tract_name": "Census Tract 8005.16",
                "STATEFP": "24",
                "COUNTYFP": "033",
                "n_tracts": 1,
                "tract_share": 1.0,
                "match": "overlay",
                "total_pop": 3715.0,
                "median_hh_income": 124545.0,
                "median_home_value": 371100.0,
                "commuters_total": 2004.0,
                "commuters_transit": 80.0,
                "renter_no_vehicle": 13.0,
                "Unnamed: 0": 2,
                "form3norm": 47.28638077,
                "dens2norm": 42.81651306,
                "prox3norm": 7.218222141,
                "conn6norm": 80.5850296,
                "parks2norm": 0.0,
                "peds4norm": 12.23231602,
                "safenorm": 25.03993225,
                "traffic5norm": 43.02787818,
                "aesttot3norm": 34.33934784,
                "paf2norm": 8.0036898e-06,
                "sop7norm": 22.00432755,
                " ": 0,
                "arcades_y": 0,
                "attrtve_y": 1,
                "awnings_y": 0,
                "barsclub_y": 0,
                "beach_y": 0,
                "benches_y": 0,
                "bigbox_y": 1,
                "bikelane_y": 0,
                "bikerack_y": 0,
                "bikeretl_y": 0,
                "bikeshre_y": 0,
                "billbrd_y": 1,
                "bklntype_y": 0,
                "blnkwall_y": 0,
                "buffboll_y": 0,
                "bufffence_y": 0,
                "buffpkcr_y": 0,
                "buffsttr_y": 0,
                "busstops_y": 0,
                "cardeal_y": 0,
                "chainstre_y": 1,
                "chckcash_y": 0,
                "civother_y": 0,
                "coffshop_y": 0,
                "college_y": 0,
                "comctlib_y": 0,
                "condoapt_y": 0,
                "cornerst_y": 0,
                "crosing2_y": 0,
                "croswalk_y": 0,
                "dining_y": 0,
                "dogs_y": 1,
                "driveway_y": 0,
                "drivthru_y": 0,
                "dumpster_y": 1,
                "farnermk_y": 0,
                "fastfood_y": 0,
                "financl_y": 0,
                "flatslpe_y": 1,
                "gasserv_y": 0,
                "gated_y": 0,
                "grafitti_y": 0,
                "gymfitns_y": 0,
                "hardgood_y": 1,
                "highschl_y": 0,
                "hotelhos_y": 0,
                "indsothr_y": 0,
                "insother_y": 0,
                "kinder_y": 0,
                "libbkstr_y": 0,
                "lighting_y": 1,
                "liquorst_y": 0,
                "litter_y": 0,
                "localstre_y": 0,
                "mdhvind_y": 0,
                "medicine_y": 0,
                "midblock_y": 0,
                "mlgrcer_y": 0,
                "mntbuild_y": 0,
                "movieth_y": 0,
                "mustheat_y": 0,
                "offices_y": 0,
                "ofseroth_y": 0,
                "othrrtail_y": 0,
                "othrsdwk_y": 1,
                "parkplay_y": 0,
                "pedcrs2_y": 0,
                "pedcrssgn_y": 0,
                "playsprt_y": 0,
                "plazasq_y": 0,
                "prctpkng_y": 2,
                "prdusprk_y": 0,
                "primschl_y": 0,
                "prmntbldgh_y": 1,
                "pubart_y": 0,
                "pubcivic_y": 0,
                "pubgardn_y": 0,
                "pubrestr_y": 0,
                "recoher_y": 0,
                "religion_y": 0,
                "restarnt_y": 0,
                "restaurant_y": 0,
                "schother_y": 0,
                "scndschl_y": 0,
                "sdwkcomp_y": 0,
                "sdwkshde_y": 0,
                "service_y": 1,
                "sfhatach_y": 0,
                "shopmall_y": 0,
                "sidewalk_y": 0,
                "sizeparkimi2_y": 3,
                "softgood_y": 1,
                "stopsgn2_y": 0,
                "stopsign_y": 0,
                "strpmall_y": 0,
                "strttree_y": 1,
                "stvendor_y": 0,
                "surfpkng_y": 2,
                "townhome_y": 0,
                "traffsig_y": 0,
                "trafsgn2_y": 0,
                "trcmpark_y": 0,
                "undevlnd_y": 0,
                "vehlanes_y": 2,
                "vermixus_y": 0,
                "pedactsgn_y": 0,
                "pedact2_y": 0,
                "smlgrcer_y": 0,
                "gateaccs_y": 0,
                "sdwkpave_y": 0,
                "diffrdsf_y": 0,
                "dfrdsf2_y": 0,
                "cmother_y": 0,
                "zebrastp_y": 0,
                "crsothr2_y": 0,
                "zebra2_y": 0,
                "trafcrcl_y": 0,
                "rumblesp_y": 0,
                "spdbump_y": 0,
                "pbspothr_y": 0,
                "prctbldg_y": 1,
                "swptcoth_y": 0,
                "heatlamp_y": 0,
                "pedstreet_y": 0,
                "banners_y": 0
            },
            "geometry": {
                "type": "LineString",
                "coordinates": [
                    [
                        -76.717898440606859,
                        38.950731165444886
                    ],
                    [
                        -76.720394004289105,
                        38.951059529087289
                    ]
                ]
            }
        },
        {
            "type": "Feature",
            "properties": {
                "sgmntid": 8,
                "name_2": "Mitchellville Road",
                "id": 8,
                "intersection_1_location": "38.94898614723098,-76.72019698610367",
                "intersection_2_location": "38.95181945637399,-76.72030018610556",
                "neighborhood": "Bowie Town Center",
                "Group": "Bowie Town Center",
                "layer": "Bowie_CustomMarked",
                "location_id": 8,
                "form3": 47.28638077,
                "dens2": 36.92466736,
                "prox3": 7.218222141,
                "conn6": 73.1760025,
                "parks2": 0.0,
                "peds4": 21.87975121,
                "safe": 17.31293869,
                "traffic5": 46.23984909,
                "aesttot3": 37.22029495,
                "paf2": 8.0036898e-06,
                "sopindex7": 24.0098074,
                "zscored_form3": 11.72706032,
                "zscored_dens2": -2.046435595,
                "zscored_prox3": -2.378357649,
                "zscored_conn6": 1.005057454,
                "zscored_parks2": -1.480694154,
                "zscored_peds4": -6.28686142,
                "zscored_safe": -14.41761875,
                "zscored_traffic5": -5.357367992,
                "zscored_aesttot3": -7.812855721,
                "zscored_paf2": -0.4590791464,
                "zscored_sopindex7": -52.97138903,
                "country": "USA",
                "state": "Maryland",
                "city": "Bowie",
                "surfpkng_x": 2,
                "sizeparkimi2_x": 3,
                "prctpkng_x": 2,
                "adultuse": 0,
                "arcades_x": 0,
                "attrtve_x": 1,
                "awnings_x": 0,
                "barsclub_x": 0,
                "beach_x": 0,
                "benches_x": 0,
                "bigbox_x": 1,
                "bikelane_x": 0,
                "bikerack_x": 0,
                "bikeretl_x": 0,
                "bikeshre_x": 0,
                "billbrd_x": 1,
                "bklntype_x": 0,
                "blnkwall_x": 0,
                "buffboll_x": 0,
                "bufffence_x": 0,
                "buffpkcr_x": 0,
                "buffsttr_x": 0,
                "busstops_x": 0,
                "cardeal_x": 0,
                "chainstre_x": 1,
                "chckcash_x": 0,
                "civother_x": 0,
                "coffshop_x": 0,
                "college_x": 0,
                "comctlib_x": 0,
                "condoapt_x": 0,
                "cornerst_x": 0,
                "crosing2_x": 1,
                "croswalk_x": 1,
                "dining_x": 0,
                "dogs_x": 1,
                "driveway_x": 0,
                "drivthru_x": 0,
                "dumpster_x": 0,
                "farnermk_x": 0,
                "fastfood_x": 0,
                "financl_x": 0,
                "flatslpe_x": 1,
                "gasserv_x": 0,
                "gated_x": 0,
                "grafitti_x": 0,
                "gymfitns_x": 0,
                "hardgood_x": 1,
                "highschl_x": 0,
                "hotelhos_x": 0,
                "indsothr_x": 0,
                "insother_x": 0,
                "kinder_x": 0,
                "libbkstr_x": 0,
                "lighting_x": 1,
                "liquorst_x": 0,
                "litter_x": 1,
                "localstre_x": 0,
                "mdhvind_x": 0,
                "medicine_x": 0,
                "midblock_x": 0,
                "mlgrcer_x": 0,
                "mntbuild_x": 0,
                "movieth_x": 0,
                "mustheat_x": 0,
                "offices_x": 0,
                "ofseroth_x": 0,
                "othrrtail_x": 0,
                "othrsdwk_x": 1,
                "parkplay_x": 0,
                "pedcrs2_x": 0,
                "pedcrssgn_x": 0,
                "playsprt_x": 0,
                "plazasq_x": 0,
                "prdusprk_x": 0,
                "primschl_x": 0,
                "prmntbldgh_x": 0,
                "pubart_x": 0,
                "pubcivic_x": 0,
                "pubgardn_x": 0,
                "pubrestr_x": 0,
                "recoher_x": 0,
                "religion_x": 0,
                "restarnt_x": 0,
                "restaurant_x": 0,
                "schother_x": 0,
                "scndschl_x": 0,
                "sdwkcomp_x": 0,
                "sdwkshde_x": 0,
                "service_x": 1,
                "sfhatach_x": 0,
                "shopmall_x": 0,
                "sidewalk_x": 1,
                "softgood_x": 1,
                "stopsgn2_x": 0,
                "stopsign_x": 0,
                "strpmall_x": 0,
                "strttree_x": 1,
                "stvendor_x": 0,
                "townhome_x": 0,
                "traffsig_x": 1,
                "trafsgn2_x": 0,
                "trcmpark_x": 0,
                "undevlnd_x": 0,
                "vehlanes_x": 4,
                "vermixus_x": 0,
                "pedactsgn_x": 0,
                "pedact2_x": 0,
                "smlgrcer_x": 0,
                "gateaccs_x": 0,
                "sdwkpave_x": 0,
                "diffrdsf_x": 1,
                "dfrdsf2_x": 1,
                "cmother_x": 0,
                "zebrastp_x": 0,
                "crsothr2_x": 0,
                "zebra2_x": 0,
                "trafcrcl_x": 0,
                "rumblesp_x": 0,
                "spdbump_x": 0,
                "pbspothr_x": 0,
                "prctbldg_x": 1,
                "swptcoth_x": 0,
                "heatlamp_x": 0,
                "pedstreet_x": 0,
                "banners_x": 0,
                "multifamtot": 0,
                "school": 0,
                "retrest": 1,
                "sdwkbuff": 0,
                "vehlanestot": 4,
                "sixlnrd": 0,
                "sixlnrdrecoded": 0,
                "implndusrecoded": 0,
                "bldgstry": 0,
                "sizeparkimi1": 3,
                "crosswalktot": 2,
                "diffrdsftot": 2,
                "pedactsgntot": 0,
                "pedcssigntot": 0,
                "schooltot": 0,
                "officestot": 1,
                "liquorbaradultcheckcashing": 0,
                "markings": 0,
                "markings2": 0,
                "vehsigs": 1,
                "vehsigs2": 0,
                "vehlanestotrecoded": 4,
                "trafcalmtot": 0,
                "markingsint": -1,
                "markingsint2": 1,
                "vehsigsint": 2,
                "vehsigs2int": -1,
                "medianint": 0,
                "trafcalmtotint": -1,
                "midcrsmarkint": 0,
                "strpmalllnt": 0,
                "retrestint": 1,
                "commothrint": 0,
                "restarntint": 0,
                "coffshopint": 0,
                "cornerstint": 0,
                "moviethint": 0,
                "barsclubint": 0,
                "culsacpedptint": 0,
                "StreetName": "Mitchellville Road",
                "IntersectionA": "Mitchellville Road & Harbour Way",
                "IntersectionB": "Mitchellville Road & In the City with Crystal",
                "name_osm": "Mitchellville Road",
                "intersc1": "Mitchellville Road & Harbour Way",
                "intersc2": "Mitchellville Road & In the City with Crystal",
                "tract_geoid": "24033800516",
                "tract_name": "Census Tract 8005.16",
                "STATEFP": "24",
                "COUNTYFP": "033",
                "n_tracts": 1,
                "tract_share": 1.0,
                "match": "overlay",
                "total_pop": 3715.0,
                "median_hh_income": 124545.0,
                "median_home_value": 371100.0,
                "commuters_total": 2004.0,
                "commuters_transit": 80.0,
                "renter_no_vehicle": 13.0,
                "Unnamed: 0": 3,
                "form3norm": 47.28638077,
                "dens2norm": 42.81651306,
                "prox3norm": 7.218222141,
                "conn6norm": 73.1760025,
                "parks2norm": 0.0,
                "peds4norm": 21.87975121,
                "safenorm": 30.13873482,
                "traffic5norm": 61.34303725,
                "aesttot3norm": 37.35628891,
                "paf2norm": 8.0036898e-06,
                "sop7norm": 29.18031042,
                " ": 0,
                "arcades_y": 0,
                "attrtve_y": 1,
                "awnings_y": 0,
                "barsclub_y": 0,
                "beach_y": 0,
                "benches_y": 0,
                "bigbox_y": 1,
                "bikelane_y": 0,
                "bikerack_y": 0,
                "bikeretl_y": 0,
                "bikeshre_y": 0,
                "billbrd_y": 1,
                "bklntype_y": 0,
                "blnkwall_y": 0,
                "buffboll_y": 0,
                "bufffence_y": 0,
                "buffpkcr_y": 0,
                "buffsttr_y": 0,
                "busstops_y": 0,
                "cardeal_y": 0,
                "chainstre_y": 1,
                "chckcash_y": 0,
                "civother_y": 0,
                "coffshop_y": 0,
                "college_y": 0,
                "comctlib_y": 0,
                "condoapt_y": 0,
                "cornerst_y": 0,
                "crosing2_y": 1,
                "croswalk_y": 1,
                "dining_y": 0,
                "dogs_y": 1,
                "driveway_y": 0,
                "drivthru_y": 0,
                "dumpster_y": 0,
                "farnermk_y": 0,
                "fastfood_y": 0,
                "financl_y": 0,
                "flatslpe_y": 1,
                "gasserv_y": 0,
                "gated_y": 0,
                "grafitti_y": 0,
                "gymfitns_y": 0,
                "hardgood_y": 1,
                "highschl_y": 0,
                "hotelhos_y": 0,
                "indsothr_y": 0,
                "insother_y": 0,
                "kinder_y": 0,
                "libbkstr_y": 0,
                "lighting_y": 1,
                "liquorst_y": 0,
                "litter_y": 0,
                "localstre_y": 0,
                "mdhvind_y": 0,
                "medicine_y": 0,
                "midblock_y": 0,
                "mlgrcer_y": 0,
                "mntbuild_y": 0,
                "movieth_y": 0,
                "mustheat_y": 0,
                "offices_y": 0,
                "ofseroth_y": 0,
                "othrrtail_y": 0,
                "othrsdwk_y": 1,
                "parkplay_y": 0,
                "pedcrs2_y": 0,
                "pedcrssgn_y": 0,
                "playsprt_y": 0,
                "plazasq_y": 0,
                "prctpkng_y": 2,
                "prdusprk_y": 0,
                "primschl_y": 0,
                "prmntbldgh_y": 1,
                "pubart_y": 0,
                "pubcivic_y": 0,
                "pubgardn_y": 0,
                "pubrestr_y": 0,
                "recoher_y": 0,
                "religion_y": 0,
                "restarnt_y": 0,
                "restaurant_y": 0,
                "schother_y": 0,
                "scndschl_y": 0,
                "sdwkcomp_y": 0,
                "sdwkshde_y": 0,
                "service_y": 1,
                "sfhatach_y": 0,
                "shopmall_y": 0,
                "sidewalk_y": 1,
                "sizeparkimi2_y": 3,
                "softgood_y": 1,
                "stopsgn2_y": 0,
                "stopsign_y": 0,
                "strpmall_y": 0,
                "strttree_y": 1,
                "stvendor_y": 0,
                "surfpkng_y": 2,
                "townhome_y": 0,
                "traffsig_y": 1,
                "trafsgn2_y": 0,
                "trcmpark_y": 0,
                "undevlnd_y": 0,
                "vehlanes_y": 4,
                "vermixus_y": 0,
                "pedactsgn_y": 0,
                "pedact2_y": 0,
                "smlgrcer_y": 0,
                "gateaccs_y": 0,
                "sdwkpave_y": 0,
                "diffrdsf_y": 1,
                "dfrdsf2_y": 1,
                "cmother_y": 0,
                "zebrastp_y": 0,
                "crsothr2_y": 0,
                "zebra2_y": 0,
                "trafcrcl_y": 0,
                "rumblesp_y": 0,
                "spdbump_y": 0,
                "pbspothr_y": 0,
                "prctbldg_y": 1,
                "swptcoth_y": 0,
                "heatlamp_y": 0,
                "pedstreet_y": 0,
                "banners_y": 0
            },
            "geometry": {
                "type": "LineString",
                "coordinates": [
                    [
                        -76.720196986103673,
                        38.948986147230983
                    ],
                    [
                        -76.720300186105561,
                        38.95181945637399
                    ]
                ]
            }
        },
        {
            "type": "Feature",
            "properties": {
                "sgmntid": 9,
                "name_2": "Mitchellville Road",
                "id": 9,
                "intersection_1_location": "38.95187574728411,-76.7202720406505",
                "intersection_2_location": "38.952898365484735,-76.72012193155683",
                "neighborhood": "Bowie Town Center",
                "Group": "Bowie Town Center",
                "layer": "Bowie_CustomMarked",
                "location_id": 9,
                "form3": 47.27204132,
                "dens2": 21.89740181,
                "prox3": 0.0,
                "conn6": 73.1760025,
                "parks2": 0.0,
                "peds4": 5.79356432,
                "safe": 78.05537415000001,
                "traffic5": 10.32870674,
                "aesttot3": 53.04000473,
                "paf2": 8.0036898e-06,
                "sopindex7": 21.60337916,
                "zscored_form3": 11.73263645,
                "zscored_dens2": -4.430400372,
                "zscored_prox3": -5.4196558,
                "zscored_conn6": 1.005057454,
                "zscored_parks2": -1.480694154,
                "zscored_peds4": -14.73493671,
                "zscored_safe": -0.1753524542,
                "zscored_traffic5": -20.64295959,
                "zscored_aesttot3": 2.24250412,
                "zscored_paf2": -0.4590791464,
                "zscored_sopindex7": -57.83826743,
                "country": "USA",
                "state": "Maryland",
                "city": "Bowie",
                "surfpkng_x": 1,
                "sizeparkimi2_x": 2,
                "prctpkng_x": 3,
                "adultuse": 0,
                "arcades_x": 0,
                "attrtve_x": 2,
                "awnings_x": 0,
                "barsclub_x": 0,
                "beach_x": 0,
                "benches_x": 0,
                "bigbox_x": 1,
                "bikelane_x": 0,
                "bikerack_x": 0,
                "bikeretl_x": 0,
                "bikeshre_x": 0,
                "billbrd_x": 0,
                "bklntype_x": 0,
                "blnkwall_x": 0,
                "buffboll_x": 0,
                "bufffence_x": 0,
                "buffpkcr_x": 0,
                "buffsttr_x": 0,
                "busstops_x": 0,
                "cardeal_x": 0,
                "chainstre_x": 0,
                "chckcash_x": 0,
                "civother_x": 0,
                "coffshop_x": 0,
                "college_x": 0,
                "comctlib_x": 0,
                "condoapt_x": 0,
                "cornerst_x": 0,
                "crosing2_x": 0,
                "croswalk_x": 0,
                "dining_x": 0,
                "dogs_x": 0,
                "driveway_x": 0,
                "drivthru_x": 0,
                "dumpster_x": 0,
                "farnermk_x": 0,
                "fastfood_x": 0,
                "financl_x": 0,
                "flatslpe_x": 1,
                "gasserv_x": 0,
                "gated_x": 0,
                "grafitti_x": 0,
                "gymfitns_x": 0,
                "hardgood_x": 0,
                "highschl_x": 0,
                "hotelhos_x": 0,
                "indsothr_x": 0,
                "insother_x": 0,
                "kinder_x": 0,
                "libbkstr_x": 0,
                "lighting_x": 1,
                "liquorst_x": 0,
                "litter_x": 0,
                "localstre_x": 0,
                "mdhvind_x": 0,
                "medicine_x": 0,
                "midblock_x": 0,
                "mlgrcer_x": 0,
                "mntbuild_x": 0,
                "movieth_x": 0,
                "mustheat_x": 0,
                "offices_x": 0,
                "ofseroth_x": 0,
                "othrrtail_x": 0,
                "othrsdwk_x": 0,
                "parkplay_x": 0,
                "pedcrs2_x": 0,
                "pedcrssgn_x": 0,
                "playsprt_x": 0,
                "plazasq_x": 0,
                "prdusprk_x": 0,
                "primschl_x": 0,
                "prmntbldgh_x": 0,
                "pubart_x": 0,
                "pubcivic_x": 0,
                "pubgardn_x": 0,
                "pubrestr_x": 0,
                "recoher_x": 0,
                "religion_x": 0,
                "restarnt_x": 0,
                "restaurant_x": 0,
                "schother_x": 0,
                "scndschl_x": 0,
                "sdwkcomp_x": 0,
                "sdwkshde_x": 0,
                "service_x": 0,
                "sfhatach_x": 0,
                "shopmall_x": 0,
                "sidewalk_x": 0,
                "softgood_x": 0,
                "stopsgn2_x": 0,
                "stopsign_x": 0,
                "strpmall_x": 0,
                "strttree_x": 1,
                "stvendor_x": 0,
                "townhome_x": 0,
                "traffsig_x": 0,
                "trafsgn2_x": 0,
                "trcmpark_x": 0,
                "undevlnd_x": 0,
                "vehlanes_x": 4,
                "vermixus_x": 0,
                "pedactsgn_x": 0,
                "pedact2_x": 0,
                "smlgrcer_x": 0,
                "gateaccs_x": 0,
                "sdwkpave_x": 0,
                "diffrdsf_x": 0,
                "dfrdsf2_x": 0,
                "cmother_x": 0,
                "zebrastp_x": 0,
                "crsothr2_x": 0,
                "zebra2_x": 0,
                "trafcrcl_x": 0,
                "rumblesp_x": 0,
                "spdbump_x": 0,
                "pbspothr_x": 0,
                "prctbldg_x": 0,
                "swptcoth_x": 0,
                "heatlamp_x": 0,
                "pedstreet_x": 0,
                "banners_x": 0,
                "multifamtot": 0,
                "school": 0,
                "retrest": 0,
                "sdwkbuff": 0,
                "vehlanestot": 4,
                "sixlnrd": 0,
                "sixlnrdrecoded": 0,
                "implndusrecoded": 0,
                "bldgstry": 0,
                "sizeparkimi1": 2,
                "crosswalktot": 0,
                "diffrdsftot": 0,
                "pedactsgntot": 0,
                "pedcssigntot": 0,
                "schooltot": 0,
                "officestot": 0,
                "liquorbaradultcheckcashing": 0,
                "markings": 0,
                "markings2": 0,
                "vehsigs": 0,
                "vehsigs2": 0,
                "vehlanestotrecoded": 4,
                "trafcalmtot": 0,
                "markingsint": -1,
                "markingsint2": -1,
                "vehsigsint": -1,
                "vehsigs2int": -1,
                "medianint": 0,
                "trafcalmtotint": -1,
                "midcrsmarkint": 0,
                "strpmalllnt": 0,
                "retrestint": 0,
                "commothrint": 0,
                "restarntint": 0,
                "coffshopint": 0,
                "cornerstint": 0,
                "moviethint": 0,
                "barsclubint": 0,
                "culsacpedptint": 0,
                "StreetName": "Mitchellville Road",
                "IntersectionA": "Mitchellville Road & In the City with Crystal",
                "IntersectionB": "Mitchellville Road",
                "name_osm": "Mitchellville Road",
                "intersc1": "Mitchellville Road & In the City with Crystal",
                "intersc2": "Mitchellville Road",
                "tract_geoid": "24033800516",
                "tract_name": "Census Tract 8005.16",
                "STATEFP": "24",
                "COUNTYFP": "033",
                "n_tracts": 1,
                "tract_share": 1.0,
                "match": "overlay",
                "total_pop": 3715.0,
                "median_hh_income": 124545.0,
                "median_home_value": 371100.0,
                "commuters_total": 2004.0,
                "commuters_transit": 80.0,
                "renter_no_vehicle": 13.0,
                "Unnamed: 0": 4,
                "form3norm": 50.29948807,
                "dens2norm": 36.92466736,
                "prox3norm": 0.0,
                "conn6norm": 73.1760025,
                "parks2norm": 0.0,
                "peds4norm": 5.79356432,
                "safenorm": 78.05537415000001,
                "traffic5norm": 22.30011614,
                "aesttot3norm": 53.04000473,
                "paf2norm": 8.0036898e-06,
                "sop7norm": 25.88384546,
                " ": 0,
                "arcades_y": 0,
                "attrtve_y": 2,
                "awnings_y": 0,
                "barsclub_y": 0,
                "beach_y": 0,
                "benches_y": 0,
                "bigbox_y": 1,
                "bikelane_y": 0,
                "bikerack_y": 0,
                "bikeretl_y": 0,
                "bikeshre_y": 0,
                "billbrd_y": 0,
                "bklntype_y": 0,
                "blnkwall_y": 0,
                "buffboll_y": 0,
                "bufffence_y": 0,
                "buffpkcr_y": 0,
                "buffsttr_y": 0,
                "busstops_y": 0,
                "cardeal_y": 0,
                "chainstre_y": 0,
                "chckcash_y": 0,
                "civother_y": 0,
                "coffshop_y": 0,
                "college_y": 0,
                "comctlib_y": 0,
                "condoapt_y": 0,
                "cornerst_y": 0,
                "crosing2_y": 0,
                "croswalk_y": 0,
                "dining_y": 0,
                "dogs_y": 0,
                "driveway_y": 0,
                "drivthru_y": 0,
                "dumpster_y": 0,
                "farnermk_y": 0,
                "fastfood_y": 0,
                "financl_y": 0,
                "flatslpe_y": 1,
                "gasserv_y": 0,
                "gated_y": 0,
                "grafitti_y": 0,
                "gymfitns_y": 0,
                "hardgood_y": 0,
                "highschl_y": 0,
                "hotelhos_y": 0,
                "indsothr_y": 0,
                "insother_y": 0,
                "kinder_y": 0,
                "libbkstr_y": 0,
                "lighting_y": 1,
                "liquorst_y": 0,
                "litter_y": 0,
                "localstre_y": 0,
                "mdhvind_y": 0,
                "medicine_y": 0,
                "midblock_y": 0,
                "mlgrcer_y": 0,
                "mntbuild_y": 0,
                "movieth_y": 0,
                "mustheat_y": 0,
                "offices_y": 0,
                "ofseroth_y": 0,
                "othrrtail_y": 0,
                "othrsdwk_y": 0,
                "parkplay_y": 0,
                "pedcrs2_y": 0,
                "pedcrssgn_y": 0,
                "playsprt_y": 0,
                "plazasq_y": 0,
                "prctpkng_y": 3,
                "prdusprk_y": 0,
                "primschl_y": 0,
                "prmntbldgh_y": 0,
                "pubart_y": 0,
                "pubcivic_y": 0,
                "pubgardn_y": 0,
                "pubrestr_y": 0,
                "recoher_y": 0,
                "religion_y": 0,
                "restarnt_y": 0,
                "restaurant_y": 0,
                "schother_y": 0,
                "scndschl_y": 0,
                "sdwkcomp_y": 0,
                "sdwkshde_y": 0,
                "service_y": 0,
                "sfhatach_y": 0,
                "shopmall_y": 0,
                "sidewalk_y": 0,
                "sizeparkimi2_y": 2,
                "softgood_y": 0,
                "stopsgn2_y": 0,
                "stopsign_y": 0,
                "strpmall_y": 0,
                "strttree_y": 1,
                "stvendor_y": 0,
                "surfpkng_y": 1,
                "townhome_y": 0,
                "traffsig_y": 0,
                "trafsgn2_y": 0,
                "trcmpark_y": 0,
                "undevlnd_y": 0,
                "vehlanes_y": 4,
                "vermixus_y": 0,
                "pedactsgn_y": 0,
                "pedact2_y": 0,
                "smlgrcer_y": 0,
                "gateaccs_y": 0,
                "sdwkpave_y": 0,
                "diffrdsf_y": 0,
                "dfrdsf2_y": 0,
                "cmother_y": 0,
                "zebrastp_y": 0,
                "crsothr2_y": 0,
                "zebra2_y": 0,
                "trafcrcl_y": 0,
                "rumblesp_y": 0,
                "spdbump_y": 0,
                "pbspothr_y": 0,
                "prctbldg_y": 1,
                "swptcoth_y": 0,
                "heatlamp_y": 0,
                "pedstreet_y": 0,
                "banners_y": 0
            },
            "geometry": {
                "type": "LineString",
                "coordinates": [
                    [
                        -76.720272040650499,
                        38.951875747284113
                    ],
                    [
                        -76.720121931556832,
                        38.952898365484735
                    ]
                ]
            }
        },
        {
            "type": "Feature",
            "properties": {
                "sgmntid": 10,
                "name_2": "Mitchellville Road",
                "id": 10,
                "intersection_1_location": "38.9518569836474,-76.7203564770157",
                "intersection_2_location": "38.95177254728222,-76.72225160432326",
                "neighborhood": "Bowie Town Center",
                "Group": "Bowie Town Center",
                "layer": "Bowie_CustomMarked",
                "location_id": 10,
                "form3": 11.2604599,
                "dens2": 36.92466736,
                "prox3": 14.66168499,
                "conn6": 80.5850296,
                "parks2": 0.0,
                "peds4": 22.99962425,
                "safe": 78.05537415000001,
                "traffic5": 45.82553864,
                "aesttot3": 43.96963882,
                "paf2": 8.0036898e-06,
                "sopindex7": 28.72276905,
                "zscored_form3": 25.73815536,
                "zscored_dens2": -2.046435595,
                "zscored_prox3": 0.7578425407,
                "zscored_conn6": -0.4574847817,
                "zscored_parks2": -1.480694154,
                "zscored_peds4": -5.698731422,
                "zscored_safe": -0.1753524542,
                "zscored_traffic5": -5.533720493,
                "zscored_aesttot3": -3.522823334,
                "zscored_paf2": -0.4590791464,
                "zscored_sopindex7": -43.43966446,
                "country": "USA",
                "state": "Maryland",
                "city": "Bowie",
                "surfpkng_x": 2,
                "sizeparkimi2_x": 2,
                "prctpkng_x": 3,
                "adultuse": 0,
                "arcades_x": 0,
                "attrtve_x": 1,
                "awnings_x": 0,
                "barsclub_x": 0,
                "beach_x": 0,
                "benches_x": 0,
                "bigbox_x": 1,
                "bikelane_x": 0,
                "bikerack_x": 0,
                "bikeretl_x": 0,
                "bikeshre_x": 0,
                "billbrd_x": 0,
                "bklntype_x": 0,
                "blnkwall_x": 0,
                "buffboll_x": 0,
                "bufffence_x": 0,
                "buffpkcr_x": 0,
                "buffsttr_x": 0,
                "busstops_x": 0,
                "cardeal_x": 0,
                "chainstre_x": 1,
                "chckcash_x": 0,
                "civother_x": 0,
                "coffshop_x": 0,
                "college_x": 0,
                "comctlib_x": 0,
                "condoapt_x": 0,
                "cornerst_x": 0,
                "crosing2_x": 0,
                "croswalk_x": 0,
                "dining_x": 0,
                "dogs_x": 0,
                "driveway_x": 0,
                "drivthru_x": 0,
                "dumpster_x": 0,
                "farnermk_x": 0,
                "fastfood_x": 1,
                "financl_x": 0,
                "flatslpe_x": 1,
                "gasserv_x": 0,
                "gated_x": 0,
                "grafitti_x": 0,
                "gymfitns_x": 0,
                "hardgood_x": 0,
                "highschl_x": 0,
                "hotelhos_x": 0,
                "indsothr_x": 0,
                "insother_x": 0,
                "kinder_x": 0,
                "libbkstr_x": 0,
                "lighting_x": 1,
                "liquorst_x": 0,
                "litter_x": 0,
                "localstre_x": 0,
                "mdhvind_x": 0,
                "medicine_x": 1,
                "midblock_x": 0,
                "mlgrcer_x": 0,
                "mntbuild_x": 0,
                "movieth_x": 0,
                "mustheat_x": 0,
                "offices_x": 0,
                "ofseroth_x": 0,
                "othrrtail_x": 0,
                "othrsdwk_x": 0,
                "parkplay_x": 0,
                "pedcrs2_x": 0,
                "pedcrssgn_x": 0,
                "playsprt_x": 0,
                "plazasq_x": 0,
                "prdusprk_x": 0,
                "primschl_x": 0,
                "prmntbldgh_x": 0,
                "pubart_x": 0,
                "pubcivic_x": 0,
                "pubgardn_x": 0,
                "pubrestr_x": 0,
                "recoher_x": 0,
                "religion_x": 0,
                "restarnt_x": 0,
                "restaurant_x": 0,
                "schother_x": 0,
                "scndschl_x": 0,
                "sdwkcomp_x": 1,
                "sdwkshde_x": 0,
                "service_x": 0,
                "sfhatach_x": 0,
                "shopmall_x": 1,
                "sidewalk_x": 1,
                "softgood_x": 1,
                "stopsgn2_x": 0,
                "stopsign_x": 1,
                "strpmall_x": 0,
                "strttree_x": 1,
                "stvendor_x": 0,
                "townhome_x": 0,
                "traffsig_x": 0,
                "trafsgn2_x": 0,
                "trcmpark_x": 1,
                "undevlnd_x": 0,
                "vehlanes_x": 2,
                "vermixus_x": 0,
                "pedactsgn_x": 0,
                "pedact2_x": 0,
                "smlgrcer_x": 0,
                "gateaccs_x": 0,
                "sdwkpave_x": 0,
                "diffrdsf_x": 0,
                "dfrdsf2_x": 0,
                "cmother_x": 0,
                "zebrastp_x": 0,
                "crsothr2_x": 1,
                "zebra2_x": 0,
                "trafcrcl_x": 0,
                "rumblesp_x": 0,
                "spdbump_x": 0,
                "pbspothr_x": 0,
                "prctbldg_x": 1,
                "swptcoth_x": 0,
                "heatlamp_x": 0,
                "pedstreet_x": 0,
                "banners_x": 0,
                "multifamtot": 0,
                "school": 0,
                "retrest": 1,
                "sdwkbuff": 0,
                "vehlanestot": 2,
                "sixlnrd": 0,
                "sixlnrdrecoded": 0,
                "implndusrecoded": 0,
                "bldgstry": 0,
                "sizeparkimi1": 2,
                "crosswalktot": 0,
                "diffrdsftot": 0,
                "pedactsgntot": 0,
                "pedcssigntot": 0,
                "schooltot": 0,
                "officestot": 0,
                "liquorbaradultcheckcashing": 0,
                "markings": 0,
                "markings2": 1,
                "vehsigs": 1,
                "vehsigs2": 0,
                "vehlanestotrecoded": 2,
                "trafcalmtot": 0,
                "markingsint": 1,
                "markingsint2": 2,
                "vehsigsint": 0,
                "vehsigs2int": -1,
                "medianint": 0,
                "trafcalmtotint": -1,
                "midcrsmarkint": 0,
                "strpmalllnt": 0,
                "retrestint": 1,
                "commothrint": 0,
                "restarntint": 0,
                "coffshopint": 0,
                "cornerstint": 0,
                "moviethint": 0,
                "barsclubint": 0,
                "culsacpedptint": 0,
                "StreetName": "Mitchellville Road",
                "IntersectionA": "Mitchellville Road",
                "IntersectionB": "Mitchellville Road",
                "name_osm": "Mitchellville Road",
                "intersc1": "Mitchellville Road",
                "intersc2": "Mitchellville Road",
                "tract_geoid": "24033800516",
                "tract_name": "Census Tract 8005.16",
                "STATEFP": "24",
                "COUNTYFP": "033",
                "n_tracts": 1,
                "tract_share": 1.0,
                "match": "overlay",
                "total_pop": 3715.0,
                "median_hh_income": 124545.0,
                "median_home_value": 371100.0,
                "commuters_total": 2004.0,
                "commuters_transit": 80.0,
                "renter_no_vehicle": 13.0,
                "Unnamed: 0": 5,
                "form3norm": 11.2604599,
                "dens2norm": 36.92466736,
                "prox3norm": 14.66168499,
                "conn6norm": 80.5850296,
                "parks2norm": 0.0,
                "peds4norm": 22.99962425,
                "safenorm": 78.05537415000001,
                "traffic5norm": 53.6294426,
                "aesttot3norm": 43.96963882,
                "paf2norm": 8.0036898e-06,
                "sop7norm": 30.36520123,
                " ": 0,
                "arcades_y": 0,
                "attrtve_y": 1,
                "awnings_y": 0,
                "barsclub_y": 0,
                "beach_y": 0,
                "benches_y": 0,
                "bigbox_y": 1,
                "bikelane_y": 0,
                "bikerack_y": 0,
                "bikeretl_y": 0,
                "bikeshre_y": 0,
                "billbrd_y": 0,
                "bklntype_y": 0,
                "blnkwall_y": 0,
                "buffboll_y": 0,
                "bufffence_y": 0,
                "buffpkcr_y": 0,
                "buffsttr_y": 0,
                "busstops_y": 0,
                "cardeal_y": 0,
                "chainstre_y": 1,
                "chckcash_y": 0,
                "civother_y": 0,
                "coffshop_y": 0,
                "college_y": 0,
                "comctlib_y": 0,
                "condoapt_y": 0,
                "cornerst_y": 0,
                "crosing2_y": 0,
                "croswalk_y": 0,
                "dining_y": 0,
                "dogs_y": 0,
                "driveway_y": 0,
                "drivthru_y": 0,
                "dumpster_y": 0,
                "farnermk_y": 0,
                "fastfood_y": 1,
                "financl_y": 0,
                "flatslpe_y": 1,
                "gasserv_y": 0,
                "gated_y": 0,
                "grafitti_y": 0,
                "gymfitns_y": 0,
                "hardgood_y": 0,
                "highschl_y": 0,
                "hotelhos_y": 0,
                "indsothr_y": 0,
                "insother_y": 0,
                "kinder_y": 0,
                "libbkstr_y": 0,
                "lighting_y": 1,
                "liquorst_y": 0,
                "litter_y": 0,
                "localstre_y": 0,
                "mdhvind_y": 0,
                "medicine_y": 1,
                "midblock_y": 0,
                "mlgrcer_y": 0,
                "mntbuild_y": 0,
                "movieth_y": 0,
                "mustheat_y": 0,
                "offices_y": 0,
                "ofseroth_y": 0,
                "othrrtail_y": 0,
                "othrsdwk_y": 0,
                "parkplay_y": 0,
                "pedcrs2_y": 0,
                "pedcrssgn_y": 0,
                "playsprt_y": 0,
                "plazasq_y": 0,
                "prctpkng_y": 3,
                "prdusprk_y": 0,
                "primschl_y": 0,
                "prmntbldgh_y": 0,
                "pubart_y": 0,
                "pubcivic_y": 0,
                "pubgardn_y": 0,
                "pubrestr_y": 0,
                "recoher_y": 0,
                "religion_y": 0,
                "restarnt_y": 0,
                "restaurant_y": 0,
                "schother_y": 0,
                "scndschl_y": 0,
                "sdwkcomp_y": 1,
                "sdwkshde_y": 0,
                "service_y": 0,
                "sfhatach_y": 0,
                "shopmall_y": 1,
                "sidewalk_y": 1,
                "sizeparkimi2_y": 2,
                "softgood_y": 1,
                "stopsgn2_y": 0,
                "stopsign_y": 1,
                "strpmall_y": 0,
                "strttree_y": 1,
                "stvendor_y": 0,
                "surfpkng_y": 2,
                "townhome_y": 0,
                "traffsig_y": 0,
                "trafsgn2_y": 0,
                "trcmpark_y": 1,
                "undevlnd_y": 0,
                "vehlanes_y": 2,
                "vermixus_y": 0,
                "pedactsgn_y": 0,
                "pedact2_y": 0,
                "smlgrcer_y": 0,
                "gateaccs_y": 0,
                "sdwkpave_y": 0,
                "diffrdsf_y": 0,
                "dfrdsf2_y": 0,
                "cmother_y": 0,
                "zebrastp_y": 0,
                "crsothr2_y": 1,
                "zebra2_y": 0,
                "trafcrcl_y": 0,
                "rumblesp_y": 0,
                "spdbump_y": 0,
                "pbspothr_y": 0,
                "prctbldg_y": 1,
                "swptcoth_y": 0,
                "heatlamp_y": 0,
                "pedstreet_y": 0,
                "banners_y": 0
            },
            "geometry": {
                "type": "LineString",
                "coordinates": [
                    [
                        -76.720356477015699,
                        38.951856983647403
                    ],
                    [
                        -76.722251604323262,
                        38.951772547282218
                    ]
                ]
            }
        },
        {
            "type": "Feature",
            "properties": {
                "sgmntid": 11,
                "name_2": "Mitchellville Road",
                "id": 11,
                "intersection_1_location": "38.94893923813921,-76.72022513155875",
                "intersection_2_location": "38.94597458353924,-76.72195138613594",
                "neighborhood": "Bowie Town Center",
                "Group": "Bowie Town Center",
                "layer": "Bowie_CustomMarked",
                "location_id": 11,
                "form3": 76.88259125,
                "dens2": 49.578125,
                "prox3": 18.76906395,
                "conn6": 46.19221115,
                "parks2": 0.0,
                "peds4": 41.32806015,
                "safe": 68.01690674,
                "traffic5": 35.51719666,
                "aesttot3": 50.40921021,
                "paf2": 8.0036898e-06,
                "sopindex7": 43.28319056,
                "zscored_form3": 0.2165888548,
                "zscored_dens2": -0.03905797005,
                "zscored_prox3": 2.488430262,
                "zscored_conn6": 6.33165741,
                "zscored_parks2": -1.480694154,
                "zscored_peds4": 3.926920652,
                "zscored_safe": -2.529069901,
                "zscored_traffic5": -9.921469688,
                "zscored_aesttot3": 0.5703117847,
                "zscored_paf2": -0.4590791464,
                "zscored_sopindex7": -13.99195454,
                "country": "USA",
                "state": "Maryland",
                "city": "Bowie",
                "surfpkng_x": 1,
                "sizeparkimi2_x": 2,
                "prctpkng_x": 1,
                "adultuse": 0,
                "arcades_x": 0,
                "attrtve_x": 2,
                "awnings_x": 0,
                "barsclub_x": 0,
                "beach_x": 0,
                "benches_x": 0,
                "bigbox_x": 0,
                "bikelane_x": 0,
                "bikerack_x": 0,
                "bikeretl_x": 0,
                "bikeshre_x": 0,
                "billbrd_x": 0,
                "bklntype_x": 0,
                "blnkwall_x": 0,
                "buffboll_x": 0,
                "bufffence_x": 0,
                "buffpkcr_x": 0,
                "buffsttr_x": 0,
                "busstops_x": 1,
                "cardeal_x": 0,
                "chainstre_x": 1,
                "chckcash_x": 0,
                "civother_x": 0,
                "coffshop_x": 0,
                "college_x": 0,
                "comctlib_x": 0,
                "condoapt_x": 0,
                "cornerst_x": 0,
                "crosing2_x": 0,
                "croswalk_x": 2,
                "dining_x": 0,
                "dogs_x": 0,
                "driveway_x": 0,
                "drivthru_x": 0,
                "dumpster_x": 1,
                "farnermk_x": 0,
                "fastfood_x": 0,
                "financl_x": 1,
                "flatslpe_x": 1,
                "gasserv_x": 0,
                "gated_x": 0,
                "grafitti_x": 0,
                "gymfitns_x": 0,
                "hardgood_x": 1,
                "highschl_x": 0,
                "hotelhos_x": 0,
                "indsothr_x": 0,
                "insother_x": 0,
                "kinder_x": 0,
                "libbkstr_x": 0,
                "lighting_x": 1,
                "liquorst_x": 0,
                "litter_x": 0,
                "localstre_x": 0,
                "mdhvind_x": 0,
                "medicine_x": 0,
                "midblock_x": 0,
                "mlgrcer_x": 0,
                "mntbuild_x": 0,
                "movieth_x": 0,
                "mustheat_x": 0,
                "offices_x": 1,
                "ofseroth_x": 0,
                "othrrtail_x": 0,
                "othrsdwk_x": 1,
                "parkplay_x": 0,
                "pedcrs2_x": 0,
                "pedcrssgn_x": 0,
                "playsprt_x": 0,
                "plazasq_x": 0,
                "prdusprk_x": 0,
                "primschl_x": 0,
                "prmntbldgh_x": 0,
                "pubart_x": 0,
                "pubcivic_x": 0,
                "pubgardn_x": 0,
                "pubrestr_x": 0,
                "recoher_x": 0,
                "religion_x": 0,
                "restarnt_x": 0,
                "restaurant_x": 0,
                "schother_x": 0,
                "scndschl_x": 0,
                "sdwkcomp_x": 1,
                "sdwkshde_x": 1,
                "service_x": 0,
                "sfhatach_x": 0,
                "shopmall_x": 0,
                "sidewalk_x": 2,
                "softgood_x": 1,
                "stopsgn2_x": 0,
                "stopsign_x": 0,
                "strpmall_x": 0,
                "strttree_x": 1,
                "stvendor_x": 0,
                "townhome_x": 1,
                "traffsig_x": 1,
                "trafsgn2_x": 0,
                "trcmpark_x": 0,
                "undevlnd_x": 0,
                "vehlanes_x": 6,
                "vermixus_x": 0,
                "pedactsgn_x": 0,
                "pedact2_x": 0,
                "smlgrcer_x": 0,
                "gateaccs_x": 0,
                "sdwkpave_x": 0,
                "diffrdsf_x": 1,
                "dfrdsf2_x": 0,
                "cmother_x": 1,
                "zebrastp_x": 0,
                "crsothr2_x": 0,
                "zebra2_x": 0,
                "trafcrcl_x": 0,
                "rumblesp_x": 0,
                "spdbump_x": 0,
                "pbspothr_x": 0,
                "prctbldg_x": 1,
                "swptcoth_x": 0,
                "heatlamp_x": 0,
                "pedstreet_x": 0,
                "banners_x": 0,
                "multifamtot": 1,
                "school": 0,
                "retrest": 1,
                "sdwkbuff": 0,
                "vehlanestot": 6,
                "sixlnrd": 1,
                "sixlnrdrecoded": 1,
                "implndusrecoded": 0,
                "bldgstry": 0,
                "sizeparkimi1": 2,
                "crosswalktot": 2,
                "diffrdsftot": 1,
                "pedactsgntot": 0,
                "pedcssigntot": 0,
                "schooltot": 0,
                "officestot": 1,
                "liquorbaradultcheckcashing": 0,
                "markings": 1,
                "markings2": 0,
                "vehsigs": 1,
                "vehsigs2": 0,
                "vehlanestotrecoded": 6,
                "trafcalmtot": 0,
                "markingsint": 2,
                "markingsint2": 1,
                "vehsigsint": 2,
                "vehsigs2int": 1,
                "medianint": 0,
                "trafcalmtotint": -2,
                "midcrsmarkint": 0,
                "strpmalllnt": 0,
                "retrestint": 2,
                "commothrint": 0,
                "restarntint": 0,
                "coffshopint": 0,
                "cornerstint": 0,
                "moviethint": 0,
                "barsclubint": 0,
                "culsacpedptint": 0,
                "StreetName": "Mitchellville Road",
                "IntersectionA": "Mitchellville Road & Harbour Way",
                "IntersectionB": "Mitchellville Road & Heritage Blvd",
                "name_osm": "Mitchellville Road",
                "intersc1": "Mitchellville Road & Harbour Way",
                "intersc2": "Mitchellville Road & Heritage Blvd",
                "tract_geoid": "24033800516",
                "tract_name": "Census Tract 8005.16",
                "STATEFP": "24",
                "COUNTYFP": "033",
                "n_tracts": 1,
                "tract_share": 1.0,
                "match": "overlay",
                "total_pop": 3715.0,
                "median_hh_income": 124545.0,
                "median_home_value": 371100.0,
                "commuters_total": 2004.0,
                "commuters_transit": 80.0,
                "renter_no_vehicle": 13.0,
                "Unnamed: 0": 6,
                "form3norm": 70.64927673,
                "dens2norm": 46.33876038,
                "prox3norm": 18.76906395,
                "conn6norm": 46.19221115,
                "parks2norm": 0.0,
                "peds4norm": 41.32806015,
                "safenorm": 68.01690674,
                "traffic5norm": 41.35275716,
                "aesttot3norm": 50.40921021,
                "paf2norm": 8.0036898e-06,
                "sop7norm": 43.05859405,
                " ": 0,
                "arcades_y": 0,
                "attrtve_y": 2,
                "awnings_y": 0,
                "barsclub_y": 0,
                "beach_y": 0,
                "benches_y": 0,
                "bigbox_y": 0,
                "bikelane_y": 0,
                "bikerack_y": 0,
                "bikeretl_y": 0,
                "bikeshre_y": 0,
                "billbrd_y": 0,
                "bklntype_y": 0,
                "blnkwall_y": 0,
                "buffboll_y": 0,
                "bufffence_y": 0,
                "buffpkcr_y": 0,
                "buffsttr_y": 0,
                "busstops_y": 1,
                "cardeal_y": 0,
                "chainstre_y": 1,
                "chckcash_y": 0,
                "civother_y": 0,
                "coffshop_y": 0,
                "college_y": 0,
                "comctlib_y": 0,
                "condoapt_y": 0,
                "cornerst_y": 0,
                "crosing2_y": 0,
                "croswalk_y": 2,
                "dining_y": 0,
                "dogs_y": 0,
                "driveway_y": 0,
                "drivthru_y": 0,
                "dumpster_y": 1,
                "farnermk_y": 0,
                "fastfood_y": 1,
                "financl_y": 1,
                "flatslpe_y": 1,
                "gasserv_y": 0,
                "gated_y": 0,
                "grafitti_y": 0,
                "gymfitns_y": 0,
                "hardgood_y": 1,
                "highschl_y": 0,
                "hotelhos_y": 0,
                "indsothr_y": 0,
                "insother_y": 0,
                "kinder_y": 0,
                "libbkstr_y": 0,
                "lighting_y": 1,
                "liquorst_y": 0,
                "litter_y": 0,
                "localstre_y": 0,
                "mdhvind_y": 0,
                "medicine_y": 0,
                "midblock_y": 0,
                "mlgrcer_y": 0,
                "mntbuild_y": 0,
                "movieth_y": 0,
                "mustheat_y": 0,
                "offices_y": 1,
                "ofseroth_y": 0,
                "othrrtail_y": 0,
                "othrsdwk_y": 1,
                "parkplay_y": 0,
                "pedcrs2_y": 0,
                "pedcrssgn_y": 0,
                "playsprt_y": 0,
                "plazasq_y": 0,
                "prctpkng_y": 1,
                "prdusprk_y": 0,
                "primschl_y": 0,
                "prmntbldgh_y": 2,
                "pubart_y": 0,
                "pubcivic_y": 0,
                "pubgardn_y": 0,
                "pubrestr_y": 0,
                "recoher_y": 0,
                "religion_y": 0,
                "restarnt_y": 0,
                "restaurant_y": 0,
                "schother_y": 0,
                "scndschl_y": 0,
                "sdwkcomp_y": 2,
                "sdwkshde_y": 1,
                "service_y": 0,
                "sfhatach_y": 0,
                "shopmall_y": 0,
                "sidewalk_y": 2,
                "sizeparkimi2_y": 2,
                "softgood_y": 1,
                "stopsgn2_y": 0,
                "stopsign_y": 0,
                "strpmall_y": 0,
                "strttree_y": 1,
                "stvendor_y": 0,
                "surfpkng_y": 1,
                "townhome_y": 1,
                "traffsig_y": 1,
                "trafsgn2_y": 0,
                "trcmpark_y": 0,
                "undevlnd_y": 0,
                "vehlanes_y": 6,
                "vermixus_y": 0,
                "pedactsgn_y": 0,
                "pedact2_y": 0,
                "smlgrcer_y": 0,
                "gateaccs_y": 0,
                "sdwkpave_y": 0,
                "diffrdsf_y": 1,
                "dfrdsf2_y": 0,
                "cmother_y": 1,
                "zebrastp_y": 0,
                "crsothr2_y": 0,
                "zebra2_y": 0,
                "trafcrcl_y": 0,
                "rumblesp_y": 0,
                "spdbump_y": 0,
                "pbspothr_y": 0,
                "prctbldg_y": 0,
                "swptcoth_y": 0,
                "heatlamp_y": 0,
                "pedstreet_y": 0,
                "banners_y": 0
            },
            "geometry": {
                "type": "LineString",
                "coordinates": [
                    [
                        -76.720225131558749,
                        38.948939238139211
                    ],
                    [
                        -76.721951386135942,
                        38.94597458353924
                    ]
                ]
            }
        },
        {
            "type": "Feature",
            "properties": {
                "sgmntid": 12,
                "name_2": "Mitchellville Road",
                "id": 12,
                "intersection_1_location": "38.94593705626583,-76.72189509522582",
                "intersection_2_location": "38.94471741987976,-76.72315225888529",
                "neighborhood": "Bowie Town Center",
                "Group": "Bowie Town Center",
                "layer": "Bowie_CustomMarked",
                "location_id": 12,
                "form3": 76.88259125,
                "dens2": 36.92466736,
                "prox3": 9.525410652,
                "conn6": 73.1760025,
                "parks2": 0.0,
                "peds4": 41.32806015,
                "safe": 78.05537415000001,
                "traffic5": 60.57553864,
                "aesttot3": 55.31791306,
                "paf2": 8.0036898e-06,
                "sopindex7": 50.97902264,
                "zscored_form3": 0.2165888548,
                "zscored_dens2": -2.046435595,
                "zscored_prox3": -1.406255722,
                "zscored_conn6": 1.005057454,
                "zscored_parks2": -1.480694154,
                "zscored_peds4": 3.926920652,
                "zscored_safe": -0.1753524542,
                "zscored_traffic5": 0.7446226478,
                "zscored_aesttot3": 3.690393209,
                "zscored_paf2": -0.4590791464,
                "zscored_sopindex7": 1.572473368,
                "country": "USA",
                "state": "Maryland",
                "city": "Bowie",
                "surfpkng_x": 1,
                "sizeparkimi2_x": 2,
                "prctpkng_x": 1,
                "adultuse": 0,
                "arcades_x": 0,
                "attrtve_x": 2,
                "awnings_x": 0,
                "barsclub_x": 0,
                "beach_x": 0,
                "benches_x": 0,
                "bigbox_x": 0,
                "bikelane_x": 0,
                "bikerack_x": 0,
                "bikeretl_x": 0,
                "bikeshre_x": 0,
                "billbrd_x": 0,
                "bklntype_x": 0,
                "blnkwall_x": 0,
                "buffboll_x": 0,
                "bufffence_x": 0,
                "buffpkcr_x": 0,
                "buffsttr_x": 0,
                "busstops_x": 1,
                "cardeal_x": 0,
                "chainstre_x": 1,
                "chckcash_x": 0,
                "civother_x": 0,
                "coffshop_x": 0,
                "college_x": 0,
                "comctlib_x": 0,
                "condoapt_x": 0,
                "cornerst_x": 0,
                "crosing2_x": 2,
                "croswalk_x": 0,
                "dining_x": 0,
                "dogs_x": 0,
                "driveway_x": 0,
                "drivthru_x": 0,
                "dumpster_x": 0,
                "farnermk_x": 0,
                "fastfood_x": 0,
                "financl_x": 0,
                "flatslpe_x": 1,
                "gasserv_x": 0,
                "gated_x": 0,
                "grafitti_x": 0,
                "gymfitns_x": 0,
                "hardgood_x": 1,
                "highschl_x": 0,
                "hotelhos_x": 0,
                "indsothr_x": 0,
                "insother_x": 0,
                "kinder_x": 0,
                "libbkstr_x": 0,
                "lighting_x": 1,
                "liquorst_x": 0,
                "litter_x": 0,
                "localstre_x": 0,
                "mdhvind_x": 0,
                "medicine_x": 0,
                "midblock_x": 0,
                "mlgrcer_x": 0,
                "mntbuild_x": 0,
                "movieth_x": 0,
                "mustheat_x": 0,
                "offices_x": 1,
                "ofseroth_x": 0,
                "othrrtail_x": 0,
                "othrsdwk_x": 1,
                "parkplay_x": 0,
                "pedcrs2_x": 0,
                "pedcrssgn_x": 0,
                "playsprt_x": 0,
                "plazasq_x": 0,
                "prdusprk_x": 0,
                "primschl_x": 0,
                "prmntbldgh_x": 0,
                "pubart_x": 0,
                "pubcivic_x": 0,
                "pubgardn_x": 0,
                "pubrestr_x": 0,
                "recoher_x": 0,
                "religion_x": 0,
                "restarnt_x": 0,
                "restaurant_x": 0,
                "schother_x": 0,
                "scndschl_x": 0,
                "sdwkcomp_x": 1,
                "sdwkshde_x": 1,
                "service_x": 0,
                "sfhatach_x": 0,
                "shopmall_x": 0,
                "sidewalk_x": 2,
                "softgood_x": 1,
                "stopsgn2_x": 0,
                "stopsign_x": 1,
                "strpmall_x": 0,
                "strttree_x": 1,
                "stvendor_x": 0,
                "townhome_x": 0,
                "traffsig_x": 0,
                "trafsgn2_x": 1,
                "trcmpark_x": 0,
                "undevlnd_x": 0,
                "vehlanes_x": 4,
                "vermixus_x": 0,
                "pedactsgn_x": 0,
                "pedact2_x": 0,
                "smlgrcer_x": 0,
                "gateaccs_x": 0,
                "sdwkpave_x": 0,
                "diffrdsf_x": 0,
                "dfrdsf2_x": 0,
                "cmother_x": 1,
                "zebrastp_x": 0,
                "crsothr2_x": 1,
                "zebra2_x": 0,
                "trafcrcl_x": 0,
                "rumblesp_x": 0,
                "spdbump_x": 0,
                "pbspothr_x": 0,
                "prctbldg_x": 1,
                "swptcoth_x": 0,
                "heatlamp_x": 0,
                "pedstreet_x": 0,
                "banners_x": 0,
                "multifamtot": 0,
                "school": 0,
                "retrest": 1,
                "sdwkbuff": 0,
                "vehlanestot": 4,
                "sixlnrd": 0,
                "sixlnrdrecoded": 0,
                "implndusrecoded": 0,
                "bldgstry": 0,
                "sizeparkimi1": 2,
                "crosswalktot": 2,
                "diffrdsftot": 0,
                "pedactsgntot": 0,
                "pedcssigntot": 0,
                "schooltot": 0,
                "officestot": 1,
                "liquorbaradultcheckcashing": 0,
                "markings": 1,
                "markings2": 1,
                "vehsigs": 1,
                "vehsigs2": 1,
                "vehlanestotrecoded": 4,
                "trafcalmtot": 0,
                "markingsint": 2,
                "markingsint2": 2,
                "vehsigsint": 2,
                "vehsigs2int": 2,
                "medianint": 0,
                "trafcalmtotint": 0,
                "midcrsmarkint": 0,
                "strpmalllnt": 0,
                "retrestint": 2,
                "commothrint": 0,
                "restarntint": 0,
                "coffshopint": 0,
                "cornerstint": 0,
                "moviethint": 0,
                "barsclubint": 0,
                "culsacpedptint": 0,
                "StreetName": "Mitchellville Road",
                "IntersectionA": "Mitchellville Road & Heritage Blvd",
                "IntersectionB": "Mitchellville Road & Collington Rd",
                "name_osm": "Collington Road",
                "intersc1": "Mitchellville Road & Heritage Blvd",
                "intersc2": "Mitchellville Road & Collington Rd",
                "tract_geoid": "24033800516",
                "tract_name": "Census Tract 8005.16",
                "STATEFP": "24",
                "COUNTYFP": "033",
                "n_tracts": 2,
                "tract_share": 0.987,
                "match": "overlay",
                "total_pop": 3715.0,
                "median_hh_income": 124545.0,
                "median_home_value": 371100.0,
                "commuters_total": 2004.0,
                "commuters_transit": 80.0,
                "renter_no_vehicle": 13.0,
                "Unnamed: 0": 7,
                "form3norm": 76.88259125,
                "dens2norm": 54.60021591,
                "prox3norm": 9.525410652,
                "conn6norm": 73.1760025,
                "parks2norm": 0.0,
                "peds4norm": 41.32806015,
                "safenorm": 78.05537415000001,
                "traffic5norm": 54.9408143,
                "aesttot3norm": 55.31791306,
                "paf2norm": 8.0036898e-06,
                "sop7norm": 51.17960766,
                " ": 0,
                "arcades_y": 0,
                "attrtve_y": 2,
                "awnings_y": 0,
                "barsclub_y": 0,
                "beach_y": 0,
                "benches_y": 0,
                "bigbox_y": 0,
                "bikelane_y": 0,
                "bikerack_y": 0,
                "bikeretl_y": 0,
                "bikeshre_y": 0,
                "billbrd_y": 0,
                "bklntype_y": 0,
                "blnkwall_y": 0,
                "buffboll_y": 0,
                "bufffence_y": 0,
                "buffpkcr_y": 0,
                "buffsttr_y": 0,
                "busstops_y": 1,
                "cardeal_y": 0,
                "chainstre_y": 1,
                "chckcash_y": 0,
                "civother_y": 0,
                "coffshop_y": 0,
                "college_y": 0,
                "comctlib_y": 0,
                "condoapt_y": 0,
                "cornerst_y": 0,
                "crosing2_y": 2,
                "croswalk_y": 0,
                "dining_y": 0,
                "dogs_y": 0,
                "driveway_y": 0,
                "drivthru_y": 0,
                "dumpster_y": 0,
                "farnermk_y": 0,
                "fastfood_y": 0,
                "financl_y": 0,
                "flatslpe_y": 1,
                "gasserv_y": 0,
                "gated_y": 0,
                "grafitti_y": 0,
                "gymfitns_y": 0,
                "hardgood_y": 1,
                "highschl_y": 0,
                "hotelhos_y": 0,
                "indsothr_y": 0,
                "insother_y": 0,
                "kinder_y": 0,
                "libbkstr_y": 0,
                "lighting_y": 1,
                "liquorst_y": 0,
                "litter_y": 0,
                "localstre_y": 0,
                "mdhvind_y": 0,
                "medicine_y": 0,
                "midblock_y": 0,
                "mlgrcer_y": 0,
                "mntbuild_y": 0,
                "movieth_y": 0,
                "mustheat_y": 0,
                "offices_y": 1,
                "ofseroth_y": 0,
                "othrrtail_y": 0,
                "othrsdwk_y": 1,
                "parkplay_y": 0,
                "pedcrs2_y": 0,
                "pedcrssgn_y": 0,
                "playsprt_y": 0,
                "plazasq_y": 0,
                "prctpkng_y": 1,
                "prdusprk_y": 0,
                "primschl_y": 0,
                "prmntbldgh_y": 3,
                "pubart_y": 0,
                "pubcivic_y": 0,
                "pubgardn_y": 0,
                "pubrestr_y": 0,
                "recoher_y": 0,
                "religion_y": 0,
                "restarnt_y": 0,
                "restaurant_y": 0,
                "schother_y": 0,
                "scndschl_y": 0,
                "sdwkcomp_y": 2,
                "sdwkshde_y": 2,
                "service_y": 0,
                "sfhatach_y": 0,
                "shopmall_y": 0,
                "sidewalk_y": 2,
                "sizeparkimi2_y": 2,
                "softgood_y": 1,
                "stopsgn2_y": 0,
                "stopsign_y": 1,
                "strpmall_y": 0,
                "strttree_y": 1,
                "stvendor_y": 0,
                "surfpkng_y": 1,
                "townhome_y": 0,
                "traffsig_y": 0,
                "trafsgn2_y": 1,
                "trcmpark_y": 0,
                "undevlnd_y": 0,
                "vehlanes_y": 4,
                "vermixus_y": 0,
                "pedactsgn_y": 0,
                "pedact2_y": 0,
                "smlgrcer_y": 0,
                "gateaccs_y": 0,
                "sdwkpave_y": 0,
                "diffrdsf_y": 0,
                "dfrdsf2_y": 0,
                "cmother_y": 1,
                "zebrastp_y": 0,
                "crsothr2_y": 1,
                "zebra2_y": 0,
                "trafcrcl_y": 0,
                "rumblesp_y": 0,
                "spdbump_y": 0,
                "pbspothr_y": 0,
                "prctbldg_y": 1,
                "swptcoth_y": 0,
                "heatlamp_y": 0,
                "pedstreet_y": 0,
                "banners_y": 0
            },
            "geometry": {
                "type": "LineString",
                "coordinates": [
                    [
                        -76.721895095225818,
                        38.945937056265826
                    ],
                    [
                        -76.723152258885293,
                        38.944717419879758
                    ]
                ]
            }
        },
        {
            "type": "Feature",
            "properties": {
                "sgmntid": 13,
                "name_2": "Heritage Blvd",
                "id": 13,
                "intersection_1_location": "38.94566498353355,-76.71823618606763",
                "intersection_2_location": "38.945918292629116,-76.72180127704227",
                "neighborhood": "Bowie Town Center",
                "Group": "Bowie Town Center",
                "layer": "Bowie_CustomMarked",
                "location_id": 13,
                "form3": 47.69665527,
                "dens2": 49.578125,
                "prox3": 26.02968216,
                "conn6": 73.1760025,
                "parks2": 0.0,
                "peds4": 28.78187943,
                "safe": 78.05537415000001,
                "traffic5": 55.16585541,
                "aesttot3": 38.07838821,
                "paf2": 8.0036898e-06,
                "sopindex7": 39.98290269,
                "zscored_form3": 11.56749725,
                "zscored_dens2": -0.03905797005,
                "zscored_prox3": 5.547591686,
                "zscored_conn6": 1.005057454,
                "zscored_parks2": -1.480694154,
                "zscored_peds4": -2.66203022,
                "zscored_safe": -0.1753524542,
                "zscored_traffic5": -1.558010101,
                "zscored_aesttot3": -7.267431736,
                "zscored_paf2": -0.4590791464,
                "zscored_sopindex7": -20.66661845,
                "country": "USA",
                "state": "Maryland",
                "city": "Bowie",
                "surfpkng_x": 2,
                "sizeparkimi2_x": 2,
                "prctpkng_x": 2,
                "adultuse": 0,
                "arcades_x": 0,
                "attrtve_x": 0,
                "awnings_x": 0,
                "barsclub_x": 0,
                "beach_x": 0,
                "benches_x": 0,
                "bigbox_x": 1,
                "bikelane_x": 0,
                "bikerack_x": 0,
                "bikeretl_x": 0,
                "bikeshre_x": 0,
                "billbrd_x": 0,
                "bklntype_x": 0,
                "blnkwall_x": 1,
                "buffboll_x": 0,
                "bufffence_x": 0,
                "buffpkcr_x": 0,
                "buffsttr_x": 0,
                "busstops_x": 0,
                "cardeal_x": 0,
                "chainstre_x": 1,
                "chckcash_x": 0,
                "civother_x": 0,
                "coffshop_x": 1,
                "college_x": 0,
                "comctlib_x": 0,
                "condoapt_x": 0,
                "cornerst_x": 0,
                "crosing2_x": 2,
                "croswalk_x": 0,
                "dining_x": 0,
                "dogs_x": 0,
                "driveway_x": 0,
                "drivthru_x": 0,
                "dumpster_x": 0,
                "farnermk_x": 0,
                "fastfood_x": 0,
                "financl_x": 0,
                "flatslpe_x": 1,
                "gasserv_x": 0,
                "gated_x": 0,
                "grafitti_x": 0,
                "gymfitns_x": 0,
                "hardgood_x": 1,
                "highschl_x": 0,
                "hotelhos_x": 0,
                "indsothr_x": 0,
                "insother_x": 0,
                "kinder_x": 0,
                "libbkstr_x": 0,
                "lighting_x": 1,
                "liquorst_x": 0,
                "litter_x": 0,
                "localstre_x": 0,
                "mdhvind_x": 0,
                "medicine_x": 1,
                "midblock_x": 0,
                "mlgrcer_x": 0,
                "mntbuild_x": 0,
                "movieth_x": 0,
                "mustheat_x": 0,
                "offices_x": 0,
                "ofseroth_x": 0,
                "othrrtail_x": 0,
                "othrsdwk_x": 0,
                "parkplay_x": 0,
                "pedcrs2_x": 0,
                "pedcrssgn_x": 0,
                "playsprt_x": 0,
                "plazasq_x": 0,
                "prdusprk_x": 0,
                "primschl_x": 0,
                "prmntbldgh_x": 0,
                "pubart_x": 0,
                "pubcivic_x": 0,
                "pubgardn_x": 0,
                "pubrestr_x": 0,
                "recoher_x": 0,
                "religion_x": 0,
                "restarnt_x": 0,
                "restaurant_x": 1,
                "schother_x": 0,
                "scndschl_x": 0,
                "sdwkcomp_x": 1,
                "sdwkshde_x": 1,
                "service_x": 0,
                "sfhatach_x": 0,
                "shopmall_x": 0,
                "sidewalk_x": 2,
                "softgood_x": 0,
                "stopsgn2_x": 1,
                "stopsign_x": 0,
                "strpmall_x": 0,
                "strttree_x": 1,
                "stvendor_x": 0,
                "townhome_x": 1,
                "traffsig_x": 1,
                "trafsgn2_x": 0,
                "trcmpark_x": 0,
                "undevlnd_x": 0,
                "vehlanes_x": 4,
                "vermixus_x": 0,
                "pedactsgn_x": 0,
                "pedact2_x": 0,
                "smlgrcer_x": 0,
                "gateaccs_x": 0,
                "sdwkpave_x": 0,
                "diffrdsf_x": 0,
                "dfrdsf2_x": 0,
                "cmother_x": 1,
                "zebrastp_x": 0,
                "crsothr2_x": 1,
                "zebra2_x": 0,
                "trafcrcl_x": 0,
                "rumblesp_x": 0,
                "spdbump_x": 0,
                "pbspothr_x": 0,
                "prctbldg_x": 1,
                "swptcoth_x": 0,
                "heatlamp_x": 0,
                "pedstreet_x": 0,
                "banners_x": 0,
                "multifamtot": 1,
                "school": 0,
                "retrest": 1,
                "sdwkbuff": 0,
                "vehlanestot": 4,
                "sixlnrd": 0,
                "sixlnrdrecoded": 0,
                "implndusrecoded": 0,
                "bldgstry": 0,
                "sizeparkimi1": 2,
                "crosswalktot": 2,
                "diffrdsftot": 0,
                "pedactsgntot": 0,
                "pedcssigntot": 0,
                "schooltot": 0,
                "officestot": 0,
                "liquorbaradultcheckcashing": 0,
                "markings": 1,
                "markings2": 1,
                "vehsigs": 1,
                "vehsigs2": 1,
                "vehlanestotrecoded": 4,
                "trafcalmtot": 0,
                "markingsint": 2,
                "markingsint2": 2,
                "vehsigsint": 0,
                "vehsigs2int": 0,
                "medianint": 0,
                "trafcalmtotint": 0,
                "midcrsmarkint": 0,
                "strpmalllnt": 0,
                "retrestint": 1,
                "commothrint": 0,
                "restarntint": 0,
                "coffshopint": 3,
                "cornerstint": 0,
                "moviethint": 0,
                "barsclubint": 0,
                "culsacpedptint": 0,
                "StreetName": "Heritage Blvd",
                "IntersectionA": "Heritage Blvd & Mitchellville Road",
                "IntersectionB": "Heritage Blvd & Crain Highway",
                "name_osm": "Hanson Court North",
                "intersc1": "Heritage Blvd & Mitchellville Road",
                "intersc2": "Heritage Blvd & Crain Highway",
                "tract_geoid": "24033800516",
                "tract_name": "Census Tract 8005.16",
                "STATEFP": "24",
                "COUNTYFP": "033",
                "n_tracts": 1,
                "tract_share": 1.0,
                "match": "overlay",
                "total_pop": 3715.0,
                "median_hh_income": 124545.0,
                "median_home_value": 371100.0,
                "commuters_total": 2004.0,
                "commuters_transit": 80.0,
                "renter_no_vehicle": 13.0,
                "Unnamed: 0": 8,
                "form3norm": 47.69665527,
                "dens2norm": 55.40965652,
                "prox3norm": 29.23916817,
                "conn6norm": 73.1760025,
                "parks2norm": 0.0,
                "peds4norm": 28.78187943,
                "safenorm": 78.05537415000001,
                "traffic5norm": 56.41496766,
                "aesttot3norm": 30.79217911,
                "paf2norm": 8.0036898e-06,
                "sop7norm": 39.08192031,
                " ": 0,
                "arcades_y": 0,
                "attrtve_y": 0,
                "awnings_y": 0,
                "barsclub_y": 0,
                "beach_y": 0,
                "benches_y": 0,
                "bigbox_y": 1,
                "bikelane_y": 0,
                "bikerack_y": 0,
                "bikeretl_y": 0,
                "bikeshre_y": 0,
                "billbrd_y": 1,
                "bklntype_y": 0,
                "blnkwall_y": 1,
                "buffboll_y": 0,
                "bufffence_y": 0,
                "buffpkcr_y": 0,
                "buffsttr_y": 0,
                "busstops_y": 0,
                "cardeal_y": 0,
                "chainstre_y": 1,
                "chckcash_y": 0,
                "civother_y": 0,
                "coffshop_y": 1,
                "college_y": 0,
                "comctlib_y": 0,
                "condoapt_y": 0,
                "cornerst_y": 0,
                "crosing2_y": 2,
                "croswalk_y": 0,
                "dining_y": 0,
                "dogs_y": 0,
                "driveway_y": 0,
                "drivthru_y": 0,
                "dumpster_y": 0,
                "farnermk_y": 0,
                "fastfood_y": 0,
                "financl_y": 0,
                "flatslpe_y": 1,
                "gasserv_y": 0,
                "gated_y": 0,
                "grafitti_y": 0,
                "gymfitns_y": 0,
                "hardgood_y": 1,
                "highschl_y": 0,
                "hotelhos_y": 0,
                "indsothr_y": 0,
                "insother_y": 0,
                "kinder_y": 0,
                "libbkstr_y": 0,
                "lighting_y": 1,
                "liquorst_y": 0,
                "litter_y": 0,
                "localstre_y": 0,
                "mdhvind_y": 0,
                "medicine_y": 1,
                "midblock_y": 0,
                "mlgrcer_y": 0,
                "mntbuild_y": 0,
                "movieth_y": 0,
                "mustheat_y": 0,
                "offices_y": 0,
                "ofseroth_y": 0,
                "othrrtail_y": 0,
                "othrsdwk_y": 0,
                "parkplay_y": 0,
                "pedcrs2_y": 0,
                "pedcrssgn_y": 0,
                "playsprt_y": 0,
                "plazasq_y": 0,
                "prctpkng_y": 2,
                "prdusprk_y": 0,
                "primschl_y": 0,
                "prmntbldgh_y": 1,
                "pubart_y": 0,
                "pubcivic_y": 0,
                "pubgardn_y": 0,
                "pubrestr_y": 0,
                "recoher_y": 0,
                "religion_y": 0,
                "restarnt_y": 1,
                "restaurant_y": 1,
                "schother_y": 0,
                "scndschl_y": 0,
                "sdwkcomp_y": 2,
                "sdwkshde_y": 2,
                "service_y": 0,
                "sfhatach_y": 0,
                "shopmall_y": 0,
                "sidewalk_y": 2,
                "sizeparkimi2_y": 2,
                "softgood_y": 0,
                "stopsgn2_y": 1,
                "stopsign_y": 0,
                "strpmall_y": 0,
                "strttree_y": 1,
                "stvendor_y": 0,
                "surfpkng_y": 2,
                "townhome_y": 1,
                "traffsig_y": 1,
                "trafsgn2_y": 0,
                "trcmpark_y": 0,
                "undevlnd_y": 0,
                "vehlanes_y": 4,
                "vermixus_y": 0,
                "pedactsgn_y": 0,
                "pedact2_y": 0,
                "smlgrcer_y": 0,
                "gateaccs_y": 0,
                "sdwkpave_y": 0,
                "diffrdsf_y": 0,
                "dfrdsf2_y": 0,
                "cmother_y": 1,
                "zebrastp_y": 0,
                "crsothr2_y": 1,
                "zebra2_y": 0,
                "trafcrcl_y": 0,
                "rumblesp_y": 0,
                "spdbump_y": 0,
                "pbspothr_y": 0,
                "prctbldg_y": 1,
                "swptcoth_y": 0,
                "heatlamp_y": 0,
                "pedstreet_y": 0,
                "banners_y": 0
            },
            "geometry": {
                "type": "LineString",
                "coordinates": [
                    [
                        -76.718236186067628,
                        38.945664983533547
                    ],
                    [
                        -76.721801277042275,
                        38.945918292629116
                    ]
                ]
            }
        },
        {
            "type": "Feature",
            "properties": {
                "sgmntid": 14,
                "name_2": "Mitchellville Road",
                "id": 14,
                "intersection_1_location": "38.94456571222573,-76.72331094383813",
                "intersection_2_location": "38.94049579632873,-76.72745268178036",
                "neighborhood": "Bowie Town Center",
                "Group": "Bowie Town Center",
                "layer": "Bowie_CustomMarked",
                "location_id": 14,
                "form3": 91.21427155000001,
                "dens2": 65.2858429,
                "prox3": 0.0,
                "conn6": 5.019684315,
                "parks2": 0.0,
                "peds4": 48.08872223,
                "safe": 78.05537415000001,
                "traffic5": 23.41859245,
                "aesttot3": 56.06998825,
                "paf2": 8.0036898e-06,
                "sopindex7": 41.49466478,
                "zscored_form3": -5.357245922,
                "zscored_dens2": 2.452855587,
                "zscored_prox3": -5.4196558,
                "zscored_conn6": 14.45911407,
                "zscored_parks2": -1.480694154,
                "zscored_peds4": 7.477454185,
                "zscored_safe": -0.1753524542,
                "zscored_traffic5": -15.07124519,
                "zscored_aesttot3": 4.168428421,
                "zscored_paf2": -0.4590791464,
                "zscored_sopindex7": -17.60915671,
                "country": "USA",
                "state": "Maryland",
                "city": "Bowie",
                "surfpkng_x": 0,
                "sizeparkimi2_x": 0,
                "prctpkng_x": 0,
                "adultuse": 0,
                "arcades_x": 0,
                "attrtve_x": 1,
                "awnings_x": 0,
                "barsclub_x": 0,
                "beach_x": 0,
                "benches_x": 0,
                "bigbox_x": 0,
                "bikelane_x": 1,
                "bikerack_x": 0,
                "bikeretl_x": 0,
                "bikeshre_x": 0,
                "billbrd_x": 0,
                "bklntype_x": 1,
                "blnkwall_x": 0,
                "buffboll_x": 0,
                "bufffence_x": 0,
                "buffpkcr_x": 0,
                "buffsttr_x": 0,
                "busstops_x": 0,
                "cardeal_x": 0,
                "chainstre_x": 0,
                "chckcash_x": 0,
                "civother_x": 0,
                "coffshop_x": 0,
                "college_x": 0,
                "comctlib_x": 0,
                "condoapt_x": 0,
                "cornerst_x": 0,
                "crosing2_x": 0,
                "croswalk_x": 0,
                "dining_x": 0,
                "dogs_x": 0,
                "driveway_x": 0,
                "drivthru_x": 0,
                "dumpster_x": 0,
                "farnermk_x": 0,
                "fastfood_x": 0,
                "financl_x": 0,
                "flatslpe_x": 1,
                "gasserv_x": 0,
                "gated_x": 1,
                "grafitti_x": 0,
                "gymfitns_x": 0,
                "hardgood_x": 0,
                "highschl_x": 0,
                "hotelhos_x": 0,
                "indsothr_x": 0,
                "insother_x": 0,
                "kinder_x": 0,
                "libbkstr_x": 0,
                "lighting_x": 1,
                "liquorst_x": 0,
                "litter_x": 0,
                "localstre_x": 0,
                "mdhvind_x": 0,
                "medicine_x": 0,
                "midblock_x": 0,
                "mlgrcer_x": 0,
                "mntbuild_x": 0,
                "movieth_x": 0,
                "mustheat_x": 0,
                "offices_x": 0,
                "ofseroth_x": 0,
                "othrrtail_x": 0,
                "othrsdwk_x": 1,
                "parkplay_x": 0,
                "pedcrs2_x": 0,
                "pedcrssgn_x": 0,
                "playsprt_x": 0,
                "plazasq_x": 0,
                "prdusprk_x": 0,
                "primschl_x": 0,
                "prmntbldgh_x": 0,
                "pubart_x": 0,
                "pubcivic_x": 0,
                "pubgardn_x": 0,
                "pubrestr_x": 0,
                "recoher_x": 0,
                "religion_x": 0,
                "restarnt_x": 0,
                "restaurant_x": 0,
                "schother_x": 0,
                "scndschl_x": 0,
                "sdwkcomp_x": 1,
                "sdwkshde_x": 0,
                "service_x": 0,
                "sfhatach_x": 1,
                "shopmall_x": 0,
                "sidewalk_x": 2,
                "softgood_x": 0,
                "stopsgn2_x": 0,
                "stopsign_x": 0,
                "strpmall_x": 0,
                "strttree_x": 1,
                "stvendor_x": 0,
                "townhome_x": 1,
                "traffsig_x": 1,
                "trafsgn2_x": 1,
                "trcmpark_x": 0,
                "undevlnd_x": 0,
                "vehlanes_x": 6,
                "vermixus_x": 0,
                "pedactsgn_x": 0,
                "pedact2_x": 0,
                "smlgrcer_x": 0,
                "gateaccs_x": 2,
                "sdwkpave_x": 0,
                "diffrdsf_x": 0,
                "dfrdsf2_x": 0,
                "cmother_x": 1,
                "zebrastp_x": 0,
                "crsothr2_x": 1,
                "zebra2_x": 0,
                "trafcrcl_x": 0,
                "rumblesp_x": 0,
                "spdbump_x": 0,
                "pbspothr_x": 0,
                "prctbldg_x": 1,
                "swptcoth_x": 0,
                "heatlamp_x": 0,
                "pedstreet_x": 0,
                "banners_x": 0,
                "multifamtot": 1,
                "school": 0,
                "retrest": 0,
                "sdwkbuff": 0,
                "vehlanestot": 6,
                "sixlnrd": 1,
                "sixlnrdrecoded": 1,
                "implndusrecoded": 2,
                "bldgstry": 0,
                "sizeparkimi1": 0,
                "crosswalktot": 0,
                "diffrdsftot": 0,
                "pedactsgntot": 0,
                "pedcssigntot": 0,
                "schooltot": 0,
                "officestot": 0,
                "liquorbaradultcheckcashing": 0,
                "markings": 1,
                "markings2": 1,
                "vehsigs": 1,
                "vehsigs2": 1,
                "vehlanestotrecoded": 6,
                "trafcalmtot": 0,
                "markingsint": 2,
                "markingsint2": 0,
                "vehsigsint": 2,
                "vehsigs2int": 0,
                "medianint": 0,
                "trafcalmtotint": -2,
                "midcrsmarkint": 0,
                "strpmalllnt": 0,
                "retrestint": 0,
                "commothrint": 0,
                "restarntint": 0,
                "coffshopint": 0,
                "cornerstint": 0,
                "moviethint": 0,
                "barsclubint": 0,
                "culsacpedptint": 0,
                "StreetName": "Mitchellville Road",
                "IntersectionA": "Mitchellville Road & Collington Rd",
                "IntersectionB": "Mitchellville Road & Fred Robinson Way",
                "name_osm": "Collington Road",
                "intersc1": "Mitchellville Road & Collington Rd",
                "intersc2": "Mitchellville Road & Fred Robinson Way",
                "tract_geoid": "24033800520",
                "tract_name": "Census Tract 8005.20",
                "STATEFP": "24",
                "COUNTYFP": "033",
                "n_tracts": 2,
                "tract_share": 0.973,
                "match": "overlay",
                "total_pop": 2368.0,
                "median_hh_income": 86327.0,
                "median_home_value": 349100.0,
                "commuters_total": 1338.0,
                "commuters_transit": 57.0,
                "renter_no_vehicle": 0.0,
                "Unnamed: 0": 13,
                "form3norm": 84.68736267,
                "dens2norm": 62.04291534,
                "prox3norm": 0.0,
                "conn6norm": 5.019684315,
                "parks2norm": 0.0,
                "peds4norm": 48.08872223,
                "safenorm": 78.05537415000001,
                "traffic5norm": 51.55770596,
                "aesttot3norm": 48.78800201,
                "paf2norm": 8.0036898e-06,
                "sop7norm": 43.61879199,
                " ": 0,
                "arcades_y": 0,
                "attrtve_y": 1,
                "awnings_y": 0,
                "barsclub_y": 0,
                "beach_y": 0,
                "benches_y": 0,
                "bigbox_y": 0,
                "bikelane_y": 1,
                "bikerack_y": 0,
                "bikeretl_y": 0,
                "bikeshre_y": 0,
                "billbrd_y": 1,
                "bklntype_y": 1,
                "blnkwall_y": 0,
                "buffboll_y": 0,
                "bufffence_y": 0,
                "buffpkcr_y": 0,
                "buffsttr_y": 0,
                "busstops_y": 0,
                "cardeal_y": 0,
                "chainstre_y": 0,
                "chckcash_y": 0,
                "civother_y": 0,
                "coffshop_y": 0,
                "college_y": 0,
                "comctlib_y": 0,
                "condoapt_y": 0,
                "cornerst_y": 0,
                "crosing2_y": 0,
                "croswalk_y": 0,
                "dining_y": 0,
                "dogs_y": 0,
                "driveway_y": 0,
                "drivthru_y": 0,
                "dumpster_y": 0,
                "farnermk_y": 0,
                "fastfood_y": 0,
                "financl_y": 0,
                "flatslpe_y": 1,
                "gasserv_y": 0,
                "gated_y": 2,
                "grafitti_y": 0,
                "gymfitns_y": 0,
                "hardgood_y": 0,
                "highschl_y": 0,
                "hotelhos_y": 0,
                "indsothr_y": 0,
                "insother_y": 0,
                "kinder_y": 0,
                "libbkstr_y": 0,
                "lighting_y": 1,
                "liquorst_y": 0,
                "litter_y": 0,
                "localstre_y": 0,
                "mdhvind_y": 0,
                "medicine_y": 0,
                "midblock_y": 0,
                "mlgrcer_y": 0,
                "mntbuild_y": 0,
                "movieth_y": 0,
                "mustheat_y": 0,
                "offices_y": 0,
                "ofseroth_y": 0,
                "othrrtail_y": 0,
                "othrsdwk_y": 1,
                "parkplay_y": 0,
                "pedcrs2_y": 0,
                "pedcrssgn_y": 0,
                "playsprt_y": 0,
                "plazasq_y": 0,
                "prctpkng_y": 0,
                "prdusprk_y": 0,
                "primschl_y": 0,
                "prmntbldgh_y": 2,
                "pubart_y": 0,
                "pubcivic_y": 0,
                "pubgardn_y": 0,
                "pubrestr_y": 0,
                "recoher_y": 0,
                "religion_y": 0,
                "restarnt_y": 0,
                "restaurant_y": 0,
                "schother_y": 0,
                "scndschl_y": 0,
                "sdwkcomp_y": 2,
                "sdwkshde_y": 0,
                "service_y": 0,
                "sfhatach_y": 1,
                "shopmall_y": 0,
                "sidewalk_y": 2,
                "sizeparkimi2_y": 0,
                "softgood_y": 0,
                "stopsgn2_y": 0,
                "stopsign_y": 0,
                "strpmall_y": 0,
                "strttree_y": 1,
                "stvendor_y": 0,
                "surfpkng_y": 0,
                "townhome_y": 1,
                "traffsig_y": 1,
                "trafsgn2_y": 1,
                "trcmpark_y": 0,
                "undevlnd_y": 0,
                "vehlanes_y": 6,
                "vermixus_y": 0,
                "pedactsgn_y": 0,
                "pedact2_y": 0,
                "smlgrcer_y": 0,
                "gateaccs_y": 2,
                "sdwkpave_y": 0,
                "diffrdsf_y": 0,
                "dfrdsf2_y": 0,
                "cmother_y": 1,
                "zebrastp_y": 0,
                "crsothr2_y": 1,
                "zebra2_y": 0,
                "trafcrcl_y": 0,
                "rumblesp_y": 0,
                "spdbump_y": 0,
                "pbspothr_y": 0,
                "prctbldg_y": 0,
                "swptcoth_y": 0,
                "heatlamp_y": 0,
                "pedstreet_y": 0,
                "banners_y": 0
            },
            "geometry": {
                "type": "LineString",
                "coordinates": [
                    [
                        -76.723310943838129,
                        38.944565712225732
                    ],
                    [
                        -76.727452681780363,
                        38.940495796328733
                    ]
                ]
            }
        },
        {
            "type": "Feature",
            "properties": {
                "sgmntid": 15,
                "name_2": "Evergreen Parkway",
                "id": 15,
                "intersection_1_location": "38.945906390403565,-76.72994251268206",
                "intersection_2_location": "38.94348838154711,-76.73027768222651",
                "neighborhood": "Bowie Town Center",
                "Group": "Bowie Town Center",
                "layer": "Bowie_CustomMarked",
                "location_id": 15,
                "form3": 91.21427155000001,
                "dens2": 52.6337204,
                "prox3": 31.69220734,
                "conn6": 73.1760025,
                "parks2": 0.0,
                "peds4": 73.35767365,
                "safe": 78.05537415000001,
                "traffic5": 58.85352325,
                "aesttot3": 55.40126038,
                "paf2": 32.0144043,
                "sopindex7": 71.04384441000001,
                "zscored_form3": -5.357245922,
                "zscored_dens2": 0.4456898868,
                "zscored_prox3": 7.93341732,
                "zscored_conn6": 1.005057454,
                "zscored_parks2": -1.480694154,
                "zscored_peds4": 20.74809837,
                "zscored_safe": -0.1753524542,
                "zscored_traffic5": 0.01164907217,
                "zscored_aesttot3": 3.74336648,
                "zscored_paf2": 6.574189186,
                "zscored_sopindex7": 42.15255209,
                "country": "USA",
                "state": "Maryland",
                "city": "Bowie",
                "surfpkng_x": 0,
                "sizeparkimi2_x": 0,
                "prctpkng_x": 0,
                "adultuse": 0,
                "arcades_x": 0,
                "attrtve_x": 2,
                "awnings_x": 0,
                "barsclub_x": 0,
                "beach_x": 0,
                "benches_x": 0,
                "bigbox_x": 0,
                "bikelane_x": 1,
                "bikerack_x": 0,
                "bikeretl_x": 0,
                "bikeshre_x": 0,
                "billbrd_x": 1,
                "bklntype_x": 2,
                "blnkwall_x": 0,
                "buffboll_x": 0,
                "bufffence_x": 0,
                "buffpkcr_x": 0,
                "buffsttr_x": 0,
                "busstops_x": 0,
                "cardeal_x": 0,
                "chainstre_x": 0,
                "chckcash_x": 0,
                "civother_x": 0,
                "coffshop_x": 0,
                "college_x": 0,
                "comctlib_x": 1,
                "condoapt_x": 0,
                "cornerst_x": 0,
                "crosing2_x": 2,
                "croswalk_x": 2,
                "dining_x": 0,
                "dogs_x": 0,
                "driveway_x": 0,
                "drivthru_x": 0,
                "dumpster_x": 0,
                "farnermk_x": 0,
                "fastfood_x": 1,
                "financl_x": 0,
                "flatslpe_x": 1,
                "gasserv_x": 0,
                "gated_x": 0,
                "grafitti_x": 0,
                "gymfitns_x": 1,
                "hardgood_x": 0,
                "highschl_x": 0,
                "hotelhos_x": 0,
                "indsothr_x": 0,
                "insother_x": 0,
                "kinder_x": 0,
                "libbkstr_x": 0,
                "lighting_x": 1,
                "liquorst_x": 0,
                "litter_x": 0,
                "localstre_x": 0,
                "mdhvind_x": 0,
                "medicine_x": 0,
                "midblock_x": 1,
                "mlgrcer_x": 0,
                "mntbuild_x": 0,
                "movieth_x": 0,
                "mustheat_x": 0,
                "offices_x": 0,
                "ofseroth_x": 0,
                "othrrtail_x": 0,
                "othrsdwk_x": 1,
                "parkplay_x": 0,
                "pedcrs2_x": 0,
                "pedcrssgn_x": 0,
                "playsprt_x": 0,
                "plazasq_x": 0,
                "prdusprk_x": 0,
                "primschl_x": 0,
                "prmntbldgh_x": 0,
                "pubart_x": 0,
                "pubcivic_x": 1,
                "pubgardn_x": 0,
                "pubrestr_x": 0,
                "recoher_x": 0,
                "religion_x": 0,
                "restarnt_x": 0,
                "restaurant_x": 0,
                "schother_x": 0,
                "scndschl_x": 0,
                "sdwkcomp_x": 1,
                "sdwkshde_x": 1,
                "service_x": 0,
                "sfhatach_x": 1,
                "shopmall_x": 0,
                "sidewalk_x": 2,
                "softgood_x": 0,
                "stopsgn2_x": 1,
                "stopsign_x": 1,
                "strpmall_x": 0,
                "strttree_x": 1,
                "stvendor_x": 0,
                "townhome_x": 0,
                "traffsig_x": 1,
                "trafsgn2_x": 1,
                "trcmpark_x": 0,
                "undevlnd_x": 0,
                "vehlanes_x": 4,
                "vermixus_x": 0,
                "pedactsgn_x": 0,
                "pedact2_x": 0,
                "smlgrcer_x": 0,
                "gateaccs_x": 0,
                "sdwkpave_x": 0,
                "diffrdsf_x": 0,
                "dfrdsf2_x": 1,
                "cmother_x": 1,
                "zebrastp_x": 0,
                "crsothr2_x": 0,
                "zebra2_x": 0,
                "trafcrcl_x": 0,
                "rumblesp_x": 0,
                "spdbump_x": 0,
                "pbspothr_x": 0,
                "prctbldg_x": 1,
                "swptcoth_x": 0,
                "heatlamp_x": 0,
                "pedstreet_x": 0,
                "banners_x": 0,
                "multifamtot": 0,
                "school": 0,
                "retrest": 1,
                "sdwkbuff": 0,
                "vehlanestot": 4,
                "sixlnrd": 0,
                "sixlnrdrecoded": 0,
                "implndusrecoded": 0,
                "bldgstry": 0,
                "sizeparkimi1": 0,
                "crosswalktot": 4,
                "diffrdsftot": 1,
                "pedactsgntot": 0,
                "pedcssigntot": 0,
                "schooltot": 0,
                "officestot": 0,
                "liquorbaradultcheckcashing": 0,
                "markings": 1,
                "markings2": 0,
                "vehsigs": 1,
                "vehsigs2": 1,
                "vehlanestotrecoded": 4,
                "trafcalmtot": 0,
                "markingsint": 2,
                "markingsint2": -1,
                "vehsigsint": 2,
                "vehsigs2int": 2,
                "medianint": 0,
                "trafcalmtotint": 0,
                "midcrsmarkint": 1,
                "strpmalllnt": 0,
                "retrestint": 2,
                "commothrint": 0,
                "restarntint": 0,
                "coffshopint": 0,
                "cornerstint": 0,
                "moviethint": 0,
                "barsclubint": 0,
                "culsacpedptint": 0,
                "StreetName": "Evergreen Parkway",
                "IntersectionA": "Evergreen Parkway & Collington Rd",
                "IntersectionB": "Evergreen Parkway & Fred Robinson Way",
                "name_osm": "Evergreen Parkway",
                "intersc1": "Evergreen Parkway & Collington Rd",
                "intersc2": "Evergreen Parkway & Fred Robinson Way",
                "tract_geoid": "24033800516",
                "tract_name": "Census Tract 8005.16",
                "STATEFP": "24",
                "COUNTYFP": "033",
                "n_tracts": 1,
                "tract_share": 1.0,
                "match": "overlay",
                "total_pop": 3715.0,
                "median_hh_income": 124545.0,
                "median_home_value": 371100.0,
                "commuters_total": 2004.0,
                "commuters_transit": 80.0,
                "renter_no_vehicle": 13.0,
                "Unnamed: 0": 14,
                "form3norm": 84.68736267,
                "dens2norm": 49.39270782,
                "prox3norm": 31.69220734,
                "conn6norm": 73.1760025,
                "parks2norm": 0.0,
                "peds4norm": 73.35767365,
                "safenorm": 78.05537415000001,
                "traffic5norm": 65.97563747,
                "aesttot3norm": 55.40126038,
                "paf2norm": 32.0144043,
                "sop7norm": 71.03343024,
                " ": 0,
                "arcades_y": 0,
                "attrtve_y": 2,
                "awnings_y": 0,
                "barsclub_y": 0,
                "beach_y": 0,
                "benches_y": 0,
                "bigbox_y": 0,
                "bikelane_y": 1,
                "bikerack_y": 0,
                "bikeretl_y": 0,
                "bikeshre_y": 0,
                "billbrd_y": 1,
                "bklntype_y": 2,
                "blnkwall_y": 0,
                "buffboll_y": 0,
                "bufffence_y": 0,
                "buffpkcr_y": 0,
                "buffsttr_y": 0,
                "busstops_y": 0,
                "cardeal_y": 0,
                "chainstre_y": 0,
                "chckcash_y": 0,
                "civother_y": 0,
                "coffshop_y": 0,
                "college_y": 0,
                "comctlib_y": 1,
                "condoapt_y": 0,
                "cornerst_y": 0,
                "crosing2_y": 2,
                "croswalk_y": 2,
                "dining_y": 0,
                "dogs_y": 0,
                "driveway_y": 0,
                "drivthru_y": 0,
                "dumpster_y": 0,
                "farnermk_y": 0,
                "fastfood_y": 1,
                "financl_y": 0,
                "flatslpe_y": 1,
                "gasserv_y": 0,
                "gated_y": 0,
                "grafitti_y": 0,
                "gymfitns_y": 1,
                "hardgood_y": 0,
                "highschl_y": 0,
                "hotelhos_y": 0,
                "indsothr_y": 0,
                "insother_y": 0,
                "kinder_y": 0,
                "libbkstr_y": 0,
                "lighting_y": 1,
                "liquorst_y": 0,
                "litter_y": 0,
                "localstre_y": 0,
                "mdhvind_y": 0,
                "medicine_y": 0,
                "midblock_y": 1,
                "mlgrcer_y": 0,
                "mntbuild_y": 0,
                "movieth_y": 0,
                "mustheat_y": 0,
                "offices_y": 0,
                "ofseroth_y": 0,
                "othrrtail_y": 0,
                "othrsdwk_y": 1,
                "parkplay_y": 0,
                "pedcrs2_y": 0,
                "pedcrssgn_y": 0,
                "playsprt_y": 0,
                "plazasq_y": 0,
                "prctpkng_y": 0,
                "prdusprk_y": 0,
                "primschl_y": 0,
                "prmntbldgh_y": 2,
                "pubart_y": 0,
                "pubcivic_y": 1,
                "pubgardn_y": 0,
                "pubrestr_y": 0,
                "recoher_y": 0,
                "religion_y": 0,
                "restarnt_y": 0,
                "restaurant_y": 0,
                "schother_y": 0,
                "scndschl_y": 0,
                "sdwkcomp_y": 2,
                "sdwkshde_y": 1,
                "service_y": 0,
                "sfhatach_y": 1,
                "shopmall_y": 0,
                "sidewalk_y": 2,
                "sizeparkimi2_y": 0,
                "softgood_y": 0,
                "stopsgn2_y": 1,
                "stopsign_y": 1,
                "strpmall_y": 0,
                "strttree_y": 1,
                "stvendor_y": 0,
                "surfpkng_y": 0,
                "townhome_y": 0,
                "traffsig_y": 1,
                "trafsgn2_y": 1,
                "trcmpark_y": 0,
                "undevlnd_y": 0,
                "vehlanes_y": 4,
                "vermixus_y": 0,
                "pedactsgn_y": 0,
                "pedact2_y": 0,
                "smlgrcer_y": 0,
                "gateaccs_y": 0,
                "sdwkpave_y": 0,
                "diffrdsf_y": 0,
                "dfrdsf2_y": 1,
                "cmother_y": 1,
                "zebrastp_y": 0,
                "crsothr2_y": 0,
                "zebra2_y": 0,
                "trafcrcl_y": 0,
                "rumblesp_y": 0,
                "spdbump_y": 0,
                "pbspothr_y": 0,
                "prctbldg_y": 0,
                "swptcoth_y": 0,
                "heatlamp_y": 0,
                "pedstreet_y": 0,
                "banners_y": 0
            },
            "geometry": {
                "type": "LineString",
                "coordinates": [
                    [
                        -76.729942512682058,
                        38.945906390403565
                    ],
                    [
                        -76.730277682226514,
                        38.943488381547112
                    ]
                ]
            }
        },
        {
            "type": "Feature",
            "properties": {
                "sgmntid": 16,
                "name_2": "Fred Robinson Way",
                "id": 16,
                "intersection_1_location": "38.94348838154711,-76.73022980086303",
                "intersection_2_location": "38.94059155905572,-76.72740480041688",
                "neighborhood": "Bowie Town Center",
                "Group": "Bowie Town Center",
                "layer": "Bowie_CustomMarked",
                "location_id": 16,
                "form3": 87.06694794000001,
                "dens2": 65.2858429,
                "prox3": 25.46281242,
                "conn6": 73.1760025,
                "parks2": 0.0,
                "peds4": 37.87346649,
                "safe": 78.05537415000001,
                "traffic5": 68.68630981,
                "aesttot3": 61.43137741,
                "paf2": 8.0036898e-06,
                "sopindex7": 61.21369645,
                "zscored_form3": -3.744279861,
                "zscored_dens2": 2.452855587,
                "zscored_prox3": 5.308748245,
                "zscored_conn6": 1.005057454,
                "zscored_parks2": -1.480694154,
                "zscored_peds4": 2.112652302,
                "zscored_safe": -0.1753524542,
                "zscored_traffic5": 4.196978092,
                "zscored_aesttot3": 7.576247692,
                "zscored_paf2": -0.4590791464,
                "zscored_sopindex7": 22.27157917,
                "country": "USA",
                "state": "Maryland",
                "city": "Bowie",
                "surfpkng_x": 0,
                "sizeparkimi2_x": 0,
                "prctpkng_x": 0,
                "adultuse": 0,
                "arcades_x": 0,
                "attrtve_x": 2,
                "awnings_x": 0,
                "barsclub_x": 0,
                "beach_x": 0,
                "benches_x": 0,
                "bigbox_x": 0,
                "bikelane_x": 0,
                "bikerack_x": 0,
                "bikeretl_x": 0,
                "bikeshre_x": 0,
                "billbrd_x": 0,
                "bklntype_x": 0,
                "blnkwall_x": 0,
                "buffboll_x": 1,
                "bufffence_x": 0,
                "buffpkcr_x": 0,
                "buffsttr_x": 0,
                "busstops_x": 0,
                "cardeal_x": 0,
                "chainstre_x": 0,
                "chckcash_x": 0,
                "civother_x": 1,
                "coffshop_x": 0,
                "college_x": 0,
                "comctlib_x": 0,
                "condoapt_x": 0,
                "cornerst_x": 0,
                "crosing2_x": 2,
                "croswalk_x": 1,
                "dining_x": 0,
                "dogs_x": 0,
                "driveway_x": 1,
                "drivthru_x": 0,
                "dumpster_x": 0,
                "farnermk_x": 0,
                "fastfood_x": 0,
                "financl_x": 0,
                "flatslpe_x": 1,
                "gasserv_x": 0,
                "gated_x": 0,
                "grafitti_x": 0,
                "gymfitns_x": 0,
                "hardgood_x": 0,
                "highschl_x": 0,
                "hotelhos_x": 0,
                "indsothr_x": 0,
                "insother_x": 0,
                "kinder_x": 0,
                "libbkstr_x": 0,
                "lighting_x": 1,
                "liquorst_x": 0,
                "litter_x": 0,
                "localstre_x": 0,
                "mdhvind_x": 0,
                "medicine_x": 0,
                "midblock_x": 0,
                "mlgrcer_x": 0,
                "mntbuild_x": 0,
                "movieth_x": 0,
                "mustheat_x": 0,
                "offices_x": 0,
                "ofseroth_x": 0,
                "othrrtail_x": 0,
                "othrsdwk_x": 1,
                "parkplay_x": 0,
                "pedcrs2_x": 0,
                "pedcrssgn_x": 0,
                "playsprt_x": 0,
                "plazasq_x": 0,
                "prdusprk_x": 0,
                "primschl_x": 0,
                "prmntbldgh_x": 0,
                "pubart_x": 0,
                "pubcivic_x": 1,
                "pubgardn_x": 0,
                "pubrestr_x": 0,
                "recoher_x": 0,
                "religion_x": 0,
                "restarnt_x": 0,
                "restaurant_x": 0,
                "schother_x": 0,
                "scndschl_x": 0,
                "sdwkcomp_x": 1,
                "sdwkshde_x": 0,
                "service_x": 0,
                "sfhatach_x": 1,
                "shopmall_x": 0,
                "sidewalk_x": 2,
                "softgood_x": 0,
                "stopsgn2_x": 0,
                "stopsign_x": 1,
                "strpmall_x": 0,
                "strttree_x": 1,
                "stvendor_x": 0,
                "townhome_x": 1,
                "traffsig_x": 0,
                "trafsgn2_x": 1,
                "trcmpark_x": 1,
                "undevlnd_x": 0,
                "vehlanes_x": 4,
                "vermixus_x": 0,
                "pedactsgn_x": 0,
                "pedact2_x": 0,
                "smlgrcer_x": 0,
                "gateaccs_x": 0,
                "sdwkpave_x": 0,
                "diffrdsf_x": 0,
                "dfrdsf2_x": 1,
                "cmother_x": 0,
                "zebrastp_x": 0,
                "crsothr2_x": 1,
                "zebra2_x": 0,
                "trafcrcl_x": 0,
                "rumblesp_x": 0,
                "spdbump_x": 0,
                "pbspothr_x": 0,
                "prctbldg_x": 1,
                "swptcoth_x": 0,
                "heatlamp_x": 0,
                "pedstreet_x": 0,
                "banners_x": 0,
                "multifamtot": 1,
                "school": 0,
                "retrest": 0,
                "sdwkbuff": 1,
                "vehlanestot": 4,
                "sixlnrd": 0,
                "sixlnrdrecoded": 0,
                "implndusrecoded": 0,
                "bldgstry": 0,
                "sizeparkimi1": 0,
                "crosswalktot": 3,
                "diffrdsftot": 1,
                "pedactsgntot": 0,
                "pedcssigntot": 0,
                "schooltot": 0,
                "officestot": 0,
                "liquorbaradultcheckcashing": 0,
                "markings": 0,
                "markings2": 1,
                "vehsigs": 1,
                "vehsigs2": 1,
                "vehlanestotrecoded": 4,
                "trafcalmtot": 0,
                "markingsint": 1,
                "markingsint2": 2,
                "vehsigsint": 2,
                "vehsigs2int": 2,
                "medianint": 0,
                "trafcalmtotint": 0,
                "midcrsmarkint": 0,
                "strpmalllnt": 0,
                "retrestint": 0,
                "commothrint": 0,
                "restarntint": 0,
                "coffshopint": 0,
                "cornerstint": 0,
                "moviethint": 0,
                "barsclubint": 0,
                "culsacpedptint": 0,
                "StreetName": "Fred Robinson Way",
                "IntersectionA": "Fred Robinson Way & Evergreen Parkway",
                "IntersectionB": "Fred Robinson Way & Mitchellville Road",
                "name_osm": "Excalibur Road",
                "intersc1": "Fred Robinson Way & Evergreen Parkway",
                "intersc2": "Fred Robinson Way & Mitchellville Road",
                "tract_geoid": "24033800516",
                "tract_name": "Census Tract 8005.16",
                "STATEFP": "24",
                "COUNTYFP": "033",
                "n_tracts": 2,
                "tract_share": 0.975,
                "match": "overlay",
                "total_pop": 3715.0,
                "median_hh_income": 124545.0,
                "median_home_value": 371100.0,
                "commuters_total": 2004.0,
                "commuters_transit": 80.0,
                "renter_no_vehicle": 13.0,
                "Unnamed: 0": 15,
                "form3norm": 87.06694794000001,
                "dens2norm": 77.07122803,
                "prox3norm": 25.46281242,
                "conn6norm": 73.1760025,
                "parks2norm": 0.0,
                "peds4norm": 37.87346649,
                "safenorm": 78.05537415000001,
                "traffic5norm": 64.91957647,
                "aesttot3norm": 66.69819641,
                "paf2norm": 8.0036898e-06,
                "sop7norm": 63.00066614,
                " ": 0,
                "arcades_y": 0,
                "attrtve_y": 2,
                "awnings_y": 0,
                "barsclub_y": 0,
                "beach_y": 0,
                "benches_y": 0,
                "bigbox_y": 0,
                "bikelane_y": 0,
                "bikerack_y": 0,
                "bikeretl_y": 0,
                "bikeshre_y": 0,
                "billbrd_y": 0,
                "bklntype_y": 0,
                "blnkwall_y": 0,
                "buffboll_y": 1,
                "bufffence_y": 0,
                "buffpkcr_y": 0,
                "buffsttr_y": 0,
                "busstops_y": 0,
                "cardeal_y": 0,
                "chainstre_y": 0,
                "chckcash_y": 0,
                "civother_y": 1,
                "coffshop_y": 0,
                "college_y": 0,
                "comctlib_y": 0,
                "condoapt_y": 0,
                "cornerst_y": 0,
                "crosing2_y": 2,
                "croswalk_y": 1,
                "dining_y": 0,
                "dogs_y": 0,
                "driveway_y": 1,
                "drivthru_y": 0,
                "dumpster_y": 0,
                "farnermk_y": 0,
                "fastfood_y": 0,
                "financl_y": 0,
                "flatslpe_y": 1,
                "gasserv_y": 0,
                "gated_y": 0,
                "grafitti_y": 0,
                "gymfitns_y": 0,
                "hardgood_y": 0,
                "highschl_y": 0,
                "hotelhos_y": 0,
                "indsothr_y": 0,
                "insother_y": 0,
                "kinder_y": 0,
                "libbkstr_y": 0,
                "lighting_y": 1,
                "liquorst_y": 0,
                "litter_y": 0,
                "localstre_y": 0,
                "mdhvind_y": 0,
                "medicine_y": 0,
                "midblock_y": 0,
                "mlgrcer_y": 0,
                "mntbuild_y": 0,
                "movieth_y": 0,
                "mustheat_y": 0,
                "offices_y": 0,
                "ofseroth_y": 0,
                "othrrtail_y": 0,
                "othrsdwk_y": 1,
                "parkplay_y": 0,
                "pedcrs2_y": 0,
                "pedcrssgn_y": 0,
                "playsprt_y": 0,
                "plazasq_y": 0,
                "prctpkng_y": 0,
                "prdusprk_y": 0,
                "primschl_y": 0,
                "prmntbldgh_y": 2,
                "pubart_y": 0,
                "pubcivic_y": 1,
                "pubgardn_y": 0,
                "pubrestr_y": 0,
                "recoher_y": 0,
                "religion_y": 0,
                "restarnt_y": 0,
                "restaurant_y": 0,
                "schother_y": 0,
                "scndschl_y": 0,
                "sdwkcomp_y": 2,
                "sdwkshde_y": 0,
                "service_y": 0,
                "sfhatach_y": 1,
                "shopmall_y": 0,
                "sidewalk_y": 2,
                "sizeparkimi2_y": 0,
                "softgood_y": 0,
                "stopsgn2_y": 0,
                "stopsign_y": 1,
                "strpmall_y": 0,
                "strttree_y": 1,
                "stvendor_y": 0,
                "surfpkng_y": 0,
                "townhome_y": 1,
                "traffsig_y": 0,
                "trafsgn2_y": 1,
                "trcmpark_y": 1,
                "undevlnd_y": 0,
                "vehlanes_y": 4,
                "vermixus_y": 0,
                "pedactsgn_y": 0,
                "pedact2_y": 0,
                "smlgrcer_y": 0,
                "gateaccs_y": 0,
                "sdwkpave_y": 0,
                "diffrdsf_y": 0,
                "dfrdsf2_y": 1,
                "cmother_y": 0,
                "zebrastp_y": 0,
                "crsothr2_y": 1,
                "zebra2_y": 0,
                "trafcrcl_y": 0,
                "rumblesp_y": 0,
                "spdbump_y": 0,
                "pbspothr_y": 0,
                "prctbldg_y": 1,
                "swptcoth_y": 0,
                "heatlamp_y": 0,
                "pedstreet_y": 0,
                "banners_y": 1
            },
            "geometry": {
                "type": "LineString",
                "coordinates": [
                    [
                        -76.730229800863029,
                        38.943488381547112
                    ],
                    [
                        -76.727404800416878,
                        38.940591559055719
                    ]
                ]
            }
        },
        {
            "type": "Feature",
            "properties": {
                "sgmntid": 17,
                "name_2": "Evergreen Parkway",
                "id": 17,
                "intersection_1_location": "38.94286592382169,-76.73255204699248",
                "intersection_2_location": "38.94351232222886,-76.73025374154477",
                "neighborhood": "Bowie Town Center",
                "Group": "Bowie Town Center",
                "layer": "Bowie_CustomMarked",
                "location_id": 17,
                "form3": 71.06182861000001,
                "dens2": 49.578125,
                "prox3": 2.794286013,
                "conn6": 80.5850296,
                "parks2": 0.0,
                "peds4": 46.0038147,
                "safe": 78.05537415000001,
                "traffic5": 68.05527496000001,
                "aesttot3": 56.06998825,
                "paf2": 8.0036898e-06,
                "sopindex7": 53.19783764,
                "zscored_form3": 2.480384111,
                "zscored_dens2": -0.03905797005,
                "zscored_prox3": -4.242321968,
                "zscored_conn6": -0.4574847817,
                "zscored_parks2": -1.480694154,
                "zscored_peds4": 6.382513046,
                "zscored_safe": -0.1753524542,
                "zscored_traffic5": 3.928377151,
                "zscored_aesttot3": 4.168428421,
                "zscored_paf2": -0.4590791464,
                "zscored_sopindex7": 6.059913537,
                "country": "USA",
                "state": "Maryland",
                "city": "Bowie",
                "surfpkng_x": 0,
                "sizeparkimi2_x": 0,
                "prctpkng_x": 0,
                "adultuse": 0,
                "arcades_x": 0,
                "attrtve_x": 1,
                "awnings_x": 0,
                "barsclub_x": 0,
                "beach_x": 0,
                "benches_x": 0,
                "bigbox_x": 1,
                "bikelane_x": 1,
                "bikerack_x": 0,
                "bikeretl_x": 0,
                "bikeshre_x": 0,
                "billbrd_x": 0,
                "bklntype_x": 2,
                "blnkwall_x": 0,
                "buffboll_x": 0,
                "bufffence_x": 0,
                "buffpkcr_x": 0,
                "buffsttr_x": 0,
                "busstops_x": 0,
                "cardeal_x": 0,
                "chainstre_x": 1,
                "chckcash_x": 0,
                "civother_x": 0,
                "coffshop_x": 0,
                "college_x": 0,
                "comctlib_x": 0,
                "condoapt_x": 0,
                "cornerst_x": 0,
                "crosing2_x": 2,
                "croswalk_x": 1,
                "dining_x": 0,
                "dogs_x": 0,
                "driveway_x": 0,
                "drivthru_x": 0,
                "dumpster_x": 0,
                "farnermk_x": 0,
                "fastfood_x": 0,
                "financl_x": 0,
                "flatslpe_x": 1,
                "gasserv_x": 0,
                "gated_x": 0,
                "grafitti_x": 0,
                "gymfitns_x": 0,
                "hardgood_x": 0,
                "highschl_x": 0,
                "hotelhos_x": 0,
                "indsothr_x": 0,
                "insother_x": 0,
                "kinder_x": 0,
                "libbkstr_x": 0,
                "lighting_x": 1,
                "liquorst_x": 0,
                "litter_x": 0,
                "localstre_x": 0,
                "mdhvind_x": 0,
                "medicine_x": 0,
                "midblock_x": 0,
                "mlgrcer_x": 0,
                "mntbuild_x": 0,
                "movieth_x": 0,
                "mustheat_x": 0,
                "offices_x": 0,
                "ofseroth_x": 0,
                "othrrtail_x": 0,
                "othrsdwk_x": 1,
                "parkplay_x": 0,
                "pedcrs2_x": 0,
                "pedcrssgn_x": 0,
                "playsprt_x": 0,
                "plazasq_x": 0,
                "prdusprk_x": 0,
                "primschl_x": 0,
                "prmntbldgh_x": 0,
                "pubart_x": 0,
                "pubcivic_x": 0,
                "pubgardn_x": 0,
                "pubrestr_x": 0,
                "recoher_x": 0,
                "religion_x": 0,
                "restarnt_x": 0,
                "restaurant_x": 0,
                "schother_x": 0,
                "scndschl_x": 0,
                "sdwkcomp_x": 1,
                "sdwkshde_x": 0,
                "service_x": 0,
                "sfhatach_x": 0,
                "shopmall_x": 0,
                "sidewalk_x": 1,
                "softgood_x": 1,
                "stopsgn2_x": 1,
                "stopsign_x": 0,
                "strpmall_x": 0,
                "strttree_x": 1,
                "stvendor_x": 0,
                "townhome_x": 1,
                "traffsig_x": 0,
                "trafsgn2_x": 0,
                "trcmpark_x": 0,
                "undevlnd_x": 0,
                "vehlanes_x": 2,
                "vermixus_x": 0,
                "pedactsgn_x": 0,
                "pedact2_x": 0,
                "smlgrcer_x": 0,
                "gateaccs_x": 0,
                "sdwkpave_x": 0,
                "diffrdsf_x": 0,
                "dfrdsf2_x": 1,
                "cmother_x": 1,
                "zebrastp_x": 0,
                "crsothr2_x": 0,
                "zebra2_x": 0,
                "trafcrcl_x": 0,
                "rumblesp_x": 0,
                "spdbump_x": 0,
                "pbspothr_x": 0,
                "prctbldg_x": 1,
                "swptcoth_x": 0,
                "heatlamp_x": 0,
                "pedstreet_x": 0,
                "banners_x": 0,
                "multifamtot": 1,
                "school": 0,
                "retrest": 1,
                "sdwkbuff": 0,
                "vehlanestot": 2,
                "sixlnrd": 0,
                "sixlnrdrecoded": 0,
                "implndusrecoded": 0,
                "bldgstry": 0,
                "sizeparkimi1": 0,
                "crosswalktot": 3,
                "diffrdsftot": 1,
                "pedactsgntot": 0,
                "pedcssigntot": 0,
                "schooltot": 0,
                "officestot": 0,
                "liquorbaradultcheckcashing": 0,
                "markings": 1,
                "markings2": 0,
                "vehsigs": 0,
                "vehsigs2": 1,
                "vehlanestotrecoded": 2,
                "trafcalmtot": 0,
                "markingsint": 2,
                "markingsint2": 1,
                "vehsigsint": 1,
                "vehsigs2int": 2,
                "medianint": 0,
                "trafcalmtotint": 1,
                "midcrsmarkint": 0,
                "strpmalllnt": 0,
                "retrestint": 1,
                "commothrint": 0,
                "restarntint": 0,
                "coffshopint": 0,
                "cornerstint": 0,
                "moviethint": 0,
                "barsclubint": 0,
                "culsacpedptint": 0,
                "StreetName": "Evergreen Parkway",
                "IntersectionA": "Evergreen Parkway",
                "IntersectionB": "Evergreen Parkway & Fred Robinson Way",
                "name_osm": "Evergreen Parkway",
                "intersc1": "Evergreen Parkway",
                "intersc2": "Evergreen Parkway & Fred Robinson Way",
                "tract_geoid": "24033800516",
                "tract_name": "Census Tract 8005.16",
                "STATEFP": "24",
                "COUNTYFP": "033",
                "n_tracts": 1,
                "tract_share": 1.0,
                "match": "overlay",
                "total_pop": 3715.0,
                "median_hh_income": 124545.0,
                "median_home_value": 371100.0,
                "commuters_total": 2004.0,
                "commuters_transit": 80.0,
                "renter_no_vehicle": 13.0,
                "Unnamed: 0": 16,
                "form3norm": 66.27536774,
                "dens2norm": 40.46805954,
                "prox3norm": 2.794286013,
                "conn6norm": 80.5850296,
                "parks2norm": 0.0,
                "peds4norm": 46.0038147,
                "safenorm": 78.05537415000001,
                "traffic5norm": 65.77759744,
                "aesttot3norm": 56.06998825,
                "paf2norm": 8.0036898e-06,
                "sop7norm": 51.08343349,
                " ": 0,
                "arcades_y": 0,
                "attrtve_y": 1,
                "awnings_y": 0,
                "barsclub_y": 0,
                "beach_y": 0,
                "benches_y": 0,
                "bigbox_y": 1,
                "bikelane_y": 1,
                "bikerack_y": 0,
                "bikeretl_y": 0,
                "bikeshre_y": 0,
                "billbrd_y": 0,
                "bklntype_y": 2,
                "blnkwall_y": 0,
                "buffboll_y": 0,
                "bufffence_y": 0,
                "buffpkcr_y": 0,
                "buffsttr_y": 0,
                "busstops_y": 0,
                "cardeal_y": 0,
                "chainstre_y": 1,
                "chckcash_y": 0,
                "civother_y": 0,
                "coffshop_y": 0,
                "college_y": 0,
                "comctlib_y": 0,
                "condoapt_y": 0,
                "cornerst_y": 0,
                "crosing2_y": 2,
                "croswalk_y": 1,
                "dining_y": 0,
                "dogs_y": 0,
                "driveway_y": 0,
                "drivthru_y": 0,
                "dumpster_y": 0,
                "farnermk_y": 0,
                "fastfood_y": 0,
                "financl_y": 0,
                "flatslpe_y": 1,
                "gasserv_y": 0,
                "gated_y": 0,
                "grafitti_y": 0,
                "gymfitns_y": 0,
                "hardgood_y": 0,
                "highschl_y": 0,
                "hotelhos_y": 0,
                "indsothr_y": 0,
                "insother_y": 0,
                "kinder_y": 0,
                "libbkstr_y": 0,
                "lighting_y": 1,
                "liquorst_y": 0,
                "litter_y": 0,
                "localstre_y": 0,
                "mdhvind_y": 0,
                "medicine_y": 0,
                "midblock_y": 0,
                "mlgrcer_y": 0,
                "mntbuild_y": 0,
                "movieth_y": 0,
                "mustheat_y": 0,
                "offices_y": 0,
                "ofseroth_y": 0,
                "othrrtail_y": 0,
                "othrsdwk_y": 1,
                "parkplay_y": 0,
                "pedcrs2_y": 0,
                "pedcrssgn_y": 0,
                "playsprt_y": 0,
                "plazasq_y": 0,
                "prctpkng_y": 0,
                "prdusprk_y": 0,
                "primschl_y": 0,
                "prmntbldgh_y": 1,
                "pubart_y": 0,
                "pubcivic_y": 0,
                "pubgardn_y": 0,
                "pubrestr_y": 0,
                "recoher_y": 0,
                "religion_y": 0,
                "restarnt_y": 0,
                "restaurant_y": 0,
                "schother_y": 0,
                "scndschl_y": 0,
                "sdwkcomp_y": 1,
                "sdwkshde_y": 0,
                "service_y": 0,
                "sfhatach_y": 0,
                "shopmall_y": 0,
                "sidewalk_y": 1,
                "sizeparkimi2_y": 0,
                "softgood_y": 1,
                "stopsgn2_y": 1,
                "stopsign_y": 0,
                "strpmall_y": 0,
                "strttree_y": 1,
                "stvendor_y": 0,
                "surfpkng_y": 0,
                "townhome_y": 1,
                "traffsig_y": 0,
                "trafsgn2_y": 0,
                "trcmpark_y": 0,
                "undevlnd_y": 0,
                "vehlanes_y": 2,
                "vermixus_y": 0,
                "pedactsgn_y": 0,
                "pedact2_y": 0,
                "smlgrcer_y": 0,
                "gateaccs_y": 0,
                "sdwkpave_y": 0,
                "diffrdsf_y": 0,
                "dfrdsf2_y": 1,
                "cmother_y": 1,
                "zebrastp_y": 0,
                "crsothr2_y": 0,
                "zebra2_y": 0,
                "trafcrcl_y": 0,
                "rumblesp_y": 0,
                "spdbump_y": 0,
                "pbspothr_y": 0,
                "prctbldg_y": 0,
                "swptcoth_y": 0,
                "heatlamp_y": 0,
                "pedstreet_y": 0,
                "banners_y": 0
            },
            "geometry": {
                "type": "LineString",
                "coordinates": [
                    [
                        -76.732552046992481,
                        38.942865923821692
                    ],
                    [
                        -76.730253741544772,
                        38.943512322228862
                    ]
                ]
            }
        },
        {
            "type": "Feature",
            "properties": {
                "sgmntid": 18,
                "name_2": "Emerald Lane",
                "id": 18,
                "intersection_1_location": "38.944613593589224,-76.72991857200032",
                "intersection_2_location": "38.944469949498746,-76.73269569108297",
                "neighborhood": "Bowie Town Center",
                "Group": "Bowie Town Center",
                "layer": "Bowie_CustomMarked",
                "location_id": 18,
                "form3": 43.81639481,
                "dens2": 49.578125,
                "prox3": 13.90979004,
                "conn6": 80.5850296,
                "parks2": 0.0,
                "peds4": 34.38680649,
                "safe": 78.05537415000001,
                "traffic5": 53.20851135,
                "aesttot3": 35.84070969,
                "paf2": 8.0036898e-06,
                "sopindex7": 37.77518428,
                "zscored_form3": 13.07659626,
                "zscored_dens2": -0.03905797005,
                "zscored_prox3": 0.441042155,
                "zscored_conn6": -0.4574847817,
                "zscored_parks2": -1.480694154,
                "zscored_peds4": 0.2815400362,
                "zscored_safe": -0.1753524542,
                "zscored_traffic5": -2.391155958,
                "zscored_aesttot3": -8.68974781,
                "zscored_paf2": -0.4590791464,
                "zscored_sopindex7": -25.13161633,
                "country": "USA",
                "state": "Maryland",
                "city": "Bowie",
                "surfpkng_x": 2,
                "sizeparkimi2_x": 2,
                "prctpkng_x": 3,
                "adultuse": 0,
                "arcades_x": 0,
                "attrtve_x": 1,
                "awnings_x": 1,
                "barsclub_x": 0,
                "beach_x": 0,
                "benches_x": 0,
                "bigbox_x": 1,
                "bikelane_x": 1,
                "bikerack_x": 0,
                "bikeretl_x": 0,
                "bikeshre_x": 0,
                "billbrd_x": 1,
                "bklntype_x": 2,
                "blnkwall_x": 0,
                "buffboll_x": 0,
                "bufffence_x": 0,
                "buffpkcr_x": 0,
                "buffsttr_x": 0,
                "busstops_x": 0,
                "cardeal_x": 0,
                "chainstre_x": 1,
                "chckcash_x": 0,
                "civother_x": 0,
                "coffshop_x": 0,
                "college_x": 0,
                "comctlib_x": 1,
                "condoapt_x": 0,
                "cornerst_x": 0,
                "crosing2_x": 2,
                "croswalk_x": 0,
                "dining_x": 0,
                "dogs_x": 0,
                "driveway_x": 0,
                "drivthru_x": 0,
                "dumpster_x": 0,
                "farnermk_x": 0,
                "fastfood_x": 1,
                "financl_x": 0,
                "flatslpe_x": 1,
                "gasserv_x": 0,
                "gated_x": 0,
                "grafitti_x": 0,
                "gymfitns_x": 0,
                "hardgood_x": 1,
                "highschl_x": 0,
                "hotelhos_x": 0,
                "indsothr_x": 0,
                "insother_x": 0,
                "kinder_x": 0,
                "libbkstr_x": 0,
                "lighting_x": 1,
                "liquorst_x": 0,
                "litter_x": 0,
                "localstre_x": 1,
                "mdhvind_x": 0,
                "medicine_x": 0,
                "midblock_x": 0,
                "mlgrcer_x": 0,
                "mntbuild_x": 0,
                "movieth_x": 0,
                "mustheat_x": 0,
                "offices_x": 0,
                "ofseroth_x": 0,
                "othrrtail_x": 0,
                "othrsdwk_x": 0,
                "parkplay_x": 0,
                "pedcrs2_x": 0,
                "pedcrssgn_x": 0,
                "playsprt_x": 0,
                "plazasq_x": 0,
                "prdusprk_x": 0,
                "primschl_x": 0,
                "prmntbldgh_x": 0,
                "pubart_x": 0,
                "pubcivic_x": 0,
                "pubgardn_x": 0,
                "pubrestr_x": 0,
                "recoher_x": 0,
                "religion_x": 0,
                "restarnt_x": 0,
                "restaurant_x": 1,
                "schother_x": 0,
                "scndschl_x": 0,
                "sdwkcomp_x": 0,
                "sdwkshde_x": 1,
                "service_x": 0,
                "sfhatach_x": 0,
                "shopmall_x": 0,
                "sidewalk_x": 1,
                "softgood_x": 1,
                "stopsgn2_x": 1,
                "stopsign_x": 0,
                "strpmall_x": 0,
                "strttree_x": 1,
                "stvendor_x": 0,
                "townhome_x": 1,
                "traffsig_x": 0,
                "trafsgn2_x": 0,
                "trcmpark_x": 1,
                "undevlnd_x": 0,
                "vehlanes_x": 2,
                "vermixus_x": 0,
                "pedactsgn_x": 0,
                "pedact2_x": 0,
                "smlgrcer_x": 0,
                "gateaccs_x": 0,
                "sdwkpave_x": 0,
                "diffrdsf_x": 0,
                "dfrdsf2_x": 1,
                "cmother_x": 0,
                "zebrastp_x": 0,
                "crsothr2_x": 0,
                "zebra2_x": 0,
                "trafcrcl_x": 0,
                "rumblesp_x": 0,
                "spdbump_x": 0,
                "pbspothr_x": 0,
                "prctbldg_x": 1,
                "swptcoth_x": 0,
                "heatlamp_x": 0,
                "pedstreet_x": 0,
                "banners_x": 0,
                "multifamtot": 1,
                "school": 0,
                "retrest": 1,
                "sdwkbuff": 0,
                "vehlanestot": 2,
                "sixlnrd": 0,
                "sixlnrdrecoded": 0,
                "implndusrecoded": 0,
                "bldgstry": 0,
                "sizeparkimi1": 2,
                "crosswalktot": 2,
                "diffrdsftot": 1,
                "pedactsgntot": 0,
                "pedcssigntot": 0,
                "schooltot": 0,
                "officestot": 0,
                "liquorbaradultcheckcashing": 0,
                "markings": 0,
                "markings2": 0,
                "vehsigs": 0,
                "vehsigs2": 1,
                "vehlanestotrecoded": 2,
                "trafcalmtot": 0,
                "markingsint": 1,
                "markingsint2": -1,
                "vehsigsint": 1,
                "vehsigs2int": 0,
                "medianint": 0,
                "trafcalmtotint": -1,
                "midcrsmarkint": 0,
                "strpmalllnt": 0,
                "retrestint": 1,
                "commothrint": 0,
                "restarntint": 0,
                "coffshopint": 0,
                "cornerstint": 0,
                "moviethint": 0,
                "barsclubint": 0,
                "culsacpedptint": 0,
                "StreetName": "Emerald Lane",
                "IntersectionA": "Emerald Lane & Emerald Lane (parking lane)",
                "IntersectionB": "Emerald Lane & Emerald Lane (parking lane)",
                "name_osm": "Evergreen Parkway",
                "intersc1": "Emerald Lane & Emerald Lane (parking lane)",
                "intersc2": "Emerald Lane & Emerald Lane (parking lane)",
                "tract_geoid": "24033800516",
                "tract_name": "Census Tract 8005.16",
                "STATEFP": "24",
                "COUNTYFP": "033",
                "n_tracts": 1,
                "tract_share": 1.0,
                "match": "overlay",
                "total_pop": 3715.0,
                "median_hh_income": 124545.0,
                "median_home_value": 371100.0,
                "commuters_total": 2004.0,
                "commuters_transit": 80.0,
                "renter_no_vehicle": 13.0,
                "Unnamed: 0": 17,
                "form3norm": 40.54311371,
                "dens2norm": 40.46805954,
                "prox3norm": 18.74947357,
                "conn6norm": 80.5850296,
                "parks2norm": 0.0,
                "peds4norm": 34.38680649,
                "safenorm": 78.05537415000001,
                "traffic5norm": 64.3359234,
                "aesttot3norm": 35.84070969,
                "paf2norm": 8.0036898e-06,
                "sop7norm": 39.7812871,
                " ": 0,
                "arcades_y": 0,
                "attrtve_y": 1,
                "awnings_y": 1,
                "barsclub_y": 0,
                "beach_y": 0,
                "benches_y": 0,
                "bigbox_y": 1,
                "bikelane_y": 1,
                "bikerack_y": 0,
                "bikeretl_y": 0,
                "bikeshre_y": 0,
                "billbrd_y": 1,
                "bklntype_y": 2,
                "blnkwall_y": 0,
                "buffboll_y": 0,
                "bufffence_y": 0,
                "buffpkcr_y": 0,
                "buffsttr_y": 0,
                "busstops_y": 0,
                "cardeal_y": 0,
                "chainstre_y": 1,
                "chckcash_y": 0,
                "civother_y": 0,
                "coffshop_y": 0,
                "college_y": 0,
                "comctlib_y": 1,
                "condoapt_y": 0,
                "cornerst_y": 0,
                "crosing2_y": 2,
                "croswalk_y": 0,
                "dining_y": 0,
                "dogs_y": 0,
                "driveway_y": 0,
                "drivthru_y": 0,
                "dumpster_y": 0,
                "farnermk_y": 0,
                "fastfood_y": 1,
                "financl_y": 0,
                "flatslpe_y": 1,
                "gasserv_y": 0,
                "gated_y": 0,
                "grafitti_y": 0,
                "gymfitns_y": 0,
                "hardgood_y": 1,
                "highschl_y": 0,
                "hotelhos_y": 0,
                "indsothr_y": 0,
                "insother_y": 0,
                "kinder_y": 0,
                "libbkstr_y": 0,
                "lighting_y": 1,
                "liquorst_y": 0,
                "litter_y": 0,
                "localstre_y": 1,
                "mdhvind_y": 0,
                "medicine_y": 0,
                "midblock_y": 0,
                "mlgrcer_y": 0,
                "mntbuild_y": 0,
                "movieth_y": 0,
                "mustheat_y": 0,
                "offices_y": 0,
                "ofseroth_y": 0,
                "othrrtail_y": 0,
                "othrsdwk_y": 0,
                "parkplay_y": 0,
                "pedcrs2_y": 0,
                "pedcrssgn_y": 0,
                "playsprt_y": 0,
                "plazasq_y": 0,
                "prctpkng_y": 3,
                "prdusprk_y": 0,
                "primschl_y": 0,
                "prmntbldgh_y": 1,
                "pubart_y": 0,
                "pubcivic_y": 0,
                "pubgardn_y": 0,
                "pubrestr_y": 0,
                "recoher_y": 0,
                "religion_y": 0,
                "restarnt_y": 1,
                "restaurant_y": 1,
                "schother_y": 0,
                "scndschl_y": 0,
                "sdwkcomp_y": 0,
                "sdwkshde_y": 0,
                "service_y": 0,
                "sfhatach_y": 0,
                "shopmall_y": 0,
                "sidewalk_y": 1,
                "sizeparkimi2_y": 2,
                "softgood_y": 1,
                "stopsgn2_y": 1,
                "stopsign_y": 0,
                "strpmall_y": 0,
                "strttree_y": 1,
                "stvendor_y": 0,
                "surfpkng_y": 2,
                "townhome_y": 1,
                "traffsig_y": 0,
                "trafsgn2_y": 0,
                "trcmpark_y": 1,
                "undevlnd_y": 0,
                "vehlanes_y": 2,
                "vermixus_y": 0,
                "pedactsgn_y": 0,
                "pedact2_y": 0,
                "smlgrcer_y": 0,
                "gateaccs_y": 0,
                "sdwkpave_y": 0,
                "diffrdsf_y": 0,
                "dfrdsf2_y": 1,
                "cmother_y": 0,
                "zebrastp_y": 0,
                "crsothr2_y": 0,
                "zebra2_y": 0,
                "trafcrcl_y": 0,
                "rumblesp_y": 0,
                "spdbump_y": 0,
                "pbspothr_y": 0,
                "prctbldg_y": 0,
                "swptcoth_y": 0,
                "heatlamp_y": 0,
                "pedstreet_y": 0,
                "banners_y": 0
            },
            "geometry": {
                "type": "LineString",
                "coordinates": [
                    [
                        -76.729918572000315,
                        38.944613593589224
                    ],
                    [
                        -76.732695691082967,
                        38.944469949498746
                    ]
                ]
            }
        },
        {
            "type": "Feature",
            "properties": {
                "sgmntid": 19,
                "name_2": "Emerald Way",
                "id": 19,
                "intersection_1_location": "38.9440390172273,-76.73264182454903",
                "intersection_2_location": "38.942889864503435,-76.7325700025038",
                "neighborhood": "Bowie Town Center",
                "Group": "Bowie Town Center",
                "layer": "Bowie_CustomMarked",
                "location_id": 19,
                "form3": 43.85910416,
                "dens2": 65.2858429,
                "prox3": 19.73321915,
                "conn6": 80.5850296,
                "parks2": 0.0,
                "peds4": 18.33325386,
                "safe": 78.05537415000001,
                "traffic5": 46.82746887,
                "aesttot3": 41.71222687,
                "paf2": 8.0036898e-06,
                "sopindex7": 36.56238581,
                "zscored_form3": 13.05998898,
                "zscored_dens2": 2.452855587,
                "zscored_prox3": 2.894663095,
                "zscored_conn6": -0.4574847817,
                "zscored_parks2": -1.480694154,
                "zscored_peds4": -8.149395943,
                "zscored_safe": -0.1753524542,
                "zscored_traffic5": -5.107248306,
                "zscored_aesttot3": -4.957683086,
                "zscored_paf2": -0.4590791464,
                "zscored_sopindex7": -27.58443938,
                "country": "USA",
                "state": "Maryland",
                "city": "Bowie",
                "surfpkng_x": 2,
                "sizeparkimi2_x": 2,
                "prctpkng_x": 3,
                "adultuse": 0,
                "arcades_x": 0,
                "attrtve_x": 1,
                "awnings_x": 0,
                "barsclub_x": 0,
                "beach_x": 0,
                "benches_x": 0,
                "bigbox_x": 1,
                "bikelane_x": 0,
                "bikerack_x": 0,
                "bikeretl_x": 0,
                "bikeshre_x": 0,
                "billbrd_x": 0,
                "bklntype_x": 0,
                "blnkwall_x": 1,
                "buffboll_x": 0,
                "bufffence_x": 0,
                "buffpkcr_x": 0,
                "buffsttr_x": 0,
                "busstops_x": 0,
                "cardeal_x": 0,
                "chainstre_x": 1,
                "chckcash_x": 0,
                "civother_x": 0,
                "coffshop_x": 0,
                "college_x": 0,
                "comctlib_x": 0,
                "condoapt_x": 0,
                "cornerst_x": 0,
                "crosing2_x": 1,
                "croswalk_x": 1,
                "dining_x": 0,
                "dogs_x": 0,
                "driveway_x": 0,
                "drivthru_x": 0,
                "dumpster_x": 0,
                "farnermk_x": 0,
                "fastfood_x": 0,
                "financl_x": 0,
                "flatslpe_x": 1,
                "gasserv_x": 0,
                "gated_x": 0,
                "grafitti_x": 0,
                "gymfitns_x": 0,
                "hardgood_x": 1,
                "highschl_x": 0,
                "hotelhos_x": 1,
                "indsothr_x": 0,
                "insother_x": 0,
                "kinder_x": 0,
                "libbkstr_x": 0,
                "lighting_x": 1,
                "liquorst_x": 0,
                "litter_x": 0,
                "localstre_x": 1,
                "mdhvind_x": 0,
                "medicine_x": 0,
                "midblock_x": 0,
                "mlgrcer_x": 0,
                "mntbuild_x": 0,
                "movieth_x": 0,
                "mustheat_x": 0,
                "offices_x": 0,
                "ofseroth_x": 0,
                "othrrtail_x": 0,
                "othrsdwk_x": 0,
                "parkplay_x": 0,
                "pedcrs2_x": 0,
                "pedcrssgn_x": 0,
                "playsprt_x": 0,
                "plazasq_x": 0,
                "prdusprk_x": 0,
                "primschl_x": 0,
                "prmntbldgh_x": 0,
                "pubart_x": 0,
                "pubcivic_x": 0,
                "pubgardn_x": 0,
                "pubrestr_x": 0,
                "recoher_x": 0,
                "religion_x": 0,
                "restarnt_x": 0,
                "restaurant_x": 0,
                "schother_x": 0,
                "scndschl_x": 0,
                "sdwkcomp_x": 0,
                "sdwkshde_x": 0,
                "service_x": 0,
                "sfhatach_x": 1,
                "shopmall_x": 0,
                "sidewalk_x": 2,
                "softgood_x": 1,
                "stopsgn2_x": 1,
                "stopsign_x": 1,
                "strpmall_x": 0,
                "strttree_x": 1,
                "stvendor_x": 0,
                "townhome_x": 1,
                "traffsig_x": 0,
                "trafsgn2_x": 0,
                "trcmpark_x": 0,
                "undevlnd_x": 0,
                "vehlanes_x": 2,
                "vermixus_x": 0,
                "pedactsgn_x": 0,
                "pedact2_x": 0,
                "smlgrcer_x": 0,
                "gateaccs_x": 0,
                "sdwkpave_x": 0,
                "diffrdsf_x": 1,
                "dfrdsf2_x": 0,
                "cmother_x": 1,
                "zebrastp_x": 0,
                "crsothr2_x": 0,
                "zebra2_x": 0,
                "trafcrcl_x": 0,
                "rumblesp_x": 0,
                "spdbump_x": 0,
                "pbspothr_x": 0,
                "prctbldg_x": 1,
                "swptcoth_x": 0,
                "heatlamp_x": 0,
                "pedstreet_x": 0,
                "banners_x": 0,
                "multifamtot": 1,
                "school": 0,
                "retrest": 1,
                "sdwkbuff": 0,
                "vehlanestot": 2,
                "sixlnrd": 0,
                "sixlnrdrecoded": 0,
                "implndusrecoded": 0,
                "bldgstry": 0,
                "sizeparkimi1": 2,
                "crosswalktot": 2,
                "diffrdsftot": 1,
                "pedactsgntot": 0,
                "pedcssigntot": 0,
                "schooltot": 0,
                "officestot": 0,
                "liquorbaradultcheckcashing": 0,
                "markings": 1,
                "markings2": 0,
                "vehsigs": 1,
                "vehsigs2": 1,
                "vehlanestotrecoded": 2,
                "trafcalmtot": 0,
                "markingsint": 2,
                "markingsint2": -1,
                "vehsigsint": 0,
                "vehsigs2int": 0,
                "medianint": 0,
                "trafcalmtotint": -1,
                "midcrsmarkint": 0,
                "strpmalllnt": 0,
                "retrestint": 1,
                "commothrint": 0,
                "restarntint": 0,
                "coffshopint": 0,
                "cornerstint": 0,
                "moviethint": 0,
                "barsclubint": 0,
                "culsacpedptint": 0,
                "StreetName": "Emerald Way",
                "IntersectionA": "Emerald Way",
                "IntersectionB": "Emerald Way & Evergreen Parkway",
                "name_osm": "Evergreen Parkway",
                "intersc1": "Emerald Way",
                "intersc2": "Emerald Way & Evergreen Parkway",
                "tract_geoid": "24033800516",
                "tract_name": "Census Tract 8005.16",
                "STATEFP": "24",
                "COUNTYFP": "033",
                "n_tracts": 1,
                "tract_share": 1.0,
                "match": "overlay",
                "total_pop": 3715.0,
                "median_hh_income": 124545.0,
                "median_home_value": 371100.0,
                "commuters_total": 2004.0,
                "commuters_transit": 80.0,
                "renter_no_vehicle": 13.0,
                "Unnamed: 0": 18,
                "form3norm": 43.85910416,
                "dens2norm": 77.07122803,
                "prox3norm": 19.73321915,
                "conn6norm": 80.5850296,
                "parks2norm": 0.0,
                "peds4norm": 18.33325386,
                "safenorm": 78.05537415000001,
                "traffic5norm": 66.47408853,
                "aesttot3norm": 41.71222687,
                "paf2norm": 8.0036898e-06,
                "sop7norm": 41.62172511,
                " ": 0,
                "arcades_y": 0,
                "attrtve_y": 1,
                "awnings_y": 0,
                "barsclub_y": 0,
                "beach_y": 0,
                "benches_y": 0,
                "bigbox_y": 1,
                "bikelane_y": 0,
                "bikerack_y": 0,
                "bikeretl_y": 0,
                "bikeshre_y": 0,
                "billbrd_y": 0,
                "bklntype_y": 0,
                "blnkwall_y": 1,
                "buffboll_y": 0,
                "bufffence_y": 0,
                "buffpkcr_y": 0,
                "buffsttr_y": 0,
                "busstops_y": 0,
                "cardeal_y": 0,
                "chainstre_y": 1,
                "chckcash_y": 0,
                "civother_y": 0,
                "coffshop_y": 0,
                "college_y": 0,
                "comctlib_y": 0,
                "condoapt_y": 0,
                "cornerst_y": 0,
                "crosing2_y": 1,
                "croswalk_y": 1,
                "dining_y": 0,
                "dogs_y": 0,
                "driveway_y": 0,
                "drivthru_y": 0,
                "dumpster_y": 0,
                "farnermk_y": 0,
                "fastfood_y": 0,
                "financl_y": 0,
                "flatslpe_y": 1,
                "gasserv_y": 0,
                "gated_y": 0,
                "grafitti_y": 0,
                "gymfitns_y": 0,
                "hardgood_y": 1,
                "highschl_y": 0,
                "hotelhos_y": 1,
                "indsothr_y": 0,
                "insother_y": 0,
                "kinder_y": 0,
                "libbkstr_y": 0,
                "lighting_y": 1,
                "liquorst_y": 0,
                "litter_y": 0,
                "localstre_y": 1,
                "mdhvind_y": 0,
                "medicine_y": 0,
                "midblock_y": 0,
                "mlgrcer_y": 0,
                "mntbuild_y": 0,
                "movieth_y": 0,
                "mustheat_y": 0,
                "offices_y": 0,
                "ofseroth_y": 0,
                "othrrtail_y": 0,
                "othrsdwk_y": 0,
                "parkplay_y": 0,
                "pedcrs2_y": 0,
                "pedcrssgn_y": 0,
                "playsprt_y": 0,
                "plazasq_y": 0,
                "prctpkng_y": 3,
                "prdusprk_y": 0,
                "primschl_y": 0,
                "prmntbldgh_y": 2,
                "pubart_y": 0,
                "pubcivic_y": 0,
                "pubgardn_y": 0,
                "pubrestr_y": 0,
                "recoher_y": 0,
                "religion_y": 0,
                "restarnt_y": 0,
                "restaurant_y": 0,
                "schother_y": 0,
                "scndschl_y": 0,
                "sdwkcomp_y": 0,
                "sdwkshde_y": 0,
                "service_y": 0,
                "sfhatach_y": 1,
                "shopmall_y": 0,
                "sidewalk_y": 2,
                "sizeparkimi2_y": 2,
                "softgood_y": 1,
                "stopsgn2_y": 1,
                "stopsign_y": 1,
                "strpmall_y": 0,
                "strttree_y": 1,
                "stvendor_y": 0,
                "surfpkng_y": 2,
                "townhome_y": 1,
                "traffsig_y": 0,
                "trafsgn2_y": 0,
                "trcmpark_y": 0,
                "undevlnd_y": 0,
                "vehlanes_y": 2,
                "vermixus_y": 0,
                "pedactsgn_y": 0,
                "pedact2_y": 0,
                "smlgrcer_y": 0,
                "gateaccs_y": 0,
                "sdwkpave_y": 0,
                "diffrdsf_y": 1,
                "dfrdsf2_y": 0,
                "cmother_y": 1,
                "zebrastp_y": 0,
                "crsothr2_y": 0,
                "zebra2_y": 0,
                "trafcrcl_y": 0,
                "rumblesp_y": 0,
                "spdbump_y": 0,
                "pbspothr_y": 0,
                "prctbldg_y": 1,
                "swptcoth_y": 0,
                "heatlamp_y": 0,
                "pedstreet_y": 0,
                "banners_y": 0
            },
            "geometry": {
                "type": "LineString",
                "coordinates": [
                    [
                        -76.732641824549034,
                        38.944039017227297
                    ],
                    [
                        -76.732570002503806,
                        38.942889864503435
                    ]
                ]
            }
        },
        {
            "type": "Feature",
            "properties": {
                "sgmntid": 20,
                "name_2": "Emerald Way",
                "id": 20,
                "intersection_1_location": "38.94405098756817,-76.73266576523079",
                "intersection_2_location": "38.94524802165552,-76.73409023579474",
                "neighborhood": "Bowie Town Center",
                "Group": "Bowie Town Center",
                "layer": "Bowie_CustomMarked",
                "location_id": 20,
                "form3": 71.06182861000001,
                "dens2": 65.2858429,
                "prox3": 19.73321915,
                "conn6": 80.5850296,
                "parks2": 0.0,
                "peds4": 25.79081917,
                "safe": 78.05537415000001,
                "traffic5": 63.91636276,
                "aesttot3": 43.76698303,
                "paf2": 8.0036898e-06,
                "sopindex7": 47.97235454,
                "zscored_form3": 2.480384111,
                "zscored_dens2": 2.452855587,
                "zscored_prox3": 2.894663095,
                "zscored_conn6": -0.4574847817,
                "zscored_parks2": -1.480694154,
                "zscored_peds4": -4.232862473,
                "zscored_safe": -0.1753524542,
                "zscored_traffic5": 2.166644573,
                "zscored_aesttot3": -3.65163517,
                "zscored_paf2": -0.4590791464,
                "zscored_sopindex7": -4.508359531,
                "country": "USA",
                "state": "Maryland",
                "city": "Bowie",
                "surfpkng_x": 0,
                "sizeparkimi2_x": 0,
                "prctpkng_x": 0,
                "adultuse": 0,
                "arcades_x": 0,
                "attrtve_x": 0,
                "awnings_x": 1,
                "barsclub_x": 0,
                "beach_x": 0,
                "benches_x": 0,
                "bigbox_x": 1,
                "bikelane_x": 0,
                "bikerack_x": 0,
                "bikeretl_x": 0,
                "bikeshre_x": 0,
                "billbrd_x": 1,
                "bklntype_x": 0,
                "blnkwall_x": 0,
                "buffboll_x": 0,
                "bufffence_x": 0,
                "buffpkcr_x": 0,
                "buffsttr_x": 0,
                "busstops_x": 0,
                "cardeal_x": 0,
                "chainstre_x": 1,
                "chckcash_x": 0,
                "civother_x": 0,
                "coffshop_x": 0,
                "college_x": 0,
                "comctlib_x": 0,
                "condoapt_x": 0,
                "cornerst_x": 0,
                "crosing2_x": 1,
                "croswalk_x": 1,
                "dining_x": 0,
                "dogs_x": 0,
                "driveway_x": 0,
                "drivthru_x": 0,
                "dumpster_x": 0,
                "farnermk_x": 0,
                "fastfood_x": 1,
                "financl_x": 0,
                "flatslpe_x": 1,
                "gasserv_x": 0,
                "gated_x": 0,
                "grafitti_x": 0,
                "gymfitns_x": 0,
                "hardgood_x": 0,
                "highschl_x": 0,
                "hotelhos_x": 1,
                "indsothr_x": 0,
                "insother_x": 0,
                "kinder_x": 0,
                "libbkstr_x": 0,
                "lighting_x": 1,
                "liquorst_x": 0,
                "litter_x": 0,
                "localstre_x": 1,
                "mdhvind_x": 0,
                "medicine_x": 0,
                "midblock_x": 0,
                "mlgrcer_x": 1,
                "mntbuild_x": 0,
                "movieth_x": 0,
                "mustheat_x": 0,
                "offices_x": 0,
                "ofseroth_x": 0,
                "othrrtail_x": 0,
                "othrsdwk_x": 0,
                "parkplay_x": 0,
                "pedcrs2_x": 0,
                "pedcrssgn_x": 0,
                "playsprt_x": 0,
                "plazasq_x": 0,
                "prdusprk_x": 0,
                "primschl_x": 0,
                "prmntbldgh_x": 0,
                "pubart_x": 0,
                "pubcivic_x": 0,
                "pubgardn_x": 0,
                "pubrestr_x": 0,
                "recoher_x": 0,
                "religion_x": 0,
                "restarnt_x": 0,
                "restaurant_x": 1,
                "schother_x": 0,
                "scndschl_x": 0,
                "sdwkcomp_x": 1,
                "sdwkshde_x": 1,
                "service_x": 0,
                "sfhatach_x": 1,
                "shopmall_x": 0,
                "sidewalk_x": 1,
                "softgood_x": 1,
                "stopsgn2_x": 0,
                "stopsign_x": 1,
                "strpmall_x": 0,
                "strttree_x": 1,
                "stvendor_x": 0,
                "townhome_x": 1,
                "traffsig_x": 0,
                "trafsgn2_x": 0,
                "trcmpark_x": 1,
                "undevlnd_x": 0,
                "vehlanes_x": 2,
                "vermixus_x": 0,
                "pedactsgn_x": 0,
                "pedact2_x": 0,
                "smlgrcer_x": 0,
                "gateaccs_x": 0,
                "sdwkpave_x": 0,
                "diffrdsf_x": 1,
                "dfrdsf2_x": 1,
                "cmother_x": 1,
                "zebrastp_x": 0,
                "crsothr2_x": 1,
                "zebra2_x": 0,
                "trafcrcl_x": 0,
                "rumblesp_x": 0,
                "spdbump_x": 0,
                "pbspothr_x": 0,
                "prctbldg_x": 1,
                "swptcoth_x": 0,
                "heatlamp_x": 0,
                "pedstreet_x": 0,
                "banners_x": 0,
                "multifamtot": 1,
                "school": 0,
                "retrest": 1,
                "sdwkbuff": 0,
                "vehlanestot": 2,
                "sixlnrd": 0,
                "sixlnrdrecoded": 0,
                "implndusrecoded": 0,
                "bldgstry": 0,
                "sizeparkimi1": 0,
                "crosswalktot": 2,
                "diffrdsftot": 2,
                "pedactsgntot": 0,
                "pedcssigntot": 0,
                "schooltot": 0,
                "officestot": 0,
                "liquorbaradultcheckcashing": 0,
                "markings": 1,
                "markings2": 1,
                "vehsigs": 1,
                "vehsigs2": 0,
                "vehlanestotrecoded": 2,
                "trafcalmtot": 0,
                "markingsint": 2,
                "markingsint2": 2,
                "vehsigsint": 0,
                "vehsigs2int": -1,
                "medianint": 0,
                "trafcalmtotint": -1,
                "midcrsmarkint": 0,
                "strpmalllnt": 0,
                "retrestint": 1,
                "commothrint": 0,
                "restarntint": 0,
                "coffshopint": 0,
                "cornerstint": 0,
                "moviethint": 0,
                "barsclubint": 0,
                "culsacpedptint": 0,
                "StreetName": "Emerald Way",
                "IntersectionA": "Emerald Way",
                "IntersectionB": "Emerald Way & Town Center Blvd",
                "name_osm": "Excelsior Drive",
                "intersc1": "Emerald Way",
                "intersc2": "Emerald Way & Town Center Blvd",
                "tract_geoid": "24033800516",
                "tract_name": "Census Tract 8005.16",
                "STATEFP": "24",
                "COUNTYFP": "033",
                "n_tracts": 1,
                "tract_share": 1.0,
                "match": "overlay",
                "total_pop": 3715.0,
                "median_hh_income": 124545.0,
                "median_home_value": 371100.0,
                "commuters_total": 2004.0,
                "commuters_transit": 80.0,
                "renter_no_vehicle": 13.0,
                "Unnamed: 0": 19,
                "form3norm": 71.06182861000001,
                "dens2norm": 77.07122803,
                "prox3norm": 21.02315331,
                "conn6norm": 80.5850296,
                "parks2norm": 0.0,
                "peds4norm": 25.79081917,
                "safenorm": 78.05537415000001,
                "traffic5norm": 73.37734486,
                "aesttot3norm": 43.76698303,
                "paf2norm": 8.0036898e-06,
                "sop7norm": 51.15672737,
                " ": 0,
                "arcades_y": 0,
                "attrtve_y": 0,
                "awnings_y": 1,
                "barsclub_y": 0,
                "beach_y": 0,
                "benches_y": 0,
                "bigbox_y": 1,
                "bikelane_y": 0,
                "bikerack_y": 0,
                "bikeretl_y": 0,
                "bikeshre_y": 0,
                "billbrd_y": 1,
                "bklntype_y": 0,
                "blnkwall_y": 0,
                "buffboll_y": 0,
                "bufffence_y": 0,
                "buffpkcr_y": 0,
                "buffsttr_y": 0,
                "busstops_y": 0,
                "cardeal_y": 0,
                "chainstre_y": 1,
                "chckcash_y": 0,
                "civother_y": 0,
                "coffshop_y": 0,
                "college_y": 0,
                "comctlib_y": 0,
                "condoapt_y": 0,
                "cornerst_y": 0,
                "crosing2_y": 1,
                "croswalk_y": 1,
                "dining_y": 0,
                "dogs_y": 0,
                "driveway_y": 0,
                "drivthru_y": 0,
                "dumpster_y": 0,
                "farnermk_y": 0,
                "fastfood_y": 1,
                "financl_y": 0,
                "flatslpe_y": 1,
                "gasserv_y": 0,
                "gated_y": 0,
                "grafitti_y": 0,
                "gymfitns_y": 0,
                "hardgood_y": 0,
                "highschl_y": 0,
                "hotelhos_y": 1,
                "indsothr_y": 0,
                "insother_y": 0,
                "kinder_y": 0,
                "libbkstr_y": 0,
                "lighting_y": 1,
                "liquorst_y": 0,
                "litter_y": 0,
                "localstre_y": 1,
                "mdhvind_y": 0,
                "medicine_y": 0,
                "midblock_y": 0,
                "mlgrcer_y": 1,
                "mntbuild_y": 0,
                "movieth_y": 0,
                "mustheat_y": 0,
                "offices_y": 0,
                "ofseroth_y": 0,
                "othrrtail_y": 0,
                "othrsdwk_y": 0,
                "parkplay_y": 0,
                "pedcrs2_y": 0,
                "pedcrssgn_y": 0,
                "playsprt_y": 0,
                "plazasq_y": 0,
                "prctpkng_y": 0,
                "prdusprk_y": 0,
                "primschl_y": 0,
                "prmntbldgh_y": 2,
                "pubart_y": 0,
                "pubcivic_y": 0,
                "pubgardn_y": 0,
                "pubrestr_y": 0,
                "recoher_y": 0,
                "religion_y": 0,
                "restarnt_y": 1,
                "restaurant_y": 1,
                "schother_y": 0,
                "scndschl_y": 0,
                "sdwkcomp_y": 1,
                "sdwkshde_y": 0,
                "service_y": 0,
                "sfhatach_y": 1,
                "shopmall_y": 0,
                "sidewalk_y": 1,
                "sizeparkimi2_y": 0,
                "softgood_y": 1,
                "stopsgn2_y": 0,
                "stopsign_y": 1,
                "strpmall_y": 0,
                "strttree_y": 1,
                "stvendor_y": 0,
                "surfpkng_y": 0,
                "townhome_y": 1,
                "traffsig_y": 0,
                "trafsgn2_y": 0,
                "trcmpark_y": 1,
                "undevlnd_y": 0,
                "vehlanes_y": 2,
                "vermixus_y": 0,
                "pedactsgn_y": 0,
                "pedact2_y": 0,
                "smlgrcer_y": 0,
                "gateaccs_y": 0,
                "sdwkpave_y": 0,
                "diffrdsf_y": 1,
                "dfrdsf2_y": 1,
                "cmother_y": 1,
                "zebrastp_y": 0,
                "crsothr2_y": 1,
                "zebra2_y": 0,
                "trafcrcl_y": 0,
                "rumblesp_y": 0,
                "spdbump_y": 0,
                "pbspothr_y": 0,
                "prctbldg_y": 1,
                "swptcoth_y": 0,
                "heatlamp_y": 0,
                "pedstreet_y": 0,
                "banners_y": 0
            },
            "geometry": {
                "type": "LineString",
                "coordinates": [
                    [
                        -76.732665765230792,
                        38.944050987568168
                    ],
                    [
                        -76.734090235794739,
                        38.945248021655523
                    ]
                ]
            }
        },
        {
            "type": "Feature",
            "properties": {
                "sgmntid": 21,
                "name_2": "Emerald Way",
                "id": 21,
                "intersection_1_location": "38.9440390172273,-76.73268970591253",
                "intersection_2_location": "38.943991135863804,-76.73407826545386",
                "neighborhood": "Bowie Town Center",
                "Group": "Bowie Town Center",
                "layer": "Bowie_CustomMarked",
                "location_id": 21,
                "form3": 91.21427155000001,
                "dens2": 49.578125,
                "prox3": 23.96041679,
                "conn6": 80.5850296,
                "parks2": 5.272220169,
                "peds4": 51.37106323,
                "safe": 64.30107117,
                "traffic5": 78.12016296,
                "aesttot3": 86.87277222,
                "paf2": 8.0036898e-06,
                "sopindex7": 73.6213394,
                "zscored_form3": -5.357245922,
                "zscored_dens2": -0.03905797005,
                "zscored_prox3": 4.675734997,
                "zscored_conn6": -0.4574847817,
                "zscored_parks2": -0.3877263159,
                "zscored_peds4": 9.201259613,
                "zscored_safe": -3.400320053,
                "zscored_traffic5": 8.212501526,
                "zscored_aesttot3": 23.74736023,
                "zscored_paf2": -0.4590791464,
                "zscored_sopindex7": 47.36540424,
                "country": "USA",
                "state": "Maryland",
                "city": "Bowie",
                "surfpkng_x": 0,
                "sizeparkimi2_x": 0,
                "prctpkng_x": 0,
                "adultuse": 0,
                "arcades_x": 0,
                "attrtve_x": 2,
                "awnings_x": 0,
                "barsclub_x": 0,
                "beach_x": 0,
                "benches_x": 2,
                "bigbox_x": 0,
                "bikelane_x": 0,
                "bikerack_x": 0,
                "bikeretl_x": 0,
                "bikeshre_x": 0,
                "billbrd_x": 2,
                "bklntype_x": 0,
                "blnkwall_x": 0,
                "buffboll_x": 1,
                "bufffence_x": 0,
                "buffpkcr_x": 0,
                "buffsttr_x": 0,
                "busstops_x": 0,
                "cardeal_x": 0,
                "chainstre_x": 0,
                "chckcash_x": 0,
                "civother_x": 0,
                "coffshop_x": 0,
                "college_x": 0,
                "comctlib_x": 0,
                "condoapt_x": 1,
                "cornerst_x": 0,
                "crosing2_x": 2,
                "croswalk_x": 2,
                "dining_x": 1,
                "dogs_x": 0,
                "driveway_x": 0,
                "drivthru_x": 0,
                "dumpster_x": 0,
                "farnermk_x": 0,
                "fastfood_x": 1,
                "financl_x": 0,
                "flatslpe_x": 1,
                "gasserv_x": 0,
                "gated_x": 0,
                "grafitti_x": 1,
                "gymfitns_x": 0,
                "hardgood_x": 0,
                "highschl_x": 0,
                "hotelhos_x": 1,
                "indsothr_x": 0,
                "insother_x": 0,
                "kinder_x": 0,
                "libbkstr_x": 0,
                "lighting_x": 1,
                "liquorst_x": 0,
                "litter_x": 0,
                "localstre_x": 0,
                "mdhvind_x": 0,
                "medicine_x": 0,
                "midblock_x": 0,
                "mlgrcer_x": 1,
                "mntbuild_x": 0,
                "movieth_x": 0,
                "mustheat_x": 0,
                "offices_x": 0,
                "ofseroth_x": 0,
                "othrrtail_x": 0,
                "othrsdwk_x": 0,
                "parkplay_x": 0,
                "pedcrs2_x": 0,
                "pedcrssgn_x": 0,
                "playsprt_x": 0,
                "plazasq_x": 1,
                "prdusprk_x": 0,
                "primschl_x": 0,
                "prmntbldgh_x": 0,
                "pubart_x": 0,
                "pubcivic_x": 0,
                "pubgardn_x": 0,
                "pubrestr_x": 0,
                "recoher_x": 0,
                "religion_x": 0,
                "restarnt_x": 0,
                "restaurant_x": 1,
                "schother_x": 0,
                "scndschl_x": 0,
                "sdwkcomp_x": 1,
                "sdwkshde_x": 0,
                "service_x": 1,
                "sfhatach_x": 0,
                "shopmall_x": 0,
                "sidewalk_x": 2,
                "softgood_x": 1,
                "stopsgn2_x": 1,
                "stopsign_x": 1,
                "strpmall_x": 0,
                "strttree_x": 1,
                "stvendor_x": 0,
                "townhome_x": 1,
                "traffsig_x": 0,
                "trafsgn2_x": 0,
                "trcmpark_x": 0,
                "undevlnd_x": 0,
                "vehlanes_x": 2,
                "vermixus_x": 0,
                "pedactsgn_x": 0,
                "pedact2_x": 0,
                "smlgrcer_x": 0,
                "gateaccs_x": 0,
                "sdwkpave_x": 1,
                "diffrdsf_x": 1,
                "dfrdsf2_x": 1,
                "cmother_x": 1,
                "zebrastp_x": 0,
                "crsothr2_x": 1,
                "zebra2_x": 0,
                "trafcrcl_x": 0,
                "rumblesp_x": 0,
                "spdbump_x": 0,
                "pbspothr_x": 0,
                "prctbldg_x": 1,
                "swptcoth_x": 0,
                "heatlamp_x": 0,
                "pedstreet_x": 0,
                "banners_x": 0,
                "multifamtot": 1,
                "school": 0,
                "retrest": 1,
                "sdwkbuff": 1,
                "vehlanestot": 2,
                "sixlnrd": 0,
                "sixlnrdrecoded": 0,
                "implndusrecoded": 0,
                "bldgstry": 0,
                "sizeparkimi1": 0,
                "crosswalktot": 4,
                "diffrdsftot": 2,
                "pedactsgntot": 0,
                "pedcssigntot": 0,
                "schooltot": 0,
                "officestot": 1,
                "liquorbaradultcheckcashing": 0,
                "markings": 1,
                "markings2": 1,
                "vehsigs": 1,
                "vehsigs2": 1,
                "vehlanestotrecoded": 2,
                "trafcalmtot": 0,
                "markingsint": 2,
                "markingsint2": 2,
                "vehsigsint": 2,
                "vehsigs2int": 2,
                "medianint": 0,
                "trafcalmtotint": 1,
                "midcrsmarkint": 0,
                "strpmalllnt": 0,
                "retrestint": 2,
                "commothrint": 0,
                "restarntint": 0,
                "coffshopint": 0,
                "cornerstint": 0,
                "moviethint": 0,
                "barsclubint": 0,
                "culsacpedptint": 0,
                "StreetName": "Emerald Way",
                "IntersectionA": "Emerald Way",
                "IntersectionB": "Emerald Way & Town Center Blvd",
                "name_osm": "Emerald Way",
                "intersc1": "Emerald Way",
                "intersc2": "Emerald Way & Town Center Blvd",
                "tract_geoid": "24033800516",
                "tract_name": "Census Tract 8005.16",
                "STATEFP": "24",
                "COUNTYFP": "033",
                "n_tracts": 1,
                "tract_share": 1.0,
                "match": "overlay",
                "total_pop": 3715.0,
                "median_hh_income": 124545.0,
                "median_home_value": 371100.0,
                "commuters_total": 2004.0,
                "commuters_transit": 80.0,
                "renter_no_vehicle": 13.0,
                "Unnamed: 0": 20,
                "form3norm": 91.21427155000001,
                "dens2norm": 61.36245728,
                "prox3norm": 31.87228394,
                "conn6norm": 80.5850296,
                "parks2norm": 5.272220169,
                "peds4norm": 51.37106323,
                "safenorm": 78.05537415000001,
                "traffic5norm": 71.21355193,
                "aesttot3norm": 90.49996948,
                "paf2norm": 8.0036898e-06,
                "sop7norm": 77.47495781000001,
                " ": 0,
                "arcades_y": 0,
                "attrtve_y": 2,
                "awnings_y": 0,
                "barsclub_y": 0,
                "beach_y": 0,
                "benches_y": 2,
                "bigbox_y": 0,
                "bikelane_y": 0,
                "bikerack_y": 0,
                "bikeretl_y": 0,
                "bikeshre_y": 0,
                "billbrd_y": 2,
                "bklntype_y": 0,
                "blnkwall_y": 0,
                "buffboll_y": 1,
                "bufffence_y": 0,
                "buffpkcr_y": 0,
                "buffsttr_y": 0,
                "busstops_y": 0,
                "cardeal_y": 0,
                "chainstre_y": 0,
                "chckcash_y": 0,
                "civother_y": 0,
                "coffshop_y": 0,
                "college_y": 0,
                "comctlib_y": 0,
                "condoapt_y": 1,
                "cornerst_y": 0,
                "crosing2_y": 2,
                "croswalk_y": 2,
                "dining_y": 1,
                "dogs_y": 0,
                "driveway_y": 0,
                "drivthru_y": 0,
                "dumpster_y": 0,
                "farnermk_y": 0,
                "fastfood_y": 1,
                "financl_y": 0,
                "flatslpe_y": 1,
                "gasserv_y": 0,
                "gated_y": 0,
                "grafitti_y": 0,
                "gymfitns_y": 0,
                "hardgood_y": 0,
                "highschl_y": 0,
                "hotelhos_y": 1,
                "indsothr_y": 0,
                "insother_y": 0,
                "kinder_y": 0,
                "libbkstr_y": 0,
                "lighting_y": 1,
                "liquorst_y": 0,
                "litter_y": 0,
                "localstre_y": 0,
                "mdhvind_y": 0,
                "medicine_y": 0,
                "midblock_y": 0,
                "mlgrcer_y": 1,
                "mntbuild_y": 0,
                "movieth_y": 0,
                "mustheat_y": 0,
                "offices_y": 0,
                "ofseroth_y": 0,
                "othrrtail_y": 0,
                "othrsdwk_y": 0,
                "parkplay_y": 0,
                "pedcrs2_y": 0,
                "pedcrssgn_y": 0,
                "playsprt_y": 0,
                "plazasq_y": 1,
                "prctpkng_y": 0,
                "prdusprk_y": 0,
                "primschl_y": 0,
                "prmntbldgh_y": 2,
                "pubart_y": 0,
                "pubcivic_y": 0,
                "pubgardn_y": 0,
                "pubrestr_y": 0,
                "recoher_y": 0,
                "religion_y": 0,
                "restarnt_y": 1,
                "restaurant_y": 1,
                "schother_y": 0,
                "scndschl_y": 0,
                "sdwkcomp_y": 2,
                "sdwkshde_y": 0,
                "service_y": 1,
                "sfhatach_y": 0,
                "shopmall_y": 0,
                "sidewalk_y": 2,
                "sizeparkimi2_y": 0,
                "softgood_y": 1,
                "stopsgn2_y": 1,
                "stopsign_y": 1,
                "strpmall_y": 0,
                "strttree_y": 2,
                "stvendor_y": 0,
                "surfpkng_y": 0,
                "townhome_y": 1,
                "traffsig_y": 0,
                "trafsgn2_y": 0,
                "trcmpark_y": 0,
                "undevlnd_y": 0,
                "vehlanes_y": 2,
                "vermixus_y": 0,
                "pedactsgn_y": 0,
                "pedact2_y": 0,
                "smlgrcer_y": 0,
                "gateaccs_y": 0,
                "sdwkpave_y": 1,
                "diffrdsf_y": 1,
                "dfrdsf2_y": 1,
                "cmother_y": 1,
                "zebrastp_y": 0,
                "crsothr2_y": 1,
                "zebra2_y": 0,
                "trafcrcl_y": 0,
                "rumblesp_y": 0,
                "spdbump_y": 0,
                "pbspothr_y": 0,
                "prctbldg_y": 1,
                "swptcoth_y": 0,
                "heatlamp_y": 0,
                "pedstreet_y": 0,
                "banners_y": 0
            },
            "geometry": {
                "type": "LineString",
                "coordinates": [
                    [
                        -76.732689705912534,
                        38.944039017227297
                    ],
                    [
                        -76.73407826545386,
                        38.943991135863804
                    ]
                ]
            }
        },
        {
            "type": "Feature",
            "properties": {
                "sgmntid": 22,
                "name_2": "Town Center Blvd",
                "id": 22,
                "intersection_1_location": "38.946133826880164,-76.73389871034077",
                "intersection_2_location": "38.9452121106329,-76.73417402818085",
                "neighborhood": "Bowie Town Center",
                "Group": "Bowie Town Center",
                "layer": "Bowie_CustomMarked",
                "location_id": 22,
                "form3": 77.4078598,
                "dens2": 49.578125,
                "prox3": 5.27410841,
                "conn6": 76.89342499,
                "parks2": 0.0,
                "peds4": 31.73906517,
                "safe": 78.05537415000001,
                "traffic5": 45.61447144,
                "aesttot3": 48.6520462,
                "paf2": 8.0036898e-06,
                "sopindex7": 43.81601877,
                "zscored_form3": 0.01230415702,
                "zscored_dens2": -0.03905797005,
                "zscored_prox3": -3.197483063,
                "zscored_conn6": 0.2712378204,
                "zscored_parks2": -1.480694154,
                "zscored_peds4": -1.108988166,
                "zscored_safe": -0.1753524542,
                "zscored_traffic5": -5.623559952,
                "zscored_aesttot3": -0.5465798378,
                "zscored_paf2": -0.4590791464,
                "zscored_sopindex7": -12.91433666,
                "country": "USA",
                "state": "Maryland",
                "city": "Bowie",
                "surfpkng_x": 1,
                "sizeparkimi2_x": 1,
                "prctpkng_x": 2,
                "adultuse": 0,
                "arcades_x": 0,
                "attrtve_x": 2,
                "awnings_x": 0,
                "barsclub_x": 0,
                "beach_x": 0,
                "benches_x": 0,
                "bigbox_x": 0,
                "bikelane_x": 0,
                "bikerack_x": 0,
                "bikeretl_x": 0,
                "bikeshre_x": 0,
                "billbrd_x": 1,
                "bklntype_x": 0,
                "blnkwall_x": 0,
                "buffboll_x": 0,
                "bufffence_x": 0,
                "buffpkcr_x": 0,
                "buffsttr_x": 0,
                "busstops_x": 0,
                "cardeal_x": 0,
                "chainstre_x": 1,
                "chckcash_x": 0,
                "civother_x": 0,
                "coffshop_x": 0,
                "college_x": 0,
                "comctlib_x": 0,
                "condoapt_x": 0,
                "cornerst_x": 0,
                "crosing2_x": 0,
                "croswalk_x": 2,
                "dining_x": 0,
                "dogs_x": 0,
                "driveway_x": 0,
                "drivthru_x": 0,
                "dumpster_x": 0,
                "farnermk_x": 0,
                "fastfood_x": 1,
                "financl_x": 0,
                "flatslpe_x": 1,
                "gasserv_x": 0,
                "gated_x": 0,
                "grafitti_x": 0,
                "gymfitns_x": 0,
                "hardgood_x": 0,
                "highschl_x": 0,
                "hotelhos_x": 0,
                "indsothr_x": 0,
                "insother_x": 0,
                "kinder_x": 0,
                "libbkstr_x": 0,
                "lighting_x": 1,
                "liquorst_x": 0,
                "litter_x": 0,
                "localstre_x": 0,
                "mdhvind_x": 0,
                "medicine_x": 0,
                "midblock_x": 0,
                "mlgrcer_x": 0,
                "mntbuild_x": 0,
                "movieth_x": 0,
                "mustheat_x": 0,
                "offices_x": 0,
                "ofseroth_x": 0,
                "othrrtail_x": 0,
                "othrsdwk_x": 1,
                "parkplay_x": 0,
                "pedcrs2_x": 0,
                "pedcrssgn_x": 0,
                "playsprt_x": 0,
                "plazasq_x": 0,
                "prdusprk_x": 0,
                "primschl_x": 0,
                "prmntbldgh_x": 0,
                "pubart_x": 0,
                "pubcivic_x": 0,
                "pubgardn_x": 0,
                "pubrestr_x": 0,
                "recoher_x": 0,
                "religion_x": 0,
                "restarnt_x": 0,
                "restaurant_x": 1,
                "schother_x": 0,
                "scndschl_x": 0,
                "sdwkcomp_x": 1,
                "sdwkshde_x": 0,
                "service_x": 0,
                "sfhatach_x": 0,
                "shopmall_x": 0,
                "sidewalk_x": 2,
                "softgood_x": 1,
                "stopsgn2_x": 0,
                "stopsign_x": 0,
                "strpmall_x": 0,
                "strttree_x": 1,
                "stvendor_x": 0,
                "townhome_x": 1,
                "traffsig_x": 1,
                "trafsgn2_x": 0,
                "trcmpark_x": 0,
                "undevlnd_x": 0,
                "vehlanes_x": 3,
                "vermixus_x": 0,
                "pedactsgn_x": 0,
                "pedact2_x": 0,
                "smlgrcer_x": 0,
                "gateaccs_x": 0,
                "sdwkpave_x": 0,
                "diffrdsf_x": 1,
                "dfrdsf2_x": 0,
                "cmother_x": 1,
                "zebrastp_x": 0,
                "crsothr2_x": 0,
                "zebra2_x": 0,
                "trafcrcl_x": 0,
                "rumblesp_x": 0,
                "spdbump_x": 0,
                "pbspothr_x": 0,
                "prctbldg_x": 1,
                "swptcoth_x": 0,
                "heatlamp_x": 0,
                "pedstreet_x": 0,
                "banners_x": 0,
                "multifamtot": 1,
                "school": 0,
                "retrest": 1,
                "sdwkbuff": 0,
                "vehlanestot": 3,
                "sixlnrd": 0,
                "sixlnrdrecoded": 0,
                "implndusrecoded": 0,
                "bldgstry": 0,
                "sizeparkimi1": 1,
                "crosswalktot": 2,
                "diffrdsftot": 1,
                "pedactsgntot": 0,
                "pedcssigntot": 0,
                "schooltot": 0,
                "officestot": 0,
                "liquorbaradultcheckcashing": 0,
                "markings": 1,
                "markings2": 0,
                "vehsigs": 1,
                "vehsigs2": 0,
                "vehlanestotrecoded": 3,
                "trafcalmtot": 0,
                "markingsint": 2,
                "markingsint2": -1,
                "vehsigsint": 2,
                "vehsigs2int": 1,
                "medianint": 0,
                "trafcalmtotint": -1,
                "midcrsmarkint": 0,
                "strpmalllnt": 0,
                "retrestint": 2,
                "commothrint": 0,
                "restarntint": 0,
                "coffshopint": 0,
                "cornerstint": 0,
                "moviethint": 0,
                "barsclubint": 0,
                "culsacpedptint": 0,
                "StreetName": "Town Center Blvd",
                "IntersectionA": "Town Center Blvd & Collington Rd",
                "IntersectionB": "Town Center Blvd & Emerald Way",
                "name_osm": "Collington Road",
                "intersc1": "Town Center Blvd & Collington Rd",
                "intersc2": "Town Center Blvd & Emerald Way",
                "tract_geoid": "24033800516",
                "tract_name": "Census Tract 8005.16",
                "STATEFP": "24",
                "COUNTYFP": "033",
                "n_tracts": 1,
                "tract_share": 1.0,
                "match": "overlay",
                "total_pop": 3715.0,
                "median_hh_income": 124545.0,
                "median_home_value": 371100.0,
                "commuters_total": 2004.0,
                "commuters_transit": 80.0,
                "renter_no_vehicle": 13.0,
                "Unnamed: 0": 21,
                "form3norm": 71.07327271,
                "dens2norm": 40.46805954,
                "prox3norm": 11.91959953,
                "conn6norm": 76.89342499,
                "parks2norm": 0.0,
                "peds4norm": 31.73906517,
                "safenorm": 78.05537415000001,
                "traffic5norm": 49.41146542,
                "aesttot3norm": 48.6520462,
                "paf2norm": 8.0036898e-06,
                "sop7norm": 44.06685408,
                " ": 0,
                "arcades_y": 0,
                "attrtve_y": 2,
                "awnings_y": 0,
                "barsclub_y": 0,
                "beach_y": 0,
                "benches_y": 0,
                "bigbox_y": 0,
                "bikelane_y": 0,
                "bikerack_y": 0,
                "bikeretl_y": 0,
                "bikeshre_y": 0,
                "billbrd_y": 1,
                "bklntype_y": 0,
                "blnkwall_y": 0,
                "buffboll_y": 0,
                "bufffence_y": 0,
                "buffpkcr_y": 0,
                "buffsttr_y": 0,
                "busstops_y": 0,
                "cardeal_y": 0,
                "chainstre_y": 1,
                "chckcash_y": 0,
                "civother_y": 0,
                "coffshop_y": 0,
                "college_y": 0,
                "comctlib_y": 0,
                "condoapt_y": 0,
                "cornerst_y": 0,
                "crosing2_y": 0,
                "croswalk_y": 2,
                "dining_y": 0,
                "dogs_y": 0,
                "driveway_y": 0,
                "drivthru_y": 0,
                "dumpster_y": 0,
                "farnermk_y": 0,
                "fastfood_y": 1,
                "financl_y": 0,
                "flatslpe_y": 1,
                "gasserv_y": 0,
                "gated_y": 0,
                "grafitti_y": 0,
                "gymfitns_y": 0,
                "hardgood_y": 0,
                "highschl_y": 0,
                "hotelhos_y": 0,
                "indsothr_y": 0,
                "insother_y": 0,
                "kinder_y": 0,
                "libbkstr_y": 0,
                "lighting_y": 1,
                "liquorst_y": 0,
                "litter_y": 0,
                "localstre_y": 0,
                "mdhvind_y": 0,
                "medicine_y": 0,
                "midblock_y": 0,
                "mlgrcer_y": 0,
                "mntbuild_y": 0,
                "movieth_y": 0,
                "mustheat_y": 0,
                "offices_y": 0,
                "ofseroth_y": 0,
                "othrrtail_y": 0,
                "othrsdwk_y": 1,
                "parkplay_y": 0,
                "pedcrs2_y": 0,
                "pedcrssgn_y": 0,
                "playsprt_y": 0,
                "plazasq_y": 0,
                "prctpkng_y": 2,
                "prdusprk_y": 0,
                "primschl_y": 0,
                "prmntbldgh_y": 1,
                "pubart_y": 0,
                "pubcivic_y": 0,
                "pubgardn_y": 0,
                "pubrestr_y": 0,
                "recoher_y": 0,
                "religion_y": 0,
                "restarnt_y": 1,
                "restaurant_y": 1,
                "schother_y": 0,
                "scndschl_y": 0,
                "sdwkcomp_y": 2,
                "sdwkshde_y": 0,
                "service_y": 0,
                "sfhatach_y": 0,
                "shopmall_y": 0,
                "sidewalk_y": 2,
                "sizeparkimi2_y": 1,
                "softgood_y": 1,
                "stopsgn2_y": 0,
                "stopsign_y": 0,
                "strpmall_y": 0,
                "strttree_y": 1,
                "stvendor_y": 0,
                "surfpkng_y": 1,
                "townhome_y": 1,
                "traffsig_y": 1,
                "trafsgn2_y": 0,
                "trcmpark_y": 0,
                "undevlnd_y": 0,
                "vehlanes_y": 3,
                "vermixus_y": 0,
                "pedactsgn_y": 0,
                "pedact2_y": 0,
                "smlgrcer_y": 0,
                "gateaccs_y": 0,
                "sdwkpave_y": 0,
                "diffrdsf_y": 1,
                "dfrdsf2_y": 0,
                "cmother_y": 1,
                "zebrastp_y": 0,
                "crsothr2_y": 0,
                "zebra2_y": 0,
                "trafcrcl_y": 0,
                "rumblesp_y": 0,
                "spdbump_y": 0,
                "pbspothr_y": 0,
                "prctbldg_y": 0,
                "swptcoth_y": 0,
                "heatlamp_y": 0,
                "pedstreet_y": 0,
                "banners_y": 0
            },
            "geometry": {
                "type": "LineString",
                "coordinates": [
                    [
                        -76.733898710340767,
                        38.946133826880164
                    ],
                    [
                        -76.734174028180846,
                        38.945212110632902
                    ]
                ]
            }
        },
        {
            "type": "Feature",
            "properties": {
                "sgmntid": 23,
                "name_2": "Town Center Blvd",
                "id": 23,
                "intersection_1_location": "38.94523605131465,-76.7341500874991",
                "intersection_2_location": "38.943991135863804,-76.73409023579474",
                "neighborhood": "Bowie Town Center",
                "Group": "Bowie Town Center",
                "layer": "Bowie_CustomMarked",
                "location_id": 23,
                "form3": 91.21427155000001,
                "dens2": 49.578125,
                "prox3": 17.45416069,
                "conn6": 80.5850296,
                "parks2": 0.0,
                "peds4": 38.76082993,
                "safe": 78.05537415000001,
                "traffic5": 68.45264435,
                "aesttot3": 62.1877861,
                "paf2": 8.0036898e-06,
                "sopindex7": 60.25278534,
                "zscored_form3": -5.357245922,
                "zscored_dens2": -0.03905797005,
                "zscored_prox3": 1.934413552,
                "zscored_conn6": -0.4574847817,
                "zscored_parks2": -1.480694154,
                "zscored_peds4": 2.578672409,
                "zscored_safe": -0.1753524542,
                "zscored_traffic5": 4.097516537,
                "zscored_aesttot3": 8.0570364,
                "zscored_paf2": -0.4590791464,
                "zscored_sopindex7": 20.32818546,
                "country": "USA",
                "state": "Maryland",
                "city": "Bowie",
                "surfpkng_x": 0,
                "sizeparkimi2_x": 0,
                "prctpkng_x": 0,
                "adultuse": 0,
                "arcades_x": 0,
                "attrtve_x": 2,
                "awnings_x": 0,
                "barsclub_x": 0,
                "beach_x": 0,
                "benches_x": 0,
                "bigbox_x": 0,
                "bikelane_x": 0,
                "bikerack_x": 0,
                "bikeretl_x": 0,
                "bikeshre_x": 0,
                "billbrd_x": 1,
                "bklntype_x": 0,
                "blnkwall_x": 0,
                "buffboll_x": 1,
                "bufffence_x": 0,
                "buffpkcr_x": 0,
                "buffsttr_x": 0,
                "busstops_x": 0,
                "cardeal_x": 0,
                "chainstre_x": 0,
                "chckcash_x": 0,
                "civother_x": 0,
                "coffshop_x": 1,
                "college_x": 0,
                "comctlib_x": 0,
                "condoapt_x": 0,
                "cornerst_x": 0,
                "crosing2_x": 2,
                "croswalk_x": 0,
                "dining_x": 1,
                "dogs_x": 0,
                "driveway_x": 0,
                "drivthru_x": 0,
                "dumpster_x": 0,
                "farnermk_x": 0,
                "fastfood_x": 1,
                "financl_x": 0,
                "flatslpe_x": 1,
                "gasserv_x": 0,
                "gated_x": 0,
                "grafitti_x": 0,
                "gymfitns_x": 0,
                "hardgood_x": 0,
                "highschl_x": 0,
                "hotelhos_x": 0,
                "indsothr_x": 0,
                "insother_x": 0,
                "kinder_x": 0,
                "libbkstr_x": 0,
                "lighting_x": 1,
                "liquorst_x": 0,
                "litter_x": 0,
                "localstre_x": 0,
                "mdhvind_x": 0,
                "medicine_x": 0,
                "midblock_x": 0,
                "mlgrcer_x": 0,
                "mntbuild_x": 0,
                "movieth_x": 0,
                "mustheat_x": 0,
                "offices_x": 0,
                "ofseroth_x": 0,
                "othrrtail_x": 0,
                "othrsdwk_x": 0,
                "parkplay_x": 0,
                "pedcrs2_x": 0,
                "pedcrssgn_x": 0,
                "playsprt_x": 0,
                "plazasq_x": 0,
                "prdusprk_x": 0,
                "primschl_x": 0,
                "prmntbldgh_x": 0,
                "pubart_x": 0,
                "pubcivic_x": 0,
                "pubgardn_x": 0,
                "pubrestr_x": 0,
                "recoher_x": 0,
                "religion_x": 0,
                "restarnt_x": 0,
                "restaurant_x": 1,
                "schother_x": 0,
                "scndschl_x": 0,
                "sdwkcomp_x": 1,
                "sdwkshde_x": 0,
                "service_x": 0,
                "sfhatach_x": 0,
                "shopmall_x": 0,
                "sidewalk_x": 2,
                "softgood_x": 1,
                "stopsgn2_x": 0,
                "stopsign_x": 0,
                "strpmall_x": 0,
                "strttree_x": 1,
                "stvendor_x": 0,
                "townhome_x": 1,
                "traffsig_x": 0,
                "trafsgn2_x": 0,
                "trcmpark_x": 1,
                "undevlnd_x": 0,
                "vehlanes_x": 2,
                "vermixus_x": 0,
                "pedactsgn_x": 0,
                "pedact2_x": 0,
                "smlgrcer_x": 1,
                "gateaccs_x": 0,
                "sdwkpave_x": 1,
                "diffrdsf_x": 0,
                "dfrdsf2_x": 1,
                "cmother_x": 0,
                "zebrastp_x": 0,
                "crsothr2_x": 1,
                "zebra2_x": 0,
                "trafcrcl_x": 0,
                "rumblesp_x": 0,
                "spdbump_x": 0,
                "pbspothr_x": 0,
                "prctbldg_x": 1,
                "swptcoth_x": 0,
                "heatlamp_x": 0,
                "pedstreet_x": 0,
                "banners_x": 0,
                "multifamtot": 1,
                "school": 0,
                "retrest": 1,
                "sdwkbuff": 1,
                "vehlanestot": 2,
                "sixlnrd": 0,
                "sixlnrdrecoded": 0,
                "implndusrecoded": 0,
                "bldgstry": 0,
                "sizeparkimi1": 0,
                "crosswalktot": 2,
                "diffrdsftot": 1,
                "pedactsgntot": 0,
                "pedcssigntot": 0,
                "schooltot": 0,
                "officestot": 0,
                "liquorbaradultcheckcashing": 0,
                "markings": 0,
                "markings2": 1,
                "vehsigs": 0,
                "vehsigs2": 0,
                "vehlanestotrecoded": 2,
                "trafcalmtot": 0,
                "markingsint": 1,
                "markingsint2": 2,
                "vehsigsint": 1,
                "vehsigs2int": 1,
                "medianint": 0,
                "trafcalmtotint": 1,
                "midcrsmarkint": 0,
                "strpmalllnt": 0,
                "retrestint": 2,
                "commothrint": 0,
                "restarntint": 0,
                "coffshopint": 3,
                "cornerstint": 0,
                "moviethint": 0,
                "barsclubint": 0,
                "culsacpedptint": 0,
                "StreetName": "Town Center Blvd",
                "IntersectionA": "Town Center Blvd",
                "IntersectionB": "Town Center Blvd & Emerald Way",
                "name_osm": "Excelsior Drive",
                "intersc1": "Town Center Blvd",
                "intersc2": "Town Center Blvd & Emerald Way",
                "tract_geoid": "24033800516",
                "tract_name": "Census Tract 8005.16",
                "STATEFP": "24",
                "COUNTYFP": "033",
                "n_tracts": 1,
                "tract_share": 1.0,
                "match": "overlay",
                "total_pop": 3715.0,
                "median_hh_income": 124545.0,
                "median_home_value": 371100.0,
                "commuters_total": 2004.0,
                "commuters_transit": 80.0,
                "renter_no_vehicle": 13.0,
                "Unnamed: 0": 22,
                "form3norm": 91.21427155000001,
                "dens2norm": 55.40965652,
                "prox3norm": 24.28083038,
                "conn6norm": 80.5850296,
                "parks2norm": 0.0,
                "peds4norm": 38.76082993,
                "safenorm": 78.05537415000001,
                "traffic5norm": 62.54398737,
                "aesttot3norm": 62.1877861,
                "paf2norm": 8.0036898e-06,
                "sop7norm": 60.88886084,
                " ": 0,
                "arcades_y": 0,
                "attrtve_y": 2,
                "awnings_y": 0,
                "barsclub_y": 0,
                "beach_y": 0,
                "benches_y": 0,
                "bigbox_y": 0,
                "bikelane_y": 0,
                "bikerack_y": 0,
                "bikeretl_y": 0,
                "bikeshre_y": 0,
                "billbrd_y": 1,
                "bklntype_y": 0,
                "blnkwall_y": 0,
                "buffboll_y": 1,
                "bufffence_y": 0,
                "buffpkcr_y": 0,
                "buffsttr_y": 0,
                "busstops_y": 0,
                "cardeal_y": 0,
                "chainstre_y": 0,
                "chckcash_y": 0,
                "civother_y": 0,
                "coffshop_y": 1,
                "college_y": 0,
                "comctlib_y": 0,
                "condoapt_y": 0,
                "cornerst_y": 0,
                "crosing2_y": 2,
                "croswalk_y": 0,
                "dining_y": 1,
                "dogs_y": 0,
                "driveway_y": 0,
                "drivthru_y": 0,
                "dumpster_y": 0,
                "farnermk_y": 0,
                "fastfood_y": 1,
                "financl_y": 0,
                "flatslpe_y": 1,
                "gasserv_y": 0,
                "gated_y": 0,
                "grafitti_y": 0,
                "gymfitns_y": 0,
                "hardgood_y": 0,
                "highschl_y": 0,
                "hotelhos_y": 0,
                "indsothr_y": 0,
                "insother_y": 0,
                "kinder_y": 0,
                "libbkstr_y": 0,
                "lighting_y": 1,
                "liquorst_y": 0,
                "litter_y": 0,
                "localstre_y": 0,
                "mdhvind_y": 0,
                "medicine_y": 0,
                "midblock_y": 0,
                "mlgrcer_y": 0,
                "mntbuild_y": 0,
                "movieth_y": 0,
                "mustheat_y": 0,
                "offices_y": 0,
                "ofseroth_y": 0,
                "othrrtail_y": 0,
                "othrsdwk_y": 0,
                "parkplay_y": 0,
                "pedcrs2_y": 0,
                "pedcrssgn_y": 0,
                "playsprt_y": 0,
                "plazasq_y": 0,
                "prctpkng_y": 0,
                "prdusprk_y": 0,
                "primschl_y": 0,
                "prmntbldgh_y": 1,
                "pubart_y": 0,
                "pubcivic_y": 0,
                "pubgardn_y": 0,
                "pubrestr_y": 0,
                "recoher_y": 0,
                "religion_y": 0,
                "restarnt_y": 1,
                "restaurant_y": 1,
                "schother_y": 0,
                "scndschl_y": 0,
                "sdwkcomp_y": 2,
                "sdwkshde_y": 0,
                "service_y": 0,
                "sfhatach_y": 0,
                "shopmall_y": 0,
                "sidewalk_y": 2,
                "sizeparkimi2_y": 0,
                "softgood_y": 1,
                "stopsgn2_y": 0,
                "stopsign_y": 0,
                "strpmall_y": 0,
                "strttree_y": 1,
                "stvendor_y": 0,
                "surfpkng_y": 0,
                "townhome_y": 1,
                "traffsig_y": 0,
                "trafsgn2_y": 0,
                "trcmpark_y": 1,
                "undevlnd_y": 0,
                "vehlanes_y": 2,
                "vermixus_y": 0,
                "pedactsgn_y": 0,
                "pedact2_y": 0,
                "smlgrcer_y": 1,
                "gateaccs_y": 0,
                "sdwkpave_y": 1,
                "diffrdsf_y": 0,
                "dfrdsf2_y": 1,
                "cmother_y": 0,
                "zebrastp_y": 0,
                "crsothr2_y": 1,
                "zebra2_y": 0,
                "trafcrcl_y": 0,
                "rumblesp_y": 0,
                "spdbump_y": 0,
                "pbspothr_y": 0,
                "prctbldg_y": 1,
                "swptcoth_y": 0,
                "heatlamp_y": 0,
                "pedstreet_y": 0,
                "banners_y": 0
            },
            "geometry": {
                "type": "LineString",
                "coordinates": [
                    [
                        -76.734150087499103,
                        38.945236051314652
                    ],
                    [
                        -76.734090235794739,
                        38.943991135863804
                    ]
                ]
            }
        },
        {
            "type": "Feature",
            "properties": {
                "sgmntid": 24,
                "name_2": "Evergreen Parkway",
                "id": 24,
                "intersection_1_location": "38.94285395348082,-76.73259394318555",
                "intersection_2_location": "38.94261454666335,-76.734066295113",
                "neighborhood": "Bowie Town Center",
                "Group": "Bowie Town Center",
                "layer": "Bowie_CustomMarked",
                "location_id": 24,
                "form3": 74.19416046000001,
                "dens2": 36.92466736,
                "prox3": 0.0,
                "conn6": 80.5850296,
                "parks2": 0.0,
                "peds4": 27.44846916,
                "safe": 78.05537415000001,
                "traffic5": 63.22566223,
                "aesttot3": 47.06646347,
                "paf2": 8.0036898e-06,
                "sopindex7": 43.56106596,
                "zscored_form3": 1.262164831,
                "zscored_dens2": -2.046435595,
                "zscored_prox3": -5.4196558,
                "zscored_conn6": -0.4574847817,
                "zscored_parks2": -1.480694154,
                "zscored_peds4": -3.36230588,
                "zscored_safe": -0.1753524542,
                "zscored_traffic5": 1.872650266,
                "zscored_aesttot3": -1.554413319,
                "zscored_paf2": -0.4590791464,
                "zscored_sopindex7": -13.42996571,
                "country": "USA",
                "state": "Maryland",
                "city": "Bowie",
                "surfpkng_x": 1,
                "sizeparkimi2_x": 2,
                "prctpkng_x": 2,
                "adultuse": 0,
                "arcades_x": 0,
                "attrtve_x": 1,
                "awnings_x": 0,
                "barsclub_x": 0,
                "beach_x": 0,
                "benches_x": 0,
                "bigbox_x": 0,
                "bikelane_x": 0,
                "bikerack_x": 0,
                "bikeretl_x": 0,
                "bikeshre_x": 0,
                "billbrd_x": 0,
                "bklntype_x": 0,
                "blnkwall_x": 0,
                "buffboll_x": 1,
                "bufffence_x": 0,
                "buffpkcr_x": 0,
                "buffsttr_x": 0,
                "busstops_x": 0,
                "cardeal_x": 0,
                "chainstre_x": 0,
                "chckcash_x": 0,
                "civother_x": 0,
                "coffshop_x": 0,
                "college_x": 0,
                "comctlib_x": 0,
                "condoapt_x": 0,
                "cornerst_x": 0,
                "crosing2_x": 0,
                "croswalk_x": 1,
                "dining_x": 0,
                "dogs_x": 0,
                "driveway_x": 0,
                "drivthru_x": 0,
                "dumpster_x": 0,
                "farnermk_x": 0,
                "fastfood_x": 0,
                "financl_x": 0,
                "flatslpe_x": 1,
                "gasserv_x": 0,
                "gated_x": 0,
                "grafitti_x": 0,
                "gymfitns_x": 0,
                "hardgood_x": 0,
                "highschl_x": 0,
                "hotelhos_x": 0,
                "indsothr_x": 0,
                "insother_x": 0,
                "kinder_x": 0,
                "libbkstr_x": 0,
                "lighting_x": 1,
                "liquorst_x": 0,
                "litter_x": 0,
                "localstre_x": 0,
                "mdhvind_x": 0,
                "medicine_x": 0,
                "midblock_x": 0,
                "mlgrcer_x": 0,
                "mntbuild_x": 0,
                "movieth_x": 0,
                "mustheat_x": 0,
                "offices_x": 0,
                "ofseroth_x": 0,
                "othrrtail_x": 0,
                "othrsdwk_x": 0,
                "parkplay_x": 0,
                "pedcrs2_x": 0,
                "pedcrssgn_x": 0,
                "playsprt_x": 0,
                "plazasq_x": 0,
                "prdusprk_x": 0,
                "primschl_x": 0,
                "prmntbldgh_x": 0,
                "pubart_x": 0,
                "pubcivic_x": 0,
                "pubgardn_x": 0,
                "pubrestr_x": 0,
                "recoher_x": 0,
                "religion_x": 0,
                "restarnt_x": 0,
                "restaurant_x": 0,
                "schother_x": 0,
                "scndschl_x": 0,
                "sdwkcomp_x": 1,
                "sdwkshde_x": 0,
                "service_x": 0,
                "sfhatach_x": 0,
                "shopmall_x": 0,
                "sidewalk_x": 1,
                "softgood_x": 0,
                "stopsgn2_x": 1,
                "stopsign_x": 0,
                "strpmall_x": 0,
                "strttree_x": 1,
                "stvendor_x": 0,
                "townhome_x": 0,
                "traffsig_x": 0,
                "trafsgn2_x": 0,
                "trcmpark_x": 0,
                "undevlnd_x": 0,
                "vehlanes_x": 1,
                "vermixus_x": 0,
                "pedactsgn_x": 0,
                "pedact2_x": 0,
                "smlgrcer_x": 0,
                "gateaccs_x": 0,
                "sdwkpave_x": 0,
                "diffrdsf_x": 0,
                "dfrdsf2_x": 0,
                "cmother_x": 1,
                "zebrastp_x": 0,
                "crsothr2_x": 1,
                "zebra2_x": 0,
                "trafcrcl_x": 0,
                "rumblesp_x": 0,
                "spdbump_x": 0,
                "pbspothr_x": 0,
                "prctbldg_x": 1,
                "swptcoth_x": 0,
                "heatlamp_x": 0,
                "pedstreet_x": 0,
                "banners_x": 0,
                "multifamtot": 0,
                "school": 0,
                "retrest": 0,
                "sdwkbuff": 1,
                "vehlanestot": 1,
                "sixlnrd": 0,
                "sixlnrdrecoded": 0,
                "implndusrecoded": 0,
                "bldgstry": 0,
                "sizeparkimi1": 2,
                "crosswalktot": 1,
                "diffrdsftot": 0,
                "pedactsgntot": 0,
                "pedcssigntot": 0,
                "schooltot": 0,
                "officestot": 0,
                "liquorbaradultcheckcashing": 0,
                "markings": 1,
                "markings2": 1,
                "vehsigs": 0,
                "vehsigs2": 1,
                "vehlanestotrecoded": 2,
                "trafcalmtot": 0,
                "markingsint": 2,
                "markingsint2": 2,
                "vehsigsint": 1,
                "vehsigs2int": 2,
                "medianint": 0,
                "trafcalmtotint": 1,
                "midcrsmarkint": 0,
                "strpmalllnt": 0,
                "retrestint": 0,
                "commothrint": 0,
                "restarntint": 0,
                "coffshopint": 0,
                "cornerstint": 0,
                "moviethint": 0,
                "barsclubint": 0,
                "culsacpedptint": 0,
                "StreetName": "Evergreen Parkway",
                "IntersectionA": "Evergreen Parkway",
                "IntersectionB": "Evergreen Parkway & Town Center Blvd",
                "name_osm": "Evergreen Parkway",
                "intersc1": "Evergreen Parkway",
                "intersc2": "Evergreen Parkway & Town Center Blvd",
                "tract_geoid": "24033800516",
                "tract_name": "Census Tract 8005.16",
                "STATEFP": "24",
                "COUNTYFP": "033",
                "n_tracts": 1,
                "tract_share": 1.0,
                "match": "overlay",
                "total_pop": 3715.0,
                "median_hh_income": 124545.0,
                "median_home_value": 371100.0,
                "commuters_total": 2004.0,
                "commuters_transit": 80.0,
                "renter_no_vehicle": 13.0,
                "Unnamed: 0": 23,
                "form3norm": 74.19416046000001,
                "dens2norm": 36.92466736,
                "prox3norm": 0.0,
                "conn6norm": 80.5850296,
                "parks2norm": 0.0,
                "peds4norm": 27.44846916,
                "safenorm": 78.05537415000001,
                "traffic5norm": 56.65030929,
                "aesttot3norm": 47.06646347,
                "paf2norm": 8.0036898e-06,
                "sop7norm": 42.17719799,
                " ": 0,
                "arcades_y": 0,
                "attrtve_y": 1,
                "awnings_y": 0,
                "barsclub_y": 0,
                "beach_y": 0,
                "benches_y": 0,
                "bigbox_y": 0,
                "bikelane_y": 0,
                "bikerack_y": 0,
                "bikeretl_y": 0,
                "bikeshre_y": 0,
                "billbrd_y": 0,
                "bklntype_y": 0,
                "blnkwall_y": 0,
                "buffboll_y": 1,
                "bufffence_y": 0,
                "buffpkcr_y": 0,
                "buffsttr_y": 0,
                "busstops_y": 0,
                "cardeal_y": 0,
                "chainstre_y": 0,
                "chckcash_y": 0,
                "civother_y": 0,
                "coffshop_y": 0,
                "college_y": 0,
                "comctlib_y": 0,
                "condoapt_y": 0,
                "cornerst_y": 0,
                "crosing2_y": 0,
                "croswalk_y": 1,
                "dining_y": 0,
                "dogs_y": 0,
                "driveway_y": 0,
                "drivthru_y": 0,
                "dumpster_y": 0,
                "farnermk_y": 0,
                "fastfood_y": 0,
                "financl_y": 0,
                "flatslpe_y": 1,
                "gasserv_y": 0,
                "gated_y": 0,
                "grafitti_y": 0,
                "gymfitns_y": 0,
                "hardgood_y": 0,
                "highschl_y": 0,
                "hotelhos_y": 0,
                "indsothr_y": 0,
                "insother_y": 0,
                "kinder_y": 0,
                "libbkstr_y": 0,
                "lighting_y": 1,
                "liquorst_y": 0,
                "litter_y": 0,
                "localstre_y": 0,
                "mdhvind_y": 0,
                "medicine_y": 0,
                "midblock_y": 0,
                "mlgrcer_y": 0,
                "mntbuild_y": 0,
                "movieth_y": 0,
                "mustheat_y": 0,
                "offices_y": 0,
                "ofseroth_y": 0,
                "othrrtail_y": 0,
                "othrsdwk_y": 0,
                "parkplay_y": 0,
                "pedcrs2_y": 0,
                "pedcrssgn_y": 0,
                "playsprt_y": 0,
                "plazasq_y": 0,
                "prctpkng_y": 2,
                "prdusprk_y": 0,
                "primschl_y": 0,
                "prmntbldgh_y": 0,
                "pubart_y": 0,
                "pubcivic_y": 0,
                "pubgardn_y": 0,
                "pubrestr_y": 0,
                "recoher_y": 0,
                "religion_y": 0,
                "restarnt_y": 0,
                "restaurant_y": 0,
                "schother_y": 0,
                "scndschl_y": 0,
                "sdwkcomp_y": 1,
                "sdwkshde_y": 0,
                "service_y": 0,
                "sfhatach_y": 0,
                "shopmall_y": 0,
                "sidewalk_y": 1,
                "sizeparkimi2_y": 2,
                "softgood_y": 0,
                "stopsgn2_y": 1,
                "stopsign_y": 0,
                "strpmall_y": 0,
                "strttree_y": 1,
                "stvendor_y": 0,
                "surfpkng_y": 1,
                "townhome_y": 0,
                "traffsig_y": 0,
                "trafsgn2_y": 0,
                "trcmpark_y": 0,
                "undevlnd_y": 0,
                "vehlanes_y": 1,
                "vermixus_y": 0,
                "pedactsgn_y": 0,
                "pedact2_y": 0,
                "smlgrcer_y": 0,
                "gateaccs_y": 0,
                "sdwkpave_y": 0,
                "diffrdsf_y": 0,
                "dfrdsf2_y": 0,
                "cmother_y": 1,
                "zebrastp_y": 0,
                "crsothr2_y": 1,
                "zebra2_y": 0,
                "trafcrcl_y": 0,
                "rumblesp_y": 0,
                "spdbump_y": 0,
                "pbspothr_y": 0,
                "prctbldg_y": 1,
                "swptcoth_y": 0,
                "heatlamp_y": 0,
                "pedstreet_y": 0,
                "banners_y": 0
            },
            "geometry": {
                "type": "LineString",
                "coordinates": [
                    [
                        -76.732593943185549,
                        38.942853953480821
                    ],
                    [
                        -76.734066295112996,
                        38.94261454666335
                    ]
                ]
            }
        },
        {
            "type": "Feature",
            "properties": {
                "sgmntid": 25,
                "name_2": "Evergreen Parkway",
                "id": 25,
                "intersection_1_location": "38.94261454666335,-76.734066295113",
                "intersection_2_location": "38.942482872913736,-76.73708282101312",
                "neighborhood": "Bowie Town Center",
                "Group": "Bowie Town Center",
                "layer": "Bowie_CustomMarked",
                "location_id": 25,
                "form3": 30.22658539,
                "dens2": 36.92466736,
                "prox3": 2.794286013,
                "conn6": 80.5850296,
                "parks2": 0.0,
                "peds4": 11.91331482,
                "safe": 78.05537415000001,
                "traffic5": 69.48582458,
                "aesttot3": 45.47847366,
                "paf2": 8.0036898e-06,
                "sopindex7": 32.47262013,
                "zscored_form3": 18.36190605,
                "zscored_dens2": -2.046435595,
                "zscored_prox3": -4.242321968,
                "zscored_conn6": -0.4574847817,
                "zscored_parks2": -1.480694154,
                "zscored_peds4": -11.52099228,
                "zscored_safe": -0.1753524542,
                "zscored_traffic5": 4.537288189,
                "zscored_aesttot3": -2.563771963,
                "zscored_paf2": -0.4590791464,
                "zscored_sopindex7": -35.85578189,
                "country": "USA",
                "state": "Maryland",
                "city": "Bowie",
                "surfpkng_x": 1,
                "sizeparkimi2_x": 2,
                "prctpkng_x": 2,
                "adultuse": 0,
                "arcades_x": 0,
                "attrtve_x": 2,
                "awnings_x": 0,
                "barsclub_x": 0,
                "beach_x": 0,
                "benches_x": 0,
                "bigbox_x": 1,
                "bikelane_x": 0,
                "bikerack_x": 0,
                "bikeretl_x": 0,
                "bikeshre_x": 0,
                "billbrd_x": 1,
                "bklntype_x": 0,
                "blnkwall_x": 1,
                "buffboll_x": 0,
                "bufffence_x": 0,
                "buffpkcr_x": 0,
                "buffsttr_x": 0,
                "busstops_x": 0,
                "cardeal_x": 0,
                "chainstre_x": 1,
                "chckcash_x": 0,
                "civother_x": 0,
                "coffshop_x": 0,
                "college_x": 0,
                "comctlib_x": 0,
                "condoapt_x": 0,
                "cornerst_x": 0,
                "crosing2_x": 2,
                "croswalk_x": 2,
                "dining_x": 0,
                "dogs_x": 0,
                "driveway_x": 0,
                "drivthru_x": 0,
                "dumpster_x": 0,
                "farnermk_x": 0,
                "fastfood_x": 0,
                "financl_x": 0,
                "flatslpe_x": 1,
                "gasserv_x": 0,
                "gated_x": 0,
                "grafitti_x": 0,
                "gymfitns_x": 0,
                "hardgood_x": 0,
                "highschl_x": 0,
                "hotelhos_x": 0,
                "indsothr_x": 0,
                "insother_x": 0,
                "kinder_x": 0,
                "libbkstr_x": 0,
                "lighting_x": 1,
                "liquorst_x": 0,
                "litter_x": 0,
                "localstre_x": 0,
                "mdhvind_x": 0,
                "medicine_x": 0,
                "midblock_x": 0,
                "mlgrcer_x": 0,
                "mntbuild_x": 0,
                "movieth_x": 0,
                "mustheat_x": 0,
                "offices_x": 0,
                "ofseroth_x": 0,
                "othrrtail_x": 0,
                "othrsdwk_x": 1,
                "parkplay_x": 0,
                "pedcrs2_x": 0,
                "pedcrssgn_x": 0,
                "playsprt_x": 0,
                "plazasq_x": 0,
                "prdusprk_x": 0,
                "primschl_x": 0,
                "prmntbldgh_x": 0,
                "pubart_x": 0,
                "pubcivic_x": 0,
                "pubgardn_x": 0,
                "pubrestr_x": 0,
                "recoher_x": 0,
                "religion_x": 0,
                "restarnt_x": 0,
                "restaurant_x": 0,
                "schother_x": 0,
                "scndschl_x": 0,
                "sdwkcomp_x": 0,
                "sdwkshde_x": 0,
                "service_x": 0,
                "sfhatach_x": 0,
                "shopmall_x": 0,
                "sidewalk_x": 0,
                "softgood_x": 0,
                "stopsgn2_x": 0,
                "stopsign_x": 1,
                "strpmall_x": 1,
                "strttree_x": 1,
                "stvendor_x": 0,
                "townhome_x": 0,
                "traffsig_x": 0,
                "trafsgn2_x": 0,
                "trcmpark_x": 1,
                "undevlnd_x": 0,
                "vehlanes_x": 2,
                "vermixus_x": 0,
                "pedactsgn_x": 0,
                "pedact2_x": 0,
                "smlgrcer_x": 0,
                "gateaccs_x": 0,
                "sdwkpave_x": 1,
                "diffrdsf_x": 0,
                "dfrdsf2_x": 0,
                "cmother_x": 1,
                "zebrastp_x": 0,
                "crsothr2_x": 1,
                "zebra2_x": 0,
                "trafcrcl_x": 0,
                "rumblesp_x": 0,
                "spdbump_x": 0,
                "pbspothr_x": 0,
                "prctbldg_x": 1,
                "swptcoth_x": 0,
                "heatlamp_x": 0,
                "pedstreet_x": 0,
                "banners_x": 0,
                "multifamtot": 0,
                "school": 0,
                "retrest": 1,
                "sdwkbuff": 0,
                "vehlanestot": 2,
                "sixlnrd": 0,
                "sixlnrdrecoded": 0,
                "implndusrecoded": 0,
                "bldgstry": 0,
                "sizeparkimi1": 2,
                "crosswalktot": 4,
                "diffrdsftot": 0,
                "pedactsgntot": 0,
                "pedcssigntot": 0,
                "schooltot": 0,
                "officestot": 0,
                "liquorbaradultcheckcashing": 0,
                "markings": 1,
                "markings2": 1,
                "vehsigs": 1,
                "vehsigs2": 0,
                "vehlanestotrecoded": 2,
                "trafcalmtot": 0,
                "markingsint": 2,
                "markingsint2": 2,
                "vehsigsint": 0,
                "vehsigs2int": 1,
                "medianint": 0,
                "trafcalmtotint": 1,
                "midcrsmarkint": 0,
                "strpmalllnt": 1,
                "retrestint": 1,
                "commothrint": 0,
                "restarntint": 0,
                "coffshopint": 0,
                "cornerstint": 0,
                "moviethint": 0,
                "barsclubint": 0,
                "culsacpedptint": 0,
                "StreetName": "Evergreen Parkway",
                "IntersectionA": "Evergreen Parkway & Town Center Blvd",
                "IntersectionB": "Evergreen Parkway",
                "name_osm": "Evergreen Parkway",
                "intersc1": "Evergreen Parkway & Town Center Blvd",
                "intersc2": "Evergreen Parkway",
                "tract_geoid": "24033800516",
                "tract_name": "Census Tract 8005.16",
                "STATEFP": "24",
                "COUNTYFP": "033",
                "n_tracts": 1,
                "tract_share": 1.0,
                "match": "overlay",
                "total_pop": 3715.0,
                "median_hh_income": 124545.0,
                "median_home_value": 371100.0,
                "commuters_total": 2004.0,
                "commuters_transit": 80.0,
                "renter_no_vehicle": 13.0,
                "Unnamed: 0": 24,
                "form3norm": 27.49300385,
                "dens2norm": 27.79145241,
                "prox3norm": 2.794286013,
                "conn6norm": 80.5850296,
                "parks2norm": 0.0,
                "peds4norm": 11.91331482,
                "safenorm": 78.05537415000001,
                "traffic5norm": 79.21005389,
                "aesttot3norm": 45.47847366,
                "paf2norm": 8.0036898e-06,
                "sop7norm": 33.27712636,
                " ": 0,
                "arcades_y": 0,
                "attrtve_y": 2,
                "awnings_y": 0,
                "barsclub_y": 0,
                "beach_y": 0,
                "benches_y": 0,
                "bigbox_y": 1,
                "bikelane_y": 0,
                "bikerack_y": 0,
                "bikeretl_y": 0,
                "bikeshre_y": 0,
                "billbrd_y": 1,
                "bklntype_y": 0,
                "blnkwall_y": 1,
                "buffboll_y": 0,
                "bufffence_y": 0,
                "buffpkcr_y": 0,
                "buffsttr_y": 0,
                "busstops_y": 0,
                "cardeal_y": 0,
                "chainstre_y": 1,
                "chckcash_y": 0,
                "civother_y": 0,
                "coffshop_y": 0,
                "college_y": 0,
                "comctlib_y": 0,
                "condoapt_y": 0,
                "cornerst_y": 0,
                "crosing2_y": 2,
                "croswalk_y": 2,
                "dining_y": 0,
                "dogs_y": 0,
                "driveway_y": 0,
                "drivthru_y": 0,
                "dumpster_y": 0,
                "farnermk_y": 0,
                "fastfood_y": 0,
                "financl_y": 0,
                "flatslpe_y": 1,
                "gasserv_y": 0,
                "gated_y": 0,
                "grafitti_y": 0,
                "gymfitns_y": 0,
                "hardgood_y": 0,
                "highschl_y": 0,
                "hotelhos_y": 0,
                "indsothr_y": 0,
                "insother_y": 0,
                "kinder_y": 0,
                "libbkstr_y": 0,
                "lighting_y": 1,
                "liquorst_y": 0,
                "litter_y": 0,
                "localstre_y": 0,
                "mdhvind_y": 0,
                "medicine_y": 0,
                "midblock_y": 0,
                "mlgrcer_y": 0,
                "mntbuild_y": 0,
                "movieth_y": 0,
                "mustheat_y": 0,
                "offices_y": 0,
                "ofseroth_y": 0,
                "othrrtail_y": 0,
                "othrsdwk_y": 1,
                "parkplay_y": 0,
                "pedcrs2_y": 0,
                "pedcrssgn_y": 0,
                "playsprt_y": 0,
                "plazasq_y": 0,
                "prctpkng_y": 2,
                "prdusprk_y": 0,
                "primschl_y": 0,
                "prmntbldgh_y": 1,
                "pubart_y": 0,
                "pubcivic_y": 0,
                "pubgardn_y": 0,
                "pubrestr_y": 0,
                "recoher_y": 0,
                "religion_y": 0,
                "restarnt_y": 0,
                "restaurant_y": 0,
                "schother_y": 0,
                "scndschl_y": 0,
                "sdwkcomp_y": 0,
                "sdwkshde_y": 0,
                "service_y": 0,
                "sfhatach_y": 0,
                "shopmall_y": 0,
                "sidewalk_y": 0,
                "sizeparkimi2_y": 2,
                "softgood_y": 0,
                "stopsgn2_y": 0,
                "stopsign_y": 1,
                "strpmall_y": 1,
                "strttree_y": 1,
                "stvendor_y": 0,
                "surfpkng_y": 1,
                "townhome_y": 0,
                "traffsig_y": 0,
                "trafsgn2_y": 0,
                "trcmpark_y": 1,
                "undevlnd_y": 0,
                "vehlanes_y": 2,
                "vermixus_y": 0,
                "pedactsgn_y": 0,
                "pedact2_y": 0,
                "smlgrcer_y": 0,
                "gateaccs_y": 0,
                "sdwkpave_y": 1,
                "diffrdsf_y": 0,
                "dfrdsf2_y": 0,
                "cmother_y": 1,
                "zebrastp_y": 0,
                "crsothr2_y": 1,
                "zebra2_y": 0,
                "trafcrcl_y": 0,
                "rumblesp_y": 0,
                "spdbump_y": 0,
                "pbspothr_y": 0,
                "prctbldg_y": 0,
                "swptcoth_y": 0,
                "heatlamp_y": 0,
                "pedstreet_y": 0,
                "banners_y": 0
            },
            "geometry": {
                "type": "LineString",
                "coordinates": [
                    [
                        -76.734066295112996,
                        38.94261454666335
                    ],
                    [
                        -76.737082821013118,
                        38.942482872913736
                    ]
                ]
            }
        },
        {
            "type": "Feature",
            "properties": {
                "sgmntid": 26,
                "name_2": "Emerald Way",
                "id": 26,
                "intersection_1_location": "38.94397916552293,-76.73413811715824",
                "intersection_2_location": "38.9438594621142,-76.73716661339924",
                "neighborhood": "Bowie Town Center",
                "Group": "Bowie Town Center",
                "layer": "Bowie_CustomMarked",
                "location_id": 26,
                "form3": 91.21427155000001,
                "dens2": 49.578125,
                "prox3": 46.4024353,
                "conn6": 80.5850296,
                "parks2": 0.0,
                "peds4": 55.25366592,
                "safe": 78.05537415000001,
                "traffic5": 77.7915802,
                "aesttot3": 65.80958557,
                "paf2": 32.0144043,
                "sopindex7": 77.14768833,
                "zscored_form3": -5.357245922,
                "zscored_dens2": -0.03905797005,
                "zscored_prox3": 14.13136768,
                "zscored_conn6": -0.4574847817,
                "zscored_parks2": -1.480694154,
                "zscored_peds4": 11.24031162,
                "zscored_safe": -0.1753524542,
                "zscored_traffic5": 8.072637558,
                "zscored_aesttot3": 10.35913372,
                "zscored_paf2": 6.574189186,
                "zscored_sopindex7": 54.49726512,
                "country": "USA",
                "state": "Maryland",
                "city": "Bowie",
                "surfpkng_x": 0,
                "sizeparkimi2_x": 0,
                "prctpkng_x": 0,
                "adultuse": 0,
                "arcades_x": 0,
                "attrtve_x": 2,
                "awnings_x": 1,
                "barsclub_x": 0,
                "beach_x": 0,
                "benches_x": 1,
                "bigbox_x": 0,
                "bikelane_x": 0,
                "bikerack_x": 0,
                "bikeretl_x": 0,
                "bikeshre_x": 0,
                "billbrd_x": 2,
                "bklntype_x": 0,
                "blnkwall_x": 0,
                "buffboll_x": 0,
                "bufffence_x": 0,
                "buffpkcr_x": 0,
                "buffsttr_x": 0,
                "busstops_x": 0,
                "cardeal_x": 0,
                "chainstre_x": 1,
                "chckcash_x": 0,
                "civother_x": 0,
                "coffshop_x": 1,
                "college_x": 0,
                "comctlib_x": 0,
                "condoapt_x": 0,
                "cornerst_x": 0,
                "crosing2_x": 2,
                "croswalk_x": 2,
                "dining_x": 1,
                "dogs_x": 0,
                "driveway_x": 0,
                "drivthru_x": 0,
                "dumpster_x": 0,
                "farnermk_x": 0,
                "fastfood_x": 1,
                "financl_x": 0,
                "flatslpe_x": 1,
                "gasserv_x": 0,
                "gated_x": 0,
                "grafitti_x": 0,
                "gymfitns_x": 1,
                "hardgood_x": 0,
                "highschl_x": 0,
                "hotelhos_x": 1,
                "indsothr_x": 0,
                "insother_x": 0,
                "kinder_x": 0,
                "libbkstr_x": 0,
                "lighting_x": 1,
                "liquorst_x": 0,
                "litter_x": 0,
                "localstre_x": 1,
                "mdhvind_x": 0,
                "medicine_x": 1,
                "midblock_x": 1,
                "mlgrcer_x": 0,
                "mntbuild_x": 0,
                "movieth_x": 0,
                "mustheat_x": 0,
                "offices_x": 1,
                "ofseroth_x": 0,
                "othrrtail_x": 0,
                "othrsdwk_x": 0,
                "parkplay_x": 0,
                "pedcrs2_x": 0,
                "pedcrssgn_x": 0,
                "playsprt_x": 0,
                "plazasq_x": 0,
                "prdusprk_x": 0,
                "primschl_x": 0,
                "prmntbldgh_x": 0,
                "pubart_x": 0,
                "pubcivic_x": 0,
                "pubgardn_x": 0,
                "pubrestr_x": 0,
                "recoher_x": 0,
                "religion_x": 0,
                "restarnt_x": 0,
                "restaurant_x": 1,
                "schother_x": 0,
                "scndschl_x": 0,
                "sdwkcomp_x": 1,
                "sdwkshde_x": 1,
                "service_x": 0,
                "sfhatach_x": 0,
                "shopmall_x": 0,
                "sidewalk_x": 2,
                "softgood_x": 1,
                "stopsgn2_x": 0,
                "stopsign_x": 0,
                "strpmall_x": 0,
                "strttree_x": 1,
                "stvendor_x": 0,
                "townhome_x": 1,
                "traffsig_x": 0,
                "trafsgn2_x": 0,
                "trcmpark_x": 1,
                "undevlnd_x": 0,
                "vehlanes_x": 2,
                "vermixus_x": 0,
                "pedactsgn_x": 0,
                "pedact2_x": 0,
                "smlgrcer_x": 0,
                "gateaccs_x": 0,
                "sdwkpave_x": 1,
                "diffrdsf_x": 1,
                "dfrdsf2_x": 1,
                "cmother_x": 0,
                "zebrastp_x": 0,
                "crsothr2_x": 1,
                "zebra2_x": 0,
                "trafcrcl_x": 0,
                "rumblesp_x": 0,
                "spdbump_x": 0,
                "pbspothr_x": 0,
                "prctbldg_x": 1,
                "swptcoth_x": 0,
                "heatlamp_x": 0,
                "pedstreet_x": 0,
                "banners_x": 0,
                "multifamtot": 1,
                "school": 0,
                "retrest": 1,
                "sdwkbuff": 0,
                "vehlanestot": 2,
                "sixlnrd": 0,
                "sixlnrdrecoded": 0,
                "implndusrecoded": 0,
                "bldgstry": 0,
                "sizeparkimi1": 0,
                "crosswalktot": 4,
                "diffrdsftot": 2,
                "pedactsgntot": 0,
                "pedcssigntot": 0,
                "schooltot": 0,
                "officestot": 1,
                "liquorbaradultcheckcashing": 0,
                "markings": 0,
                "markings2": 1,
                "vehsigs": 0,
                "vehsigs2": 0,
                "vehlanestotrecoded": 2,
                "trafcalmtot": 0,
                "markingsint": 1,
                "markingsint2": 2,
                "vehsigsint": 1,
                "vehsigs2int": 1,
                "medianint": 0,
                "trafcalmtotint": 1,
                "midcrsmarkint": 1,
                "strpmalllnt": 0,
                "retrestint": 2,
                "commothrint": 0,
                "restarntint": 0,
                "coffshopint": 3,
                "cornerstint": 0,
                "moviethint": 0,
                "barsclubint": 0,
                "culsacpedptint": 0,
                "StreetName": "Emerald Way",
                "IntersectionA": "Emerald Way & Town Center Blvd",
                "IntersectionB": "Emerald Way",
                "name_osm": "West Drive",
                "intersc1": "Emerald Way & Town Center Blvd",
                "intersc2": "Emerald Way",
                "tract_geoid": "24033800516",
                "tract_name": "Census Tract 8005.16",
                "STATEFP": "24",
                "COUNTYFP": "033",
                "n_tracts": 1,
                "tract_share": 1.0,
                "match": "overlay",
                "total_pop": 3715.0,
                "median_hh_income": 124545.0,
                "median_home_value": 371100.0,
                "commuters_total": 2004.0,
                "commuters_transit": 80.0,
                "renter_no_vehicle": 13.0,
                "Unnamed: 0": 25,
                "form3norm": 91.21427155000001,
                "dens2norm": 55.40965652,
                "prox3norm": 53.39599991,
                "conn6norm": 80.5850296,
                "parks2norm": 0.0,
                "peds4norm": 55.25366592,
                "safenorm": 78.05537415000001,
                "traffic5norm": 90.06608605,
                "aesttot3norm": 65.80958557,
                "paf2norm": 32.0144043,
                "sop7norm": 81.64541411,
                " ": 0,
                "arcades_y": 0,
                "attrtve_y": 2,
                "awnings_y": 1,
                "barsclub_y": 0,
                "beach_y": 0,
                "benches_y": 1,
                "bigbox_y": 0,
                "bikelane_y": 0,
                "bikerack_y": 0,
                "bikeretl_y": 0,
                "bikeshre_y": 0,
                "billbrd_y": 2,
                "bklntype_y": 0,
                "blnkwall_y": 0,
                "buffboll_y": 0,
                "bufffence_y": 0,
                "buffpkcr_y": 0,
                "buffsttr_y": 0,
                "busstops_y": 0,
                "cardeal_y": 0,
                "chainstre_y": 1,
                "chckcash_y": 0,
                "civother_y": 0,
                "coffshop_y": 1,
                "college_y": 0,
                "comctlib_y": 0,
                "condoapt_y": 0,
                "cornerst_y": 0,
                "crosing2_y": 2,
                "croswalk_y": 2,
                "dining_y": 1,
                "dogs_y": 0,
                "driveway_y": 0,
                "drivthru_y": 0,
                "dumpster_y": 0,
                "farnermk_y": 0,
                "fastfood_y": 1,
                "financl_y": 0,
                "flatslpe_y": 1,
                "gasserv_y": 0,
                "gated_y": 0,
                "grafitti_y": 0,
                "gymfitns_y": 1,
                "hardgood_y": 0,
                "highschl_y": 0,
                "hotelhos_y": 1,
                "indsothr_y": 0,
                "insother_y": 0,
                "kinder_y": 0,
                "libbkstr_y": 0,
                "lighting_y": 1,
                "liquorst_y": 0,
                "litter_y": 0,
                "localstre_y": 1,
                "mdhvind_y": 0,
                "medicine_y": 1,
                "midblock_y": 1,
                "mlgrcer_y": 0,
                "mntbuild_y": 0,
                "movieth_y": 0,
                "mustheat_y": 0,
                "offices_y": 1,
                "ofseroth_y": 0,
                "othrrtail_y": 0,
                "othrsdwk_y": 0,
                "parkplay_y": 0,
                "pedcrs2_y": 0,
                "pedcrssgn_y": 0,
                "playsprt_y": 0,
                "plazasq_y": 0,
                "prctpkng_y": 0,
                "prdusprk_y": 0,
                "primschl_y": 0,
                "prmntbldgh_y": 1,
                "pubart_y": 0,
                "pubcivic_y": 0,
                "pubgardn_y": 0,
                "pubrestr_y": 0,
                "recoher_y": 0,
                "religion_y": 0,
                "restarnt_y": 1,
                "restaurant_y": 1,
                "schother_y": 0,
                "scndschl_y": 0,
                "sdwkcomp_y": 2,
                "sdwkshde_y": 0,
                "service_y": 0,
                "sfhatach_y": 0,
                "shopmall_y": 0,
                "sidewalk_y": 2,
                "sizeparkimi2_y": 0,
                "softgood_y": 1,
                "stopsgn2_y": 0,
                "stopsign_y": 0,
                "strpmall_y": 0,
                "strttree_y": 1,
                "stvendor_y": 0,
                "surfpkng_y": 0,
                "townhome_y": 1,
                "traffsig_y": 0,
                "trafsgn2_y": 0,
                "trcmpark_y": 1,
                "undevlnd_y": 0,
                "vehlanes_y": 2,
                "vermixus_y": 0,
                "pedactsgn_y": 0,
                "pedact2_y": 0,
                "smlgrcer_y": 0,
                "gateaccs_y": 0,
                "sdwkpave_y": 1,
                "diffrdsf_y": 1,
                "dfrdsf2_y": 1,
                "cmother_y": 0,
                "zebrastp_y": 0,
                "crsothr2_y": 1,
                "zebra2_y": 0,
                "trafcrcl_y": 1,
                "rumblesp_y": 0,
                "spdbump_y": 0,
                "pbspothr_y": 0,
                "prctbldg_y": 1,
                "swptcoth_y": 0,
                "heatlamp_y": 0,
                "pedstreet_y": 0,
                "banners_y": 0
            },
            "geometry": {
                "type": "LineString",
                "coordinates": [
                    [
                        -76.734138117158238,
                        38.943979165522933
                    ],
                    [
                        -76.737166613399239,
                        38.943859462114197
                    ]
                ]
            }
        },
        {
            "type": "Feature",
            "properties": {
                "sgmntid": 27,
                "name_2": "Excelsior Dr",
                "id": 27,
                "intersection_1_location": "38.94523605131465,-76.73424585022609",
                "intersection_2_location": "38.94524802165552,-76.7372743464671",
                "neighborhood": "Bowie Town Center",
                "Group": "Bowie Town Center",
                "layer": "Bowie_CustomMarked",
                "location_id": 27,
                "form3": 91.21427155000001,
                "dens2": 36.92466736,
                "prox3": 38.56011963,
                "conn6": 76.89342499,
                "parks2": 0.0,
                "peds4": 45.6291008,
                "safe": 78.05537415000001,
                "traffic5": 80.34353638,
                "aesttot3": 64.47431946,
                "paf2": 8.0036898e-06,
                "sopindex7": 68.30163763,
                "zscored_form3": -5.357245922,
                "zscored_dens2": -2.046435595,
                "zscored_prox3": 10.82711792,
                "zscored_conn6": 0.2712378204,
                "zscored_parks2": -1.480694154,
                "zscored_peds4": 6.185723305,
                "zscored_safe": -0.1753524542,
                "zscored_traffic5": 9.158880234,
                "zscored_aesttot3": 9.510410309,
                "zscored_paf2": -0.4590791464,
                "zscored_sopindex7": 36.60657873,
                "country": "USA",
                "state": "Maryland",
                "city": "Bowie",
                "surfpkng_x": 0,
                "sizeparkimi2_x": 0,
                "prctpkng_x": 0,
                "adultuse": 0,
                "arcades_x": 0,
                "attrtve_x": 1,
                "awnings_x": 1,
                "barsclub_x": 0,
                "beach_x": 0,
                "benches_x": 0,
                "bigbox_x": 0,
                "bikelane_x": 0,
                "bikerack_x": 0,
                "bikeretl_x": 0,
                "bikeshre_x": 0,
                "billbrd_x": 1,
                "bklntype_x": 0,
                "blnkwall_x": 0,
                "buffboll_x": 0,
                "bufffence_x": 0,
                "buffpkcr_x": 0,
                "buffsttr_x": 0,
                "busstops_x": 0,
                "cardeal_x": 0,
                "chainstre_x": 1,
                "chckcash_x": 0,
                "civother_x": 0,
                "coffshop_x": 1,
                "college_x": 0,
                "comctlib_x": 0,
                "condoapt_x": 0,
                "cornerst_x": 0,
                "crosing2_x": 2,
                "croswalk_x": 2,
                "dining_x": 1,
                "dogs_x": 0,
                "driveway_x": 0,
                "drivthru_x": 0,
                "dumpster_x": 0,
                "farnermk_x": 0,
                "fastfood_x": 1,
                "financl_x": 0,
                "flatslpe_x": 1,
                "gasserv_x": 0,
                "gated_x": 0,
                "grafitti_x": 0,
                "gymfitns_x": 0,
                "hardgood_x": 0,
                "highschl_x": 0,
                "hotelhos_x": 0,
                "indsothr_x": 0,
                "insother_x": 1,
                "kinder_x": 0,
                "libbkstr_x": 0,
                "lighting_x": 1,
                "liquorst_x": 0,
                "litter_x": 0,
                "localstre_x": 0,
                "mdhvind_x": 0,
                "medicine_x": 0,
                "midblock_x": 1,
                "mlgrcer_x": 0,
                "mntbuild_x": 0,
                "movieth_x": 0,
                "mustheat_x": 0,
                "offices_x": 0,
                "ofseroth_x": 0,
                "othrrtail_x": 0,
                "othrsdwk_x": 0,
                "parkplay_x": 0,
                "pedcrs2_x": 0,
                "pedcrssgn_x": 0,
                "playsprt_x": 0,
                "plazasq_x": 0,
                "prdusprk_x": 0,
                "primschl_x": 0,
                "prmntbldgh_x": 0,
                "pubart_x": 0,
                "pubcivic_x": 0,
                "pubgardn_x": 0,
                "pubrestr_x": 0,
                "recoher_x": 0,
                "religion_x": 0,
                "restarnt_x": 0,
                "restaurant_x": 1,
                "schother_x": 0,
                "scndschl_x": 0,
                "sdwkcomp_x": 0,
                "sdwkshde_x": 1,
                "service_x": 1,
                "sfhatach_x": 0,
                "shopmall_x": 0,
                "sidewalk_x": 2,
                "softgood_x": 1,
                "stopsgn2_x": 0,
                "stopsign_x": 1,
                "strpmall_x": 0,
                "strttree_x": 1,
                "stvendor_x": 0,
                "townhome_x": 0,
                "traffsig_x": 0,
                "trafsgn2_x": 0,
                "trcmpark_x": 1,
                "undevlnd_x": 0,
                "vehlanes_x": 3,
                "vermixus_x": 0,
                "pedactsgn_x": 0,
                "pedact2_x": 0,
                "smlgrcer_x": 0,
                "gateaccs_x": 0,
                "sdwkpave_x": 1,
                "diffrdsf_x": 1,
                "dfrdsf2_x": 1,
                "cmother_x": 1,
                "zebrastp_x": 0,
                "crsothr2_x": 1,
                "zebra2_x": 0,
                "trafcrcl_x": 0,
                "rumblesp_x": 0,
                "spdbump_x": 0,
                "pbspothr_x": 0,
                "prctbldg_x": 1,
                "swptcoth_x": 0,
                "heatlamp_x": 0,
                "pedstreet_x": 0,
                "banners_x": 1,
                "multifamtot": 0,
                "school": 0,
                "retrest": 1,
                "sdwkbuff": 0,
                "vehlanestot": 3,
                "sixlnrd": 0,
                "sixlnrdrecoded": 0,
                "implndusrecoded": 0,
                "bldgstry": 0,
                "sizeparkimi1": 0,
                "crosswalktot": 4,
                "diffrdsftot": 2,
                "pedactsgntot": 0,
                "pedcssigntot": 0,
                "schooltot": 0,
                "officestot": 1,
                "liquorbaradultcheckcashing": 0,
                "markings": 1,
                "markings2": 1,
                "vehsigs": 1,
                "vehsigs2": 0,
                "vehlanestotrecoded": 3,
                "trafcalmtot": 0,
                "markingsint": 2,
                "markingsint2": 2,
                "vehsigsint": 2,
                "vehsigs2int": 1,
                "medianint": 0,
                "trafcalmtotint": 0,
                "midcrsmarkint": 1,
                "strpmalllnt": 0,
                "retrestint": 2,
                "commothrint": 0,
                "restarntint": 0,
                "coffshopint": 3,
                "cornerstint": 0,
                "moviethint": 0,
                "barsclubint": 0,
                "culsacpedptint": 0,
                "StreetName": "Excelsior Dr",
                "IntersectionA": "Excelsior Dr & Town Center Blvd",
                "IntersectionB": "Excelsior Dr",
                "name_osm": "Excelsior Drive",
                "intersc1": "Excelsior Dr & Town Center Blvd",
                "intersc2": "Excelsior Dr",
                "tract_geoid": "24033800516",
                "tract_name": "Census Tract 8005.16",
                "STATEFP": "24",
                "COUNTYFP": "033",
                "n_tracts": 1,
                "tract_share": 1.0,
                "match": "overlay",
                "total_pop": 3715.0,
                "median_hh_income": 124545.0,
                "median_home_value": 371100.0,
                "commuters_total": 2004.0,
                "commuters_transit": 80.0,
                "renter_no_vehicle": 13.0,
                "Unnamed: 0": 26,
                "form3norm": 84.68736267,
                "dens2norm": 27.79145241,
                "prox3norm": 43.48776627,
                "conn6norm": 76.89342499,
                "parks2norm": 0.0,
                "peds4norm": 45.6291008,
                "safenorm": 78.05537415000001,
                "traffic5norm": 71.2978556,
                "aesttot3norm": 64.47431946,
                "paf2norm": 8.0036898e-06,
                "sop7norm": 65.45288951000001,
                " ": 0,
                "arcades_y": 0,
                "attrtve_y": 1,
                "awnings_y": 1,
                "barsclub_y": 0,
                "beach_y": 0,
                "benches_y": 0,
                "bigbox_y": 0,
                "bikelane_y": 0,
                "bikerack_y": 0,
                "bikeretl_y": 0,
                "bikeshre_y": 0,
                "billbrd_y": 1,
                "bklntype_y": 0,
                "blnkwall_y": 0,
                "buffboll_y": 0,
                "bufffence_y": 0,
                "buffpkcr_y": 0,
                "buffsttr_y": 0,
                "busstops_y": 0,
                "cardeal_y": 0,
                "chainstre_y": 1,
                "chckcash_y": 0,
                "civother_y": 0,
                "coffshop_y": 1,
                "college_y": 0,
                "comctlib_y": 0,
                "condoapt_y": 0,
                "cornerst_y": 0,
                "crosing2_y": 2,
                "croswalk_y": 2,
                "dining_y": 1,
                "dogs_y": 0,
                "driveway_y": 0,
                "drivthru_y": 0,
                "dumpster_y": 0,
                "farnermk_y": 0,
                "fastfood_y": 1,
                "financl_y": 0,
                "flatslpe_y": 1,
                "gasserv_y": 0,
                "gated_y": 0,
                "grafitti_y": 0,
                "gymfitns_y": 0,
                "hardgood_y": 0,
                "highschl_y": 0,
                "hotelhos_y": 0,
                "indsothr_y": 0,
                "insother_y": 1,
                "kinder_y": 0,
                "libbkstr_y": 0,
                "lighting_y": 1,
                "liquorst_y": 0,
                "litter_y": 0,
                "localstre_y": 0,
                "mdhvind_y": 0,
                "medicine_y": 0,
                "midblock_y": 1,
                "mlgrcer_y": 0,
                "mntbuild_y": 0,
                "movieth_y": 0,
                "mustheat_y": 0,
                "offices_y": 0,
                "ofseroth_y": 0,
                "othrrtail_y": 0,
                "othrsdwk_y": 0,
                "parkplay_y": 0,
                "pedcrs2_y": 0,
                "pedcrssgn_y": 0,
                "playsprt_y": 0,
                "plazasq_y": 0,
                "prctpkng_y": 0,
                "prdusprk_y": 0,
                "primschl_y": 0,
                "prmntbldgh_y": 1,
                "pubart_y": 0,
                "pubcivic_y": 0,
                "pubgardn_y": 0,
                "pubrestr_y": 0,
                "recoher_y": 0,
                "religion_y": 0,
                "restarnt_y": 1,
                "restaurant_y": 1,
                "schother_y": 0,
                "scndschl_y": 0,
                "sdwkcomp_y": 0,
                "sdwkshde_y": 0,
                "service_y": 1,
                "sfhatach_y": 0,
                "shopmall_y": 0,
                "sidewalk_y": 2,
                "sizeparkimi2_y": 0,
                "softgood_y": 1,
                "stopsgn2_y": 0,
                "stopsign_y": 1,
                "strpmall_y": 0,
                "strttree_y": 1,
                "stvendor_y": 0,
                "surfpkng_y": 0,
                "townhome_y": 0,
                "traffsig_y": 0,
                "trafsgn2_y": 0,
                "trcmpark_y": 0,
                "undevlnd_y": 0,
                "vehlanes_y": 3,
                "vermixus_y": 0,
                "pedactsgn_y": 0,
                "pedact2_y": 0,
                "smlgrcer_y": 0,
                "gateaccs_y": 0,
                "sdwkpave_y": 1,
                "diffrdsf_y": 1,
                "dfrdsf2_y": 1,
                "cmother_y": 1,
                "zebrastp_y": 0,
                "crsothr2_y": 1,
                "zebra2_y": 0,
                "trafcrcl_y": 0,
                "rumblesp_y": 0,
                "spdbump_y": 0,
                "pbspothr_y": 0,
                "prctbldg_y": 0,
                "swptcoth_y": 0,
                "heatlamp_y": 0,
                "pedstreet_y": 0,
                "banners_y": 1
            },
            "geometry": {
                "type": "LineString",
                "coordinates": [
                    [
                        -76.734245850226088,
                        38.945236051314652
                    ],
                    [
                        -76.737274346467103,
                        38.945248021655523
                    ]
                ]
            }
        },
        {
            "type": "Feature",
            "properties": {
                "sgmntid": 28,
                "name_2": "Emerald Way",
                "id": 28,
                "intersection_1_location": "38.94250082842505,-76.73706785808703",
                "intersection_2_location": "38.94384749177332,-76.73715763564358",
                "neighborhood": "Bowie Town Center",
                "Group": "Bowie Town Center",
                "layer": "Bowie_CustomMarked",
                "location_id": 28,
                "form3": 49.27936554,
                "dens2": 49.578125,
                "prox3": 28.66511345,
                "conn6": 76.89342499,
                "parks2": 0.0,
                "peds4": 5.79356432,
                "safe": 78.05537415000001,
                "traffic5": 31.1755867,
                "aesttot3": 35.08294296,
                "paf2": 8.0036898e-06,
                "sopindex7": 29.23920343,
                "zscored_form3": 10.95195675,
                "zscored_dens2": -0.03905797005,
                "zscored_prox3": 6.657993317,
                "zscored_conn6": 0.2712378204,
                "zscored_parks2": -1.480694154,
                "zscored_peds4": -14.73493671,
                "zscored_safe": -0.1753524542,
                "zscored_traffic5": -11.76947784,
                "zscored_aesttot3": -9.171402931,
                "zscored_paf2": -0.4590791464,
                "zscored_sopindex7": -42.39520226,
                "country": "USA",
                "state": "Maryland",
                "city": "Bowie",
                "surfpkng_x": 2,
                "sizeparkimi2_x": 2,
                "prctpkng_x": 2,
                "adultuse": 0,
                "arcades_x": 0,
                "attrtve_x": 1,
                "awnings_x": 1,
                "barsclub_x": 0,
                "beach_x": 0,
                "benches_x": 0,
                "bigbox_x": 1,
                "bikelane_x": 0,
                "bikerack_x": 0,
                "bikeretl_x": 0,
                "bikeshre_x": 0,
                "billbrd_x": 1,
                "bklntype_x": 0,
                "blnkwall_x": 0,
                "buffboll_x": 0,
                "bufffence_x": 0,
                "buffpkcr_x": 0,
                "buffsttr_x": 0,
                "busstops_x": 0,
                "cardeal_x": 0,
                "chainstre_x": 0,
                "chckcash_x": 0,
                "civother_x": 0,
                "coffshop_x": 0,
                "college_x": 0,
                "comctlib_x": 1,
                "condoapt_x": 0,
                "cornerst_x": 0,
                "crosing2_x": 0,
                "croswalk_x": 1,
                "dining_x": 0,
                "dogs_x": 0,
                "driveway_x": 0,
                "drivthru_x": 0,
                "dumpster_x": 0,
                "farnermk_x": 0,
                "fastfood_x": 1,
                "financl_x": 0,
                "flatslpe_x": 1,
                "gasserv_x": 0,
                "gated_x": 0,
                "grafitti_x": 0,
                "gymfitns_x": 0,
                "hardgood_x": 0,
                "highschl_x": 0,
                "hotelhos_x": 1,
                "indsothr_x": 0,
                "insother_x": 0,
                "kinder_x": 0,
                "libbkstr_x": 0,
                "lighting_x": 1,
                "liquorst_x": 0,
                "litter_x": 0,
                "localstre_x": 0,
                "mdhvind_x": 0,
                "medicine_x": 0,
                "midblock_x": 0,
                "mlgrcer_x": 0,
                "mntbuild_x": 0,
                "movieth_x": 0,
                "mustheat_x": 0,
                "offices_x": 0,
                "ofseroth_x": 0,
                "othrrtail_x": 0,
                "othrsdwk_x": 0,
                "parkplay_x": 0,
                "pedcrs2_x": 0,
                "pedcrssgn_x": 0,
                "playsprt_x": 0,
                "plazasq_x": 0,
                "prdusprk_x": 0,
                "primschl_x": 0,
                "prmntbldgh_x": 0,
                "pubart_x": 0,
                "pubcivic_x": 0,
                "pubgardn_x": 0,
                "pubrestr_x": 0,
                "recoher_x": 0,
                "religion_x": 0,
                "restarnt_x": 0,
                "restaurant_x": 0,
                "schother_x": 0,
                "scndschl_x": 0,
                "sdwkcomp_x": 0,
                "sdwkshde_x": 0,
                "service_x": 0,
                "sfhatach_x": 0,
                "shopmall_x": 0,
                "sidewalk_x": 0,
                "softgood_x": 0,
                "stopsgn2_x": 0,
                "stopsign_x": 1,
                "strpmall_x": 0,
                "strttree_x": 0,
                "stvendor_x": 0,
                "townhome_x": 1,
                "traffsig_x": 0,
                "trafsgn2_x": 0,
                "trcmpark_x": 0,
                "undevlnd_x": 0,
                "vehlanes_x": 3,
                "vermixus_x": 0,
                "pedactsgn_x": 0,
                "pedact2_x": 0,
                "smlgrcer_x": 0,
                "gateaccs_x": 0,
                "sdwkpave_x": 0,
                "diffrdsf_x": 0,
                "dfrdsf2_x": 0,
                "cmother_x": 1,
                "zebrastp_x": 0,
                "crsothr2_x": 0,
                "zebra2_x": 0,
                "trafcrcl_x": 0,
                "rumblesp_x": 0,
                "spdbump_x": 0,
                "pbspothr_x": 0,
                "prctbldg_x": 1,
                "swptcoth_x": 0,
                "heatlamp_x": 0,
                "pedstreet_x": 0,
                "banners_x": 0,
                "multifamtot": 1,
                "school": 0,
                "retrest": 1,
                "sdwkbuff": 0,
                "vehlanestot": 3,
                "sixlnrd": 0,
                "sixlnrdrecoded": 0,
                "implndusrecoded": 0,
                "bldgstry": 0,
                "sizeparkimi1": 2,
                "crosswalktot": 1,
                "diffrdsftot": 0,
                "pedactsgntot": 0,
                "pedcssigntot": 0,
                "schooltot": 0,
                "officestot": 0,
                "liquorbaradultcheckcashing": 0,
                "markings": 1,
                "markings2": 0,
                "vehsigs": 1,
                "vehsigs2": 0,
                "vehlanestotrecoded": 3,
                "trafcalmtot": 0,
                "markingsint": 2,
                "markingsint2": -1,
                "vehsigsint": 0,
                "vehsigs2int": -1,
                "medianint": 0,
                "trafcalmtotint": -1,
                "midcrsmarkint": 0,
                "strpmalllnt": 0,
                "retrestint": 1,
                "commothrint": 0,
                "restarntint": 0,
                "coffshopint": 0,
                "cornerstint": 0,
                "moviethint": 0,
                "barsclubint": 0,
                "culsacpedptint": 0,
                "StreetName": "Emerald Way",
                "IntersectionA": "Emerald Way",
                "IntersectionB": "Emerald Way & Evergreen Parkway",
                "name_osm": "Evergreen Parkway",
                "intersc1": "Emerald Way",
                "intersc2": "Emerald Way & Evergreen Parkway",
                "tract_geoid": "24033800516",
                "tract_name": "Census Tract 8005.16",
                "STATEFP": "24",
                "COUNTYFP": "033",
                "n_tracts": 1,
                "tract_share": 1.0,
                "match": "overlay",
                "total_pop": 3715.0,
                "median_hh_income": 124545.0,
                "median_home_value": 371100.0,
                "commuters_total": 2004.0,
                "commuters_transit": 80.0,
                "renter_no_vehicle": 13.0,
                "Unnamed: 0": 27,
                "form3norm": 49.27936554,
                "dens2norm": 61.36245728,
                "prox3norm": 28.66511345,
                "conn6norm": 76.89342499,
                "parks2norm": 0.0,
                "peds4norm": 5.79356432,
                "safenorm": 78.05537415000001,
                "traffic5norm": 45.67902117,
                "aesttot3norm": 35.08294296,
                "paf2norm": 8.0036898e-06,
                "sop7norm": 33.21601034,
                " ": 0,
                "arcades_y": 0,
                "attrtve_y": 1,
                "awnings_y": 1,
                "barsclub_y": 0,
                "beach_y": 0,
                "benches_y": 0,
                "bigbox_y": 1,
                "bikelane_y": 0,
                "bikerack_y": 0,
                "bikeretl_y": 0,
                "bikeshre_y": 0,
                "billbrd_y": 1,
                "bklntype_y": 0,
                "blnkwall_y": 0,
                "buffboll_y": 0,
                "bufffence_y": 0,
                "buffpkcr_y": 0,
                "buffsttr_y": 0,
                "busstops_y": 0,
                "cardeal_y": 0,
                "chainstre_y": 0,
                "chckcash_y": 0,
                "civother_y": 0,
                "coffshop_y": 0,
                "college_y": 0,
                "comctlib_y": 1,
                "condoapt_y": 0,
                "cornerst_y": 0,
                "crosing2_y": 0,
                "croswalk_y": 1,
                "dining_y": 0,
                "dogs_y": 0,
                "driveway_y": 0,
                "drivthru_y": 0,
                "dumpster_y": 0,
                "farnermk_y": 0,
                "fastfood_y": 1,
                "financl_y": 0,
                "flatslpe_y": 1,
                "gasserv_y": 0,
                "gated_y": 0,
                "grafitti_y": 0,
                "gymfitns_y": 0,
                "hardgood_y": 0,
                "highschl_y": 0,
                "hotelhos_y": 1,
                "indsothr_y": 0,
                "insother_y": 0,
                "kinder_y": 0,
                "libbkstr_y": 0,
                "lighting_y": 1,
                "liquorst_y": 0,
                "litter_y": 0,
                "localstre_y": 0,
                "mdhvind_y": 0,
                "medicine_y": 0,
                "midblock_y": 0,
                "mlgrcer_y": 0,
                "mntbuild_y": 0,
                "movieth_y": 0,
                "mustheat_y": 0,
                "offices_y": 0,
                "ofseroth_y": 0,
                "othrrtail_y": 0,
                "othrsdwk_y": 0,
                "parkplay_y": 0,
                "pedcrs2_y": 0,
                "pedcrssgn_y": 0,
                "playsprt_y": 0,
                "plazasq_y": 0,
                "prctpkng_y": 2,
                "prdusprk_y": 0,
                "primschl_y": 0,
                "prmntbldgh_y": 2,
                "pubart_y": 0,
                "pubcivic_y": 0,
                "pubgardn_y": 0,
                "pubrestr_y": 0,
                "recoher_y": 0,
                "religion_y": 0,
                "restarnt_y": 0,
                "restaurant_y": 0,
                "schother_y": 0,
                "scndschl_y": 0,
                "sdwkcomp_y": 0,
                "sdwkshde_y": 0,
                "service_y": 0,
                "sfhatach_y": 0,
                "shopmall_y": 0,
                "sidewalk_y": 0,
                "sizeparkimi2_y": 2,
                "softgood_y": 0,
                "stopsgn2_y": 0,
                "stopsign_y": 1,
                "strpmall_y": 0,
                "strttree_y": 0,
                "stvendor_y": 0,
                "surfpkng_y": 2,
                "townhome_y": 1,
                "traffsig_y": 0,
                "trafsgn2_y": 0,
                "trcmpark_y": 0,
                "undevlnd_y": 0,
                "vehlanes_y": 3,
                "vermixus_y": 0,
                "pedactsgn_y": 0,
                "pedact2_y": 0,
                "smlgrcer_y": 0,
                "gateaccs_y": 0,
                "sdwkpave_y": 0,
                "diffrdsf_y": 0,
                "dfrdsf2_y": 0,
                "cmother_y": 1,
                "zebrastp_y": 0,
                "crsothr2_y": 0,
                "zebra2_y": 0,
                "trafcrcl_y": 0,
                "rumblesp_y": 0,
                "spdbump_y": 0,
                "pbspothr_y": 0,
                "prctbldg_y": 1,
                "swptcoth_y": 0,
                "heatlamp_y": 0,
                "pedstreet_y": 0,
                "banners_y": 0
            },
            "geometry": {
                "type": "LineString",
                "coordinates": [
                    [
                        -76.73706785808703,
                        38.942500828425047
                    ],
                    [
                        -76.737157635643584,
                        38.943847491773319
                    ]
                ]
            }
        },
        {
            "type": "Feature",
            "properties": {
                "sgmntid": 29,
                "name_2": "Emerald Way",
                "id": 29,
                "intersection_1_location": "38.94388340279593,-76.73716362081402",
                "intersection_2_location": "38.945242036485084,-76.73726536871145",
                "neighborhood": "Bowie Town Center",
                "Group": "Bowie Town Center",
                "layer": "Bowie_CustomMarked",
                "location_id": 29,
                "form3": 47.69665527,
                "dens2": 36.92466736,
                "prox3": 2.794286013,
                "conn6": 80.5850296,
                "parks2": 0.0,
                "peds4": 30.19046402,
                "safe": 78.05537415000001,
                "traffic5": 67.81259918000001,
                "aesttot3": 42.49267197,
                "paf2": 32.0144043,
                "sopindex7": 42.76526303,
                "zscored_form3": 11.56749725,
                "zscored_dens2": -2.046435595,
                "zscored_prox3": -4.242321968,
                "zscored_conn6": -0.4574847817,
                "zscored_parks2": -1.480694154,
                "zscored_peds4": -1.922275305,
                "zscored_safe": -0.1753524542,
                "zscored_traffic5": 3.825080633,
                "zscored_aesttot3": -4.461615086,
                "zscored_paf2": 6.574189186,
                "zscored_sopindex7": -15.03943656,
                "country": "USA",
                "state": "Maryland",
                "city": "Bowie",
                "surfpkng_x": 2,
                "sizeparkimi2_x": 2,
                "prctpkng_x": 2,
                "adultuse": 0,
                "arcades_x": 0,
                "attrtve_x": 1,
                "awnings_x": 0,
                "barsclub_x": 0,
                "beach_x": 0,
                "benches_x": 0,
                "bigbox_x": 1,
                "bikelane_x": 0,
                "bikerack_x": 0,
                "bikeretl_x": 0,
                "bikeshre_x": 0,
                "billbrd_x": 0,
                "bklntype_x": 0,
                "blnkwall_x": 1,
                "buffboll_x": 0,
                "bufffence_x": 0,
                "buffpkcr_x": 0,
                "buffsttr_x": 0,
                "busstops_x": 0,
                "cardeal_x": 0,
                "chainstre_x": 1,
                "chckcash_x": 0,
                "civother_x": 0,
                "coffshop_x": 0,
                "college_x": 0,
                "comctlib_x": 0,
                "condoapt_x": 0,
                "cornerst_x": 0,
                "crosing2_x": 1,
                "croswalk_x": 1,
                "dining_x": 0,
                "dogs_x": 0,
                "driveway_x": 0,
                "drivthru_x": 0,
                "dumpster_x": 0,
                "farnermk_x": 0,
                "fastfood_x": 1,
                "financl_x": 0,
                "flatslpe_x": 1,
                "gasserv_x": 0,
                "gated_x": 0,
                "grafitti_x": 0,
                "gymfitns_x": 1,
                "hardgood_x": 0,
                "highschl_x": 0,
                "hotelhos_x": 0,
                "indsothr_x": 0,
                "insother_x": 0,
                "kinder_x": 0,
                "libbkstr_x": 0,
                "lighting_x": 1,
                "liquorst_x": 0,
                "litter_x": 0,
                "localstre_x": 0,
                "mdhvind_x": 0,
                "medicine_x": 0,
                "midblock_x": 0,
                "mlgrcer_x": 0,
                "mntbuild_x": 0,
                "movieth_x": 0,
                "mustheat_x": 0,
                "offices_x": 0,
                "ofseroth_x": 0,
                "othrrtail_x": 0,
                "othrsdwk_x": 0,
                "parkplay_x": 0,
                "pedcrs2_x": 0,
                "pedcrssgn_x": 1,
                "playsprt_x": 0,
                "plazasq_x": 0,
                "prdusprk_x": 0,
                "primschl_x": 0,
                "prmntbldgh_x": 0,
                "pubart_x": 0,
                "pubcivic_x": 0,
                "pubgardn_x": 0,
                "pubrestr_x": 0,
                "recoher_x": 0,
                "religion_x": 0,
                "restarnt_x": 0,
                "restaurant_x": 0,
                "schother_x": 0,
                "scndschl_x": 0,
                "sdwkcomp_x": 1,
                "sdwkshde_x": 0,
                "service_x": 0,
                "sfhatach_x": 0,
                "shopmall_x": 0,
                "sidewalk_x": 1,
                "softgood_x": 1,
                "stopsgn2_x": 1,
                "stopsign_x": 0,
                "strpmall_x": 0,
                "strttree_x": 1,
                "stvendor_x": 0,
                "townhome_x": 0,
                "traffsig_x": 0,
                "trafsgn2_x": 0,
                "trcmpark_x": 0,
                "undevlnd_x": 0,
                "vehlanes_x": 2,
                "vermixus_x": 0,
                "pedactsgn_x": 0,
                "pedact2_x": 0,
                "smlgrcer_x": 0,
                "gateaccs_x": 0,
                "sdwkpave_x": 1,
                "diffrdsf_x": 0,
                "dfrdsf2_x": 0,
                "cmother_x": 1,
                "zebrastp_x": 0,
                "crsothr2_x": 1,
                "zebra2_x": 0,
                "trafcrcl_x": 0,
                "rumblesp_x": 0,
                "spdbump_x": 0,
                "pbspothr_x": 0,
                "prctbldg_x": 1,
                "swptcoth_x": 0,
                "heatlamp_x": 0,
                "pedstreet_x": 0,
                "banners_x": 0,
                "multifamtot": 0,
                "school": 0,
                "retrest": 1,
                "sdwkbuff": 0,
                "vehlanestot": 2,
                "sixlnrd": 0,
                "sixlnrdrecoded": 0,
                "implndusrecoded": 0,
                "bldgstry": 0,
                "sizeparkimi1": 2,
                "crosswalktot": 2,
                "diffrdsftot": 0,
                "pedactsgntot": 0,
                "pedcssigntot": 1,
                "schooltot": 0,
                "officestot": 0,
                "liquorbaradultcheckcashing": 0,
                "markings": 1,
                "markings2": 1,
                "vehsigs": 0,
                "vehsigs2": 1,
                "vehlanestotrecoded": 2,
                "trafcalmtot": 0,
                "markingsint": 2,
                "markingsint2": 2,
                "vehsigsint": 1,
                "vehsigs2int": 2,
                "medianint": 0,
                "trafcalmtotint": 1,
                "midcrsmarkint": 0,
                "strpmalllnt": 0,
                "retrestint": 1,
                "commothrint": 0,
                "restarntint": 0,
                "coffshopint": 0,
                "cornerstint": 0,
                "moviethint": 0,
                "barsclubint": 0,
                "culsacpedptint": 0,
                "StreetName": "Emerald Way",
                "IntersectionA": "Emerald Way",
                "IntersectionB": "Emerald Way",
                "name_osm": "Excelsior Drive",
                "intersc1": "Emerald Way",
                "intersc2": "Emerald Way",
                "tract_geoid": "24033800516",
                "tract_name": "Census Tract 8005.16",
                "STATEFP": "24",
                "COUNTYFP": "033",
                "n_tracts": 1,
                "tract_share": 1.0,
                "match": "overlay",
                "total_pop": 3715.0,
                "median_hh_income": 124545.0,
                "median_home_value": 371100.0,
                "commuters_total": 2004.0,
                "commuters_transit": 80.0,
                "renter_no_vehicle": 13.0,
                "Unnamed: 0": 28,
                "form3norm": 47.69665527,
                "dens2norm": 48.710495,
                "prox3norm": 2.794286013,
                "conn6norm": 80.5850296,
                "parks2norm": 0.0,
                "peds4norm": 40.45370865,
                "safenorm": 78.05537415000001,
                "traffic5norm": 62.68716007,
                "aesttot3norm": 42.49267197,
                "paf2norm": 32.0144043,
                "sop7norm": 45.27612764,
                " ": 0,
                "arcades_y": 0,
                "attrtve_y": 1,
                "awnings_y": 0,
                "barsclub_y": 0,
                "beach_y": 0,
                "benches_y": 0,
                "bigbox_y": 1,
                "bikelane_y": 0,
                "bikerack_y": 1,
                "bikeretl_y": 0,
                "bikeshre_y": 0,
                "billbrd_y": 0,
                "bklntype_y": 0,
                "blnkwall_y": 1,
                "buffboll_y": 0,
                "bufffence_y": 0,
                "buffpkcr_y": 0,
                "buffsttr_y": 0,
                "busstops_y": 0,
                "cardeal_y": 0,
                "chainstre_y": 1,
                "chckcash_y": 0,
                "civother_y": 0,
                "coffshop_y": 0,
                "college_y": 0,
                "comctlib_y": 0,
                "condoapt_y": 0,
                "cornerst_y": 0,
                "crosing2_y": 1,
                "croswalk_y": 1,
                "dining_y": 0,
                "dogs_y": 0,
                "driveway_y": 0,
                "drivthru_y": 0,
                "dumpster_y": 0,
                "farnermk_y": 0,
                "fastfood_y": 1,
                "financl_y": 0,
                "flatslpe_y": 1,
                "gasserv_y": 0,
                "gated_y": 0,
                "grafitti_y": 0,
                "gymfitns_y": 1,
                "hardgood_y": 0,
                "highschl_y": 0,
                "hotelhos_y": 0,
                "indsothr_y": 0,
                "insother_y": 0,
                "kinder_y": 0,
                "libbkstr_y": 0,
                "lighting_y": 1,
                "liquorst_y": 0,
                "litter_y": 0,
                "localstre_y": 0,
                "mdhvind_y": 0,
                "medicine_y": 0,
                "midblock_y": 0,
                "mlgrcer_y": 0,
                "mntbuild_y": 0,
                "movieth_y": 0,
                "mustheat_y": 0,
                "offices_y": 0,
                "ofseroth_y": 0,
                "othrrtail_y": 0,
                "othrsdwk_y": 0,
                "parkplay_y": 0,
                "pedcrs2_y": 0,
                "pedcrssgn_y": 1,
                "playsprt_y": 0,
                "plazasq_y": 0,
                "prctpkng_y": 2,
                "prdusprk_y": 0,
                "primschl_y": 0,
                "prmntbldgh_y": 2,
                "pubart_y": 0,
                "pubcivic_y": 0,
                "pubgardn_y": 0,
                "pubrestr_y": 0,
                "recoher_y": 0,
                "religion_y": 0,
                "restarnt_y": 0,
                "restaurant_y": 0,
                "schother_y": 0,
                "scndschl_y": 0,
                "sdwkcomp_y": 1,
                "sdwkshde_y": 0,
                "service_y": 0,
                "sfhatach_y": 0,
                "shopmall_y": 0,
                "sidewalk_y": 1,
                "sizeparkimi2_y": 2,
                "softgood_y": 1,
                "stopsgn2_y": 1,
                "stopsign_y": 0,
                "strpmall_y": 0,
                "strttree_y": 2,
                "stvendor_y": 0,
                "surfpkng_y": 2,
                "townhome_y": 0,
                "traffsig_y": 0,
                "trafsgn2_y": 0,
                "trcmpark_y": 0,
                "undevlnd_y": 0,
                "vehlanes_y": 2,
                "vermixus_y": 0,
                "pedactsgn_y": 0,
                "pedact2_y": 0,
                "smlgrcer_y": 0,
                "gateaccs_y": 0,
                "sdwkpave_y": 1,
                "diffrdsf_y": 0,
                "dfrdsf2_y": 0,
                "cmother_y": 1,
                "zebrastp_y": 0,
                "crsothr2_y": 1,
                "zebra2_y": 0,
                "trafcrcl_y": 0,
                "rumblesp_y": 0,
                "spdbump_y": 0,
                "pbspothr_y": 0,
                "prctbldg_y": 1,
                "swptcoth_y": 0,
                "heatlamp_y": 0,
                "pedstreet_y": 0,
                "banners_y": 0
            },
            "geometry": {
                "type": "LineString",
                "coordinates": [
                    [
                        -76.737163620814016,
                        38.943883402795933
                    ],
                    [
                        -76.737265368711448,
                        38.945242036485084
                    ]
                ]
            }
        },
        {
            "type": "Feature",
            "properties": {
                "sgmntid": 30,
                "name_2": "Evergreen Parkway",
                "id": 30,
                "intersection_1_location": "38.94248885808417,-76.7371112505727",
                "intersection_2_location": "38.943739758705455,-76.74109138891315",
                "neighborhood": "Bowie Town Center",
                "Group": "Bowie Town Center",
                "layer": "Bowie_CustomMarked",
                "location_id": 30,
                "form3": 50.34685135,
                "dens2": 49.578125,
                "prox3": 2.794286013,
                "conn6": 73.1760025,
                "parks2": 0.0,
                "peds4": 18.19907188,
                "safe": 78.05537415000001,
                "traffic5": 67.64274597000001,
                "aesttot3": 37.97333527,
                "paf2": 8.0036898e-06,
                "sopindex7": 35.49674743,
                "zscored_form3": 10.53678989,
                "zscored_dens2": -0.03905797005,
                "zscored_prox3": -4.242321968,
                "zscored_conn6": 1.005057454,
                "zscored_parks2": -1.480694154,
                "zscored_peds4": -8.219863892,
                "zscored_safe": -0.1753524542,
                "zscored_traffic5": 3.75278306,
                "zscored_aesttot3": -7.334205151,
                "zscored_paf2": -0.4590791464,
                "zscored_sopindex7": -29.73963867,
                "country": "USA",
                "state": "Maryland",
                "city": "Bowie",
                "surfpkng_x": 1,
                "sizeparkimi2_x": 2,
                "prctpkng_x": 2,
                "adultuse": 0,
                "arcades_x": 0,
                "attrtve_x": 1,
                "awnings_x": 0,
                "barsclub_x": 0,
                "beach_x": 0,
                "benches_x": 0,
                "bigbox_x": 1,
                "bikelane_x": 0,
                "bikerack_x": 0,
                "bikeretl_x": 0,
                "bikeshre_x": 0,
                "billbrd_x": 1,
                "bklntype_x": 0,
                "blnkwall_x": 1,
                "buffboll_x": 1,
                "bufffence_x": 0,
                "buffpkcr_x": 0,
                "buffsttr_x": 0,
                "busstops_x": 0,
                "cardeal_x": 0,
                "chainstre_x": 1,
                "chckcash_x": 0,
                "civother_x": 0,
                "coffshop_x": 0,
                "college_x": 0,
                "comctlib_x": 0,
                "condoapt_x": 1,
                "cornerst_x": 0,
                "crosing2_x": 1,
                "croswalk_x": 0,
                "dining_x": 0,
                "dogs_x": 0,
                "driveway_x": 0,
                "drivthru_x": 0,
                "dumpster_x": 0,
                "farnermk_x": 0,
                "fastfood_x": 1,
                "financl_x": 0,
                "flatslpe_x": 1,
                "gasserv_x": 0,
                "gated_x": 0,
                "grafitti_x": 0,
                "gymfitns_x": 0,
                "hardgood_x": 0,
                "highschl_x": 0,
                "hotelhos_x": 0,
                "indsothr_x": 0,
                "insother_x": 0,
                "kinder_x": 0,
                "libbkstr_x": 0,
                "lighting_x": 1,
                "liquorst_x": 0,
                "litter_x": 0,
                "localstre_x": 0,
                "mdhvind_x": 0,
                "medicine_x": 0,
                "midblock_x": 0,
                "mlgrcer_x": 0,
                "mntbuild_x": 0,
                "movieth_x": 0,
                "mustheat_x": 0,
                "offices_x": 0,
                "ofseroth_x": 0,
                "othrrtail_x": 0,
                "othrsdwk_x": 1,
                "parkplay_x": 0,
                "pedcrs2_x": 0,
                "pedcrssgn_x": 0,
                "playsprt_x": 0,
                "plazasq_x": 0,
                "prdusprk_x": 0,
                "primschl_x": 0,
                "prmntbldgh_x": 0,
                "pubart_x": 0,
                "pubcivic_x": 0,
                "pubgardn_x": 0,
                "pubrestr_x": 0,
                "recoher_x": 0,
                "religion_x": 0,
                "restarnt_x": 0,
                "restaurant_x": 0,
                "schother_x": 0,
                "scndschl_x": 0,
                "sdwkcomp_x": 0,
                "sdwkshde_x": 0,
                "service_x": 0,
                "sfhatach_x": 0,
                "shopmall_x": 0,
                "sidewalk_x": 0,
                "softgood_x": 0,
                "stopsgn2_x": 0,
                "stopsign_x": 1,
                "strpmall_x": 0,
                "strttree_x": 1,
                "stvendor_x": 0,
                "townhome_x": 1,
                "traffsig_x": 0,
                "trafsgn2_x": 1,
                "trcmpark_x": 0,
                "undevlnd_x": 0,
                "vehlanes_x": 4,
                "vermixus_x": 0,
                "pedactsgn_x": 0,
                "pedact2_x": 0,
                "smlgrcer_x": 0,
                "gateaccs_x": 0,
                "sdwkpave_x": 0,
                "diffrdsf_x": 0,
                "dfrdsf2_x": 1,
                "cmother_x": 1,
                "zebrastp_x": 0,
                "crsothr2_x": 1,
                "zebra2_x": 0,
                "trafcrcl_x": 0,
                "rumblesp_x": 0,
                "spdbump_x": 0,
                "pbspothr_x": 0,
                "prctbldg_x": 1,
                "swptcoth_x": 0,
                "heatlamp_x": 0,
                "pedstreet_x": 0,
                "banners_x": 0,
                "multifamtot": 1,
                "school": 0,
                "retrest": 1,
                "sdwkbuff": 1,
                "vehlanestot": 4,
                "sixlnrd": 0,
                "sixlnrdrecoded": 0,
                "implndusrecoded": 0,
                "bldgstry": 0,
                "sizeparkimi1": 2,
                "crosswalktot": 1,
                "diffrdsftot": 1,
                "pedactsgntot": 0,
                "pedcssigntot": 0,
                "schooltot": 0,
                "officestot": 0,
                "liquorbaradultcheckcashing": 0,
                "markings": 1,
                "markings2": 1,
                "vehsigs": 1,
                "vehsigs2": 1,
                "vehlanestotrecoded": 4,
                "trafcalmtot": 0,
                "markingsint": 2,
                "markingsint2": 2,
                "vehsigsint": 2,
                "vehsigs2int": 2,
                "medianint": 0,
                "trafcalmtotint": 0,
                "midcrsmarkint": 0,
                "strpmalllnt": 0,
                "retrestint": 1,
                "commothrint": 0,
                "restarntint": 0,
                "coffshopint": 0,
                "cornerstint": 0,
                "moviethint": 0,
                "barsclubint": 0,
                "culsacpedptint": 0,
                "StreetName": "Evergreen Parkway",
                "IntersectionA": "Evergreen Parkway",
                "IntersectionB": "Evergreen Parkway & Northview Dr",
                "name_osm": "Northview Drive",
                "intersc1": "Evergreen Parkway",
                "intersc2": "Evergreen Parkway & Northview Dr",
                "tract_geoid": "24033800516",
                "tract_name": "Census Tract 8005.16",
                "STATEFP": "24",
                "COUNTYFP": "033",
                "n_tracts": 1,
                "tract_share": 1.0,
                "match": "overlay",
                "total_pop": 3715.0,
                "median_hh_income": 124545.0,
                "median_home_value": 371100.0,
                "commuters_total": 2004.0,
                "commuters_transit": 80.0,
                "renter_no_vehicle": 13.0,
                "Unnamed: 0": 29,
                "form3norm": 50.34685135,
                "dens2norm": 61.36245728,
                "prox3norm": 2.794286013,
                "conn6norm": 32.10396576,
                "parks2norm": 0.0,
                "peds4norm": 18.19907188,
                "safenorm": 78.05537415000001,
                "traffic5norm": 55.60149149,
                "aesttot3norm": 37.97333527,
                "paf2norm": 8.0036898e-06,
                "sop7norm": 29.87807036,
                " ": 0,
                "arcades_y": 0,
                "attrtve_y": 1,
                "awnings_y": 0,
                "barsclub_y": 0,
                "beach_y": 0,
                "benches_y": 0,
                "bigbox_y": 1,
                "bikelane_y": 0,
                "bikerack_y": 0,
                "bikeretl_y": 0,
                "bikeshre_y": 0,
                "billbrd_y": 1,
                "bklntype_y": 0,
                "blnkwall_y": 1,
                "buffboll_y": 1,
                "bufffence_y": 0,
                "buffpkcr_y": 0,
                "buffsttr_y": 0,
                "busstops_y": 0,
                "cardeal_y": 0,
                "chainstre_y": 1,
                "chckcash_y": 0,
                "civother_y": 0,
                "coffshop_y": 0,
                "college_y": 0,
                "comctlib_y": 0,
                "condoapt_y": 1,
                "cornerst_y": 0,
                "crosing2_y": 1,
                "croswalk_y": 0,
                "dining_y": 0,
                "dogs_y": 0,
                "driveway_y": 0,
                "drivthru_y": 0,
                "dumpster_y": 0,
                "farnermk_y": 0,
                "fastfood_y": 1,
                "financl_y": 0,
                "flatslpe_y": 1,
                "gasserv_y": 0,
                "gated_y": 1,
                "grafitti_y": 0,
                "gymfitns_y": 0,
                "hardgood_y": 0,
                "highschl_y": 0,
                "hotelhos_y": 0,
                "indsothr_y": 0,
                "insother_y": 0,
                "kinder_y": 0,
                "libbkstr_y": 0,
                "lighting_y": 1,
                "liquorst_y": 0,
                "litter_y": 0,
                "localstre_y": 0,
                "mdhvind_y": 0,
                "medicine_y": 0,
                "midblock_y": 0,
                "mlgrcer_y": 0,
                "mntbuild_y": 0,
                "movieth_y": 0,
                "mustheat_y": 0,
                "offices_y": 0,
                "ofseroth_y": 0,
                "othrrtail_y": 0,
                "othrsdwk_y": 1,
                "parkplay_y": 0,
                "pedcrs2_y": 0,
                "pedcrssgn_y": 0,
                "playsprt_y": 0,
                "plazasq_y": 0,
                "prctpkng_y": 2,
                "prdusprk_y": 0,
                "primschl_y": 0,
                "prmntbldgh_y": 2,
                "pubart_y": 0,
                "pubcivic_y": 0,
                "pubgardn_y": 0,
                "pubrestr_y": 0,
                "recoher_y": 0,
                "religion_y": 0,
                "restarnt_y": 0,
                "restaurant_y": 0,
                "schother_y": 0,
                "scndschl_y": 0,
                "sdwkcomp_y": 0,
                "sdwkshde_y": 0,
                "service_y": 0,
                "sfhatach_y": 0,
                "shopmall_y": 0,
                "sidewalk_y": 0,
                "sizeparkimi2_y": 2,
                "softgood_y": 0,
                "stopsgn2_y": 0,
                "stopsign_y": 1,
                "strpmall_y": 0,
                "strttree_y": 1,
                "stvendor_y": 0,
                "surfpkng_y": 1,
                "townhome_y": 1,
                "traffsig_y": 0,
                "trafsgn2_y": 1,
                "trcmpark_y": 0,
                "undevlnd_y": 0,
                "vehlanes_y": 4,
                "vermixus_y": 0,
                "pedactsgn_y": 0,
                "pedact2_y": 0,
                "smlgrcer_y": 0,
                "gateaccs_y": 2,
                "sdwkpave_y": 0,
                "diffrdsf_y": 0,
                "dfrdsf2_y": 1,
                "cmother_y": 1,
                "zebrastp_y": 0,
                "crsothr2_y": 1,
                "zebra2_y": 0,
                "trafcrcl_y": 0,
                "rumblesp_y": 0,
                "spdbump_y": 0,
                "pbspothr_y": 0,
                "prctbldg_y": 1,
                "swptcoth_y": 0,
                "heatlamp_y": 0,
                "pedstreet_y": 0,
                "banners_y": 0
            },
            "geometry": {
                "type": "LineString",
                "coordinates": [
                    [
                        -76.737111250572696,
                        38.942488858084168
                    ],
                    [
                        -76.741091388913148,
                        38.943739758705455
                    ]
                ]
            }
        },
        {
            "type": "Feature",
            "properties": {
                "sgmntid": 31,
                "name_2": "Northview Dr",
                "id": 31,
                "intersection_1_location": "38.943751729046326,-76.74107941857227",
                "intersection_2_location": "38.94535575472338,-76.73929583778212",
                "neighborhood": "Bowie Town Center",
                "Group": "Bowie Town Center",
                "layer": "Bowie_CustomMarked",
                "location_id": 31,
                "form3": 87.19783783,
                "dens2": 36.92466736,
                "prox3": 0.0,
                "conn6": 73.1760025,
                "parks2": 0.0,
                "peds4": 38.69949722,
                "safe": 68.01690674,
                "traffic5": 57.6704483,
                "aesttot3": 44.80422211,
                "paf2": 8.0036898e-06,
                "sopindex7": 45.21616358,
                "zscored_form3": -3.795188904,
                "zscored_dens2": -2.046435595,
                "zscored_prox3": -5.4196558,
                "zscored_conn6": 1.005057454,
                "zscored_parks2": -1.480694154,
                "zscored_peds4": 2.546460867,
                "zscored_safe": -2.529069901,
                "zscored_traffic5": -0.491930306,
                "zscored_aesttot3": -2.992342472,
                "zscored_paf2": -0.4590791464,
                "zscored_sopindex7": -10.08261518,
                "country": "USA",
                "state": "Maryland",
                "city": "Bowie",
                "surfpkng_x": 0,
                "sizeparkimi2_x": 0,
                "prctpkng_x": 0,
                "adultuse": 0,
                "arcades_x": 0,
                "attrtve_x": 0,
                "awnings_x": 0,
                "barsclub_x": 0,
                "beach_x": 0,
                "benches_x": 0,
                "bigbox_x": 0,
                "bikelane_x": 0,
                "bikerack_x": 0,
                "bikeretl_x": 0,
                "bikeshre_x": 0,
                "billbrd_x": 0,
                "bklntype_x": 0,
                "blnkwall_x": 1,
                "buffboll_x": 0,
                "bufffence_x": 0,
                "buffpkcr_x": 0,
                "buffsttr_x": 0,
                "busstops_x": 1,
                "cardeal_x": 0,
                "chainstre_x": 0,
                "chckcash_x": 0,
                "civother_x": 0,
                "coffshop_x": 0,
                "college_x": 0,
                "comctlib_x": 0,
                "condoapt_x": 0,
                "cornerst_x": 0,
                "crosing2_x": 2,
                "croswalk_x": 0,
                "dining_x": 0,
                "dogs_x": 0,
                "driveway_x": 0,
                "drivthru_x": 0,
                "dumpster_x": 1,
                "farnermk_x": 0,
                "fastfood_x": 0,
                "financl_x": 0,
                "flatslpe_x": 1,
                "gasserv_x": 0,
                "gated_x": 0,
                "grafitti_x": 0,
                "gymfitns_x": 0,
                "hardgood_x": 0,
                "highschl_x": 0,
                "hotelhos_x": 0,
                "indsothr_x": 0,
                "insother_x": 0,
                "kinder_x": 0,
                "libbkstr_x": 0,
                "lighting_x": 1,
                "liquorst_x": 0,
                "litter_x": 0,
                "localstre_x": 0,
                "mdhvind_x": 0,
                "medicine_x": 0,
                "midblock_x": 0,
                "mlgrcer_x": 0,
                "mntbuild_x": 0,
                "movieth_x": 0,
                "mustheat_x": 0,
                "offices_x": 0,
                "ofseroth_x": 0,
                "othrrtail_x": 0,
                "othrsdwk_x": 1,
                "parkplay_x": 0,
                "pedcrs2_x": 0,
                "pedcrssgn_x": 0,
                "playsprt_x": 0,
                "plazasq_x": 0,
                "prdusprk_x": 0,
                "primschl_x": 0,
                "prmntbldgh_x": 0,
                "pubart_x": 1,
                "pubcivic_x": 0,
                "pubgardn_x": 0,
                "pubrestr_x": 0,
                "recoher_x": 0,
                "religion_x": 0,
                "restarnt_x": 0,
                "restaurant_x": 0,
                "schother_x": 0,
                "scndschl_x": 0,
                "sdwkcomp_x": 1,
                "sdwkshde_x": 0,
                "service_x": 0,
                "sfhatach_x": 0,
                "shopmall_x": 0,
                "sidewalk_x": 2,
                "softgood_x": 0,
                "stopsgn2_x": 0,
                "stopsign_x": 0,
                "strpmall_x": 0,
                "strttree_x": 1,
                "stvendor_x": 0,
                "townhome_x": 0,
                "traffsig_x": 1,
                "trafsgn2_x": 1,
                "trcmpark_x": 0,
                "undevlnd_x": 0,
                "vehlanes_x": 4,
                "vermixus_x": 0,
                "pedactsgn_x": 0,
                "pedact2_x": 0,
                "smlgrcer_x": 0,
                "gateaccs_x": 0,
                "sdwkpave_x": 0,
                "diffrdsf_x": 0,
                "dfrdsf2_x": 0,
                "cmother_x": 1,
                "zebrastp_x": 0,
                "crsothr2_x": 1,
                "zebra2_x": 0,
                "trafcrcl_x": 0,
                "rumblesp_x": 0,
                "spdbump_x": 0,
                "pbspothr_x": 0,
                "prctbldg_x": 1,
                "swptcoth_x": 0,
                "heatlamp_x": 0,
                "pedstreet_x": 0,
                "banners_x": 0,
                "multifamtot": 0,
                "school": 0,
                "retrest": 0,
                "sdwkbuff": 0,
                "vehlanestot": 4,
                "sixlnrd": 0,
                "sixlnrdrecoded": 0,
                "implndusrecoded": 0,
                "bldgstry": 0,
                "sizeparkimi1": 0,
                "crosswalktot": 2,
                "diffrdsftot": 0,
                "pedactsgntot": 0,
                "pedcssigntot": 0,
                "schooltot": 0,
                "officestot": 0,
                "liquorbaradultcheckcashing": 0,
                "markings": 1,
                "markings2": 1,
                "vehsigs": 1,
                "vehsigs2": 1,
                "vehlanestotrecoded": 4,
                "trafcalmtot": 0,
                "markingsint": 2,
                "markingsint2": 2,
                "vehsigsint": 2,
                "vehsigs2int": 0,
                "medianint": 0,
                "trafcalmtotint": 0,
                "midcrsmarkint": 0,
                "strpmalllnt": 0,
                "retrestint": 0,
                "commothrint": 0,
                "restarntint": 0,
                "coffshopint": 0,
                "cornerstint": 0,
                "moviethint": 0,
                "barsclubint": 0,
                "culsacpedptint": 0,
                "StreetName": "Northview Dr",
                "IntersectionA": "Northview Dr & New Haven Dr",
                "IntersectionB": "Northview Dr & Health Center Dr",
                "name_osm": "Northview Drive",
                "intersc1": "Northview Dr & New Haven Dr",
                "intersc2": "Northview Dr & Health Center Dr",
                "tract_geoid": "24033800516",
                "tract_name": "Census Tract 8005.16",
                "STATEFP": "24",
                "COUNTYFP": "033",
                "n_tracts": 1,
                "tract_share": 1.0,
                "match": "overlay",
                "total_pop": 3715.0,
                "median_hh_income": 124545.0,
                "median_home_value": 371100.0,
                "commuters_total": 2004.0,
                "commuters_transit": 80.0,
                "renter_no_vehicle": 13.0,
                "Unnamed: 0": 30,
                "form3norm": 80.15849304,
                "dens2norm": 27.79145241,
                "prox3norm": 0.0,
                "conn6norm": 73.1760025,
                "parks2norm": 0.0,
                "peds4norm": 38.69949722,
                "safenorm": 68.01690674,
                "traffic5norm": 56.41496766,
                "aesttot3norm": 44.80422211,
                "paf2norm": 8.0036898e-06,
                "sop7norm": 42.88184603,
                " ": 0,
                "arcades_y": 0,
                "attrtve_y": 0,
                "awnings_y": 0,
                "barsclub_y": 0,
                "beach_y": 0,
                "benches_y": 0,
                "bigbox_y": 0,
                "bikelane_y": 0,
                "bikerack_y": 0,
                "bikeretl_y": 0,
                "bikeshre_y": 0,
                "billbrd_y": 0,
                "bklntype_y": 0,
                "blnkwall_y": 1,
                "buffboll_y": 0,
                "bufffence_y": 0,
                "buffpkcr_y": 0,
                "buffsttr_y": 0,
                "busstops_y": 1,
                "cardeal_y": 0,
                "chainstre_y": 0,
                "chckcash_y": 0,
                "civother_y": 0,
                "coffshop_y": 0,
                "college_y": 0,
                "comctlib_y": 0,
                "condoapt_y": 0,
                "cornerst_y": 0,
                "crosing2_y": 2,
                "croswalk_y": 0,
                "dining_y": 0,
                "dogs_y": 0,
                "driveway_y": 0,
                "drivthru_y": 0,
                "dumpster_y": 1,
                "farnermk_y": 0,
                "fastfood_y": 0,
                "financl_y": 0,
                "flatslpe_y": 1,
                "gasserv_y": 0,
                "gated_y": 0,
                "grafitti_y": 0,
                "gymfitns_y": 0,
                "hardgood_y": 0,
                "highschl_y": 0,
                "hotelhos_y": 0,
                "indsothr_y": 0,
                "insother_y": 0,
                "kinder_y": 0,
                "libbkstr_y": 0,
                "lighting_y": 1,
                "liquorst_y": 0,
                "litter_y": 0,
                "localstre_y": 0,
                "mdhvind_y": 0,
                "medicine_y": 0,
                "midblock_y": 0,
                "mlgrcer_y": 0,
                "mntbuild_y": 0,
                "movieth_y": 0,
                "mustheat_y": 0,
                "offices_y": 0,
                "ofseroth_y": 0,
                "othrrtail_y": 0,
                "othrsdwk_y": 1,
                "parkplay_y": 0,
                "pedcrs2_y": 0,
                "pedcrssgn_y": 0,
                "playsprt_y": 0,
                "plazasq_y": 0,
                "prctpkng_y": 0,
                "prdusprk_y": 0,
                "primschl_y": 0,
                "prmntbldgh_y": 1,
                "pubart_y": 1,
                "pubcivic_y": 0,
                "pubgardn_y": 0,
                "pubrestr_y": 0,
                "recoher_y": 0,
                "religion_y": 0,
                "restarnt_y": 0,
                "restaurant_y": 0,
                "schother_y": 0,
                "scndschl_y": 0,
                "sdwkcomp_y": 2,
                "sdwkshde_y": 0,
                "service_y": 0,
                "sfhatach_y": 0,
                "shopmall_y": 0,
                "sidewalk_y": 2,
                "sizeparkimi2_y": 0,
                "softgood_y": 0,
                "stopsgn2_y": 0,
                "stopsign_y": 0,
                "strpmall_y": 0,
                "strttree_y": 1,
                "stvendor_y": 0,
                "surfpkng_y": 0,
                "townhome_y": 0,
                "traffsig_y": 1,
                "trafsgn2_y": 1,
                "trcmpark_y": 0,
                "undevlnd_y": 0,
                "vehlanes_y": 4,
                "vermixus_y": 0,
                "pedactsgn_y": 0,
                "pedact2_y": 0,
                "smlgrcer_y": 0,
                "gateaccs_y": 0,
                "sdwkpave_y": 0,
                "diffrdsf_y": 0,
                "dfrdsf2_y": 0,
                "cmother_y": 1,
                "zebrastp_y": 0,
                "crsothr2_y": 1,
                "zebra2_y": 0,
                "trafcrcl_y": 0,
                "rumblesp_y": 0,
                "spdbump_y": 0,
                "pbspothr_y": 0,
                "prctbldg_y": 0,
                "swptcoth_y": 0,
                "heatlamp_y": 0,
                "pedstreet_y": 0,
                "banners_y": 0
            },
            "geometry": {
                "type": "LineString",
                "coordinates": [
                    [
                        -76.741079418572269,
                        38.943751729046326
                    ],
                    [
                        -76.739295837782123,
                        38.94535575472338
                    ]
                ]
            }
        },
        {
            "type": "Feature",
            "properties": {
                "sgmntid": 32,
                "name_2": "Northview Dr",
                "id": 32,
                "intersection_1_location": "38.94537969540513,-76.73927189710037",
                "intersection_2_location": "38.947420638524065,-76.73741050909454",
                "neighborhood": "Bowie Town Center",
                "Group": "Bowie Town Center",
                "layer": "Bowie_CustomMarked",
                "location_id": 32,
                "form3": 74.19416046000001,
                "dens2": 36.92466736,
                "prox3": 16.54254913,
                "conn6": 46.19221115,
                "parks2": 0.0,
                "peds4": 18.45766449,
                "safe": 71.5803299,
                "traffic5": 35.61891174,
                "aesttot3": 51.90337372,
                "paf2": 8.0036898e-06,
                "sopindex7": 36.27509815,
                "zscored_form3": 1.262164831,
                "zscored_dens2": -2.046435595,
                "zscored_prox3": 1.550318718,
                "zscored_conn6": 6.33165741,
                "zscored_parks2": -1.480694154,
                "zscored_peds4": -8.084057808000001,
                "zscored_safe": -1.693555593,
                "zscored_traffic5": -9.878174782,
                "zscored_aesttot3": 1.520036578,
                "zscored_paf2": -0.4590791464,
                "zscored_sopindex7": -28.16546402,
                "country": "USA",
                "state": "Maryland",
                "city": "Bowie",
                "surfpkng_x": 1,
                "sizeparkimi2_x": 2,
                "prctpkng_x": 2,
                "adultuse": 0,
                "arcades_x": 0,
                "attrtve_x": 1,
                "awnings_x": 0,
                "barsclub_x": 0,
                "beach_x": 0,
                "benches_x": 1,
                "bigbox_x": 0,
                "bikelane_x": 0,
                "bikerack_x": 0,
                "bikeretl_x": 0,
                "bikeshre_x": 0,
                "billbrd_x": 0,
                "bklntype_x": 0,
                "blnkwall_x": 0,
                "buffboll_x": 0,
                "bufffence_x": 0,
                "buffpkcr_x": 0,
                "buffsttr_x": 0,
                "busstops_x": 1,
                "cardeal_x": 0,
                "chainstre_x": 0,
                "chckcash_x": 0,
                "civother_x": 1,
                "coffshop_x": 0,
                "college_x": 0,
                "comctlib_x": 0,
                "condoapt_x": 0,
                "cornerst_x": 0,
                "crosing2_x": 2,
                "croswalk_x": 0,
                "dining_x": 0,
                "dogs_x": 0,
                "driveway_x": 0,
                "drivthru_x": 0,
                "dumpster_x": 0,
                "farnermk_x": 0,
                "fastfood_x": 0,
                "financl_x": 0,
                "flatslpe_x": 1,
                "gasserv_x": 0,
                "gated_x": 0,
                "grafitti_x": 0,
                "gymfitns_x": 0,
                "hardgood_x": 0,
                "highschl_x": 0,
                "hotelhos_x": 0,
                "indsothr_x": 0,
                "insother_x": 0,
                "kinder_x": 0,
                "libbkstr_x": 0,
                "lighting_x": 1,
                "liquorst_x": 0,
                "litter_x": 1,
                "localstre_x": 0,
                "mdhvind_x": 0,
                "medicine_x": 0,
                "midblock_x": 0,
                "mlgrcer_x": 1,
                "mntbuild_x": 0,
                "movieth_x": 0,
                "mustheat_x": 0,
                "offices_x": 0,
                "ofseroth_x": 0,
                "othrrtail_x": 0,
                "othrsdwk_x": 0,
                "parkplay_x": 0,
                "pedcrs2_x": 0,
                "pedcrssgn_x": 0,
                "playsprt_x": 0,
                "plazasq_x": 0,
                "prdusprk_x": 0,
                "primschl_x": 0,
                "prmntbldgh_x": 0,
                "pubart_x": 0,
                "pubcivic_x": 0,
                "pubgardn_x": 0,
                "pubrestr_x": 0,
                "recoher_x": 0,
                "religion_x": 0,
                "restarnt_x": 0,
                "restaurant_x": 0,
                "schother_x": 0,
                "scndschl_x": 0,
                "sdwkcomp_x": 0,
                "sdwkshde_x": 0,
                "service_x": 0,
                "sfhatach_x": 0,
                "shopmall_x": 0,
                "sidewalk_x": 0,
                "softgood_x": 0,
                "stopsgn2_x": 0,
                "stopsign_x": 0,
                "strpmall_x": 0,
                "strttree_x": 1,
                "stvendor_x": 0,
                "townhome_x": 0,
                "traffsig_x": 1,
                "trafsgn2_x": 1,
                "trcmpark_x": 0,
                "undevlnd_x": 0,
                "vehlanes_x": 7,
                "vermixus_x": 0,
                "pedactsgn_x": 0,
                "pedact2_x": 0,
                "smlgrcer_x": 0,
                "gateaccs_x": 0,
                "sdwkpave_x": 0,
                "diffrdsf_x": 0,
                "dfrdsf2_x": 0,
                "cmother_x": 1,
                "zebrastp_x": 0,
                "crsothr2_x": 1,
                "zebra2_x": 1,
                "trafcrcl_x": 0,
                "rumblesp_x": 0,
                "spdbump_x": 0,
                "pbspothr_x": 0,
                "prctbldg_x": 1,
                "swptcoth_x": 0,
                "heatlamp_x": 0,
                "pedstreet_x": 0,
                "banners_x": 0,
                "multifamtot": 0,
                "school": 0,
                "retrest": 1,
                "sdwkbuff": 0,
                "vehlanestot": 7,
                "sixlnrd": 1,
                "sixlnrdrecoded": 1,
                "implndusrecoded": 0,
                "bldgstry": 0,
                "sizeparkimi1": 2,
                "crosswalktot": 2,
                "diffrdsftot": 0,
                "pedactsgntot": 0,
                "pedcssigntot": 0,
                "schooltot": 0,
                "officestot": 0,
                "liquorbaradultcheckcashing": 0,
                "markings": 1,
                "markings2": 1,
                "vehsigs": 1,
                "vehsigs2": 1,
                "vehlanestotrecoded": 7,
                "trafcalmtot": 0,
                "markingsint": 2,
                "markingsint2": 2,
                "vehsigsint": 2,
                "vehsigs2int": 2,
                "medianint": 0,
                "trafcalmtotint": -2,
                "midcrsmarkint": 0,
                "strpmalllnt": 0,
                "retrestint": 2,
                "commothrint": 0,
                "restarntint": 0,
                "coffshopint": 0,
                "cornerstint": 0,
                "moviethint": 0,
                "barsclubint": 0,
                "culsacpedptint": 0,
                "StreetName": "Northview Dr",
                "IntersectionA": "Northview Dr & Health Center Dr",
                "IntersectionB": "Northview Dr & Collington Rd",
                "name_osm": "Northview Drive",
                "intersc1": "Northview Dr & Health Center Dr",
                "intersc2": "Northview Dr & Collington Rd",
                "tract_geoid": "24033800515",
                "tract_name": "Census Tract 8005.15",
                "STATEFP": "24",
                "COUNTYFP": "033",
                "n_tracts": 2,
                "tract_share": 0.725,
                "match": "overlay",
                "total_pop": 4375.0,
                "median_hh_income": 114432.0,
                "median_home_value": 346700.0,
                "commuters_total": 2347.0,
                "commuters_transit": 130.0,
                "renter_no_vehicle": 41.0,
                "Unnamed: 0": 31,
                "form3norm": 74.19416046000001,
                "dens2norm": 36.92466736,
                "prox3norm": 16.54254913,
                "conn6norm": 46.19221115,
                "parks2norm": 0.0,
                "peds4norm": 18.45766449,
                "safenorm": 78.05537415000001,
                "traffic5norm": 53.78999375,
                "aesttot3norm": 53.02297974,
                "paf2norm": 8.0036898e-06,
                "sop7norm": 41.20198653,
                " ": 0,
                "arcades_y": 0,
                "attrtve_y": 1,
                "awnings_y": 0,
                "barsclub_y": 0,
                "beach_y": 0,
                "benches_y": 1,
                "bigbox_y": 0,
                "bikelane_y": 0,
                "bikerack_y": 0,
                "bikeretl_y": 0,
                "bikeshre_y": 0,
                "billbrd_y": 0,
                "bklntype_y": 0,
                "blnkwall_y": 0,
                "buffboll_y": 0,
                "bufffence_y": 0,
                "buffpkcr_y": 0,
                "buffsttr_y": 0,
                "busstops_y": 1,
                "cardeal_y": 0,
                "chainstre_y": 0,
                "chckcash_y": 0,
                "civother_y": 1,
                "coffshop_y": 0,
                "college_y": 0,
                "comctlib_y": 0,
                "condoapt_y": 0,
                "cornerst_y": 0,
                "crosing2_y": 2,
                "croswalk_y": 0,
                "dining_y": 0,
                "dogs_y": 0,
                "driveway_y": 0,
                "drivthru_y": 0,
                "dumpster_y": 0,
                "farnermk_y": 0,
                "fastfood_y": 0,
                "financl_y": 0,
                "flatslpe_y": 1,
                "gasserv_y": 0,
                "gated_y": 0,
                "grafitti_y": 0,
                "gymfitns_y": 0,
                "hardgood_y": 0,
                "highschl_y": 0,
                "hotelhos_y": 0,
                "indsothr_y": 0,
                "insother_y": 0,
                "kinder_y": 0,
                "libbkstr_y": 0,
                "lighting_y": 1,
                "liquorst_y": 0,
                "litter_y": 0,
                "localstre_y": 0,
                "mdhvind_y": 0,
                "medicine_y": 0,
                "midblock_y": 0,
                "mlgrcer_y": 1,
                "mntbuild_y": 0,
                "movieth_y": 0,
                "mustheat_y": 0,
                "offices_y": 0,
                "ofseroth_y": 0,
                "othrrtail_y": 0,
                "othrsdwk_y": 0,
                "parkplay_y": 0,
                "pedcrs2_y": 0,
                "pedcrssgn_y": 0,
                "playsprt_y": 0,
                "plazasq_y": 0,
                "prctpkng_y": 2,
                "prdusprk_y": 0,
                "primschl_y": 0,
                "prmntbldgh_y": 0,
                "pubart_y": 0,
                "pubcivic_y": 0,
                "pubgardn_y": 0,
                "pubrestr_y": 0,
                "recoher_y": 0,
                "religion_y": 0,
                "restarnt_y": 0,
                "restaurant_y": 0,
                "schother_y": 0,
                "scndschl_y": 0,
                "sdwkcomp_y": 0,
                "sdwkshde_y": 0,
                "service_y": 0,
                "sfhatach_y": 0,
                "shopmall_y": 0,
                "sidewalk_y": 0,
                "sizeparkimi2_y": 2,
                "softgood_y": 0,
                "stopsgn2_y": 0,
                "stopsign_y": 0,
                "strpmall_y": 0,
                "strttree_y": 1,
                "stvendor_y": 0,
                "surfpkng_y": 1,
                "townhome_y": 0,
                "traffsig_y": 1,
                "trafsgn2_y": 1,
                "trcmpark_y": 0,
                "undevlnd_y": 0,
                "vehlanes_y": 7,
                "vermixus_y": 0,
                "pedactsgn_y": 0,
                "pedact2_y": 0,
                "smlgrcer_y": 0,
                "gateaccs_y": 0,
                "sdwkpave_y": 0,
                "diffrdsf_y": 0,
                "dfrdsf2_y": 0,
                "cmother_y": 1,
                "zebrastp_y": 0,
                "crsothr2_y": 1,
                "zebra2_y": 1,
                "trafcrcl_y": 0,
                "rumblesp_y": 0,
                "spdbump_y": 0,
                "pbspothr_y": 0,
                "prctbldg_y": 1,
                "swptcoth_y": 0,
                "heatlamp_y": 0,
                "pedstreet_y": 0,
                "banners_y": 0
            },
            "geometry": {
                "type": "LineString",
                "coordinates": [
                    [
                        -76.739271897100366,
                        38.94537969540513
                    ],
                    [
                        -76.737410509094545,
                        38.947420638524065
                    ]
                ]
            }
        },
        {
            "type": "Feature",
            "properties": {
                "sgmntid": 33,
                "name_2": "Collington Rd",
                "id": 33,
                "intersection_1_location": "38.94746552730233,-76.73733569446408",
                "intersection_2_location": "38.94631038940803,-76.73384035492901",
                "neighborhood": "Bowie Town Center",
                "Group": "Bowie Town Center",
                "layer": "Bowie_CustomMarked",
                "location_id": 33,
                "form3": 91.21427155000001,
                "dens2": 36.92466736,
                "prox3": 3.604451656,
                "conn6": 46.19221115,
                "parks2": 0.0,
                "peds4": 46.63137054,
                "safe": 65.30477142,
                "traffic5": 55.12784576,
                "aesttot3": 56.06998825,
                "paf2": 8.0036898e-06,
                "sopindex7": 48.8564891,
                "zscored_form3": -5.357245922,
                "zscored_dens2": -2.046435595,
                "zscored_prox3": -3.900969982,
                "zscored_conn6": 6.33165741,
                "zscored_parks2": -1.480694154,
                "zscored_peds4": 6.712091446,
                "zscored_safe": -3.164984226,
                "zscored_traffic5": -1.574187994,
                "zscored_aesttot3": 4.168428421,
                "zscored_paf2": -0.4590791464,
                "zscored_sopindex7": -2.72024248,
                "country": "USA",
                "state": "Maryland",
                "city": "Bowie",
                "surfpkng_x": 0,
                "sizeparkimi2_x": 0,
                "prctpkng_x": 0,
                "adultuse": 0,
                "arcades_x": 0,
                "attrtve_x": 1,
                "awnings_x": 0,
                "barsclub_x": 0,
                "beach_x": 0,
                "benches_x": 0,
                "bigbox_x": 0,
                "bikelane_x": 1,
                "bikerack_x": 0,
                "bikeretl_x": 0,
                "bikeshre_x": 0,
                "billbrd_x": 0,
                "bklntype_x": 2,
                "blnkwall_x": 0,
                "buffboll_x": 0,
                "bufffence_x": 0,
                "buffpkcr_x": 0,
                "buffsttr_x": 0,
                "busstops_x": 0,
                "cardeal_x": 0,
                "chainstre_x": 0,
                "chckcash_x": 0,
                "civother_x": 0,
                "coffshop_x": 0,
                "college_x": 0,
                "comctlib_x": 0,
                "condoapt_x": 0,
                "cornerst_x": 0,
                "crosing2_x": 1,
                "croswalk_x": 1,
                "dining_x": 0,
                "dogs_x": 0,
                "driveway_x": 0,
                "drivthru_x": 0,
                "dumpster_x": 0,
                "farnermk_x": 0,
                "fastfood_x": 0,
                "financl_x": 0,
                "flatslpe_x": 1,
                "gasserv_x": 0,
                "gated_x": 0,
                "grafitti_x": 0,
                "gymfitns_x": 0,
                "hardgood_x": 0,
                "highschl_x": 0,
                "hotelhos_x": 0,
                "indsothr_x": 0,
                "insother_x": 0,
                "kinder_x": 0,
                "libbkstr_x": 0,
                "lighting_x": 0,
                "liquorst_x": 0,
                "litter_x": 0,
                "localstre_x": 0,
                "mdhvind_x": 0,
                "medicine_x": 0,
                "midblock_x": 0,
                "mlgrcer_x": 0,
                "mntbuild_x": 0,
                "movieth_x": 0,
                "mustheat_x": 0,
                "offices_x": 1,
                "ofseroth_x": 0,
                "othrrtail_x": 0,
                "othrsdwk_x": 1,
                "parkplay_x": 0,
                "pedcrs2_x": 0,
                "pedcrssgn_x": 0,
                "playsprt_x": 0,
                "plazasq_x": 0,
                "prdusprk_x": 0,
                "primschl_x": 0,
                "prmntbldgh_x": 0,
                "pubart_x": 0,
                "pubcivic_x": 0,
                "pubgardn_x": 0,
                "pubrestr_x": 0,
                "recoher_x": 0,
                "religion_x": 0,
                "restarnt_x": 0,
                "restaurant_x": 0,
                "schother_x": 0,
                "scndschl_x": 0,
                "sdwkcomp_x": 1,
                "sdwkshde_x": 0,
                "service_x": 0,
                "sfhatach_x": 0,
                "shopmall_x": 0,
                "sidewalk_x": 2,
                "softgood_x": 0,
                "stopsgn2_x": 0,
                "stopsign_x": 0,
                "strpmall_x": 0,
                "strttree_x": 1,
                "stvendor_x": 0,
                "townhome_x": 0,
                "traffsig_x": 1,
                "trafsgn2_x": 1,
                "trcmpark_x": 0,
                "undevlnd_x": 0,
                "vehlanes_x": 7,
                "vermixus_x": 0,
                "pedactsgn_x": 0,
                "pedact2_x": 0,
                "smlgrcer_x": 0,
                "gateaccs_x": 0,
                "sdwkpave_x": 0,
                "diffrdsf_x": 0,
                "dfrdsf2_x": 0,
                "cmother_x": 1,
                "zebrastp_x": 0,
                "crsothr2_x": 1,
                "zebra2_x": 0,
                "trafcrcl_x": 0,
                "rumblesp_x": 0,
                "spdbump_x": 0,
                "pbspothr_x": 0,
                "prctbldg_x": 1,
                "swptcoth_x": 0,
                "heatlamp_x": 0,
                "pedstreet_x": 0,
                "banners_x": 0,
                "multifamtot": 0,
                "school": 0,
                "retrest": 0,
                "sdwkbuff": 0,
                "vehlanestot": 7,
                "sixlnrd": 1,
                "sixlnrdrecoded": 1,
                "implndusrecoded": 0,
                "bldgstry": 0,
                "sizeparkimi1": 0,
                "crosswalktot": 2,
                "diffrdsftot": 0,
                "pedactsgntot": 0,
                "pedcssigntot": 0,
                "schooltot": 0,
                "officestot": 1,
                "liquorbaradultcheckcashing": 0,
                "markings": 1,
                "markings2": 1,
                "vehsigs": 1,
                "vehsigs2": 1,
                "vehlanestotrecoded": 7,
                "trafcalmtot": 0,
                "markingsint": 2,
                "markingsint2": 2,
                "vehsigsint": 2,
                "vehsigs2int": 2,
                "medianint": 0,
                "trafcalmtotint": 0,
                "midcrsmarkint": 0,
                "strpmalllnt": 0,
                "retrestint": 0,
                "commothrint": 0,
                "restarntint": 0,
                "coffshopint": 0,
                "cornerstint": 0,
                "moviethint": 0,
                "barsclubint": 0,
                "culsacpedptint": 0,
                "StreetName": "Collington Rd",
                "IntersectionA": "Collington Rd & Northview Dr",
                "IntersectionB": "Collington Rd & Town Center Blvd",
                "name_osm": "Collington Road",
                "intersc1": "Collington Rd & Northview Dr",
                "intersc2": "Collington Rd & Town Center Blvd",
                "tract_geoid": "24033800515",
                "tract_name": "Census Tract 8005.15",
                "STATEFP": "24",
                "COUNTYFP": "033",
                "n_tracts": 2,
                "tract_share": 0.8,
                "match": "overlay",
                "total_pop": 4375.0,
                "median_hh_income": 114432.0,
                "median_home_value": 346700.0,
                "commuters_total": 2347.0,
                "commuters_transit": 130.0,
                "renter_no_vehicle": 41.0,
                "Unnamed: 0": 32,
                "form3norm": 91.21427155000001,
                "dens2norm": 36.92466736,
                "prox3norm": 3.604451656,
                "conn6norm": 46.19221115,
                "parks2norm": 0.0,
                "peds4norm": 46.63137054,
                "safenorm": 65.30477142,
                "traffic5norm": 52.39683164,
                "aesttot3norm": 56.06998825,
                "paf2norm": 8.0036898e-06,
                "sop7norm": 48.28171145,
                " ": 0,
                "arcades_y": 0,
                "attrtve_y": 1,
                "awnings_y": 0,
                "barsclub_y": 0,
                "beach_y": 0,
                "benches_y": 0,
                "bigbox_y": 0,
                "bikelane_y": 1,
                "bikerack_y": 0,
                "bikeretl_y": 0,
                "bikeshre_y": 0,
                "billbrd_y": 0,
                "bklntype_y": 2,
                "blnkwall_y": 0,
                "buffboll_y": 0,
                "bufffence_y": 0,
                "buffpkcr_y": 0,
                "buffsttr_y": 0,
                "busstops_y": 0,
                "cardeal_y": 0,
                "chainstre_y": 0,
                "chckcash_y": 0,
                "civother_y": 0,
                "coffshop_y": 0,
                "college_y": 0,
                "comctlib_y": 0,
                "condoapt_y": 0,
                "cornerst_y": 0,
                "crosing2_y": 1,
                "croswalk_y": 1,
                "dining_y": 0,
                "dogs_y": 0,
                "driveway_y": 0,
                "drivthru_y": 0,
                "dumpster_y": 0,
                "farnermk_y": 0,
                "fastfood_y": 0,
                "financl_y": 0,
                "flatslpe_y": 1,
                "gasserv_y": 0,
                "gated_y": 0,
                "grafitti_y": 0,
                "gymfitns_y": 0,
                "hardgood_y": 0,
                "highschl_y": 0,
                "hotelhos_y": 0,
                "indsothr_y": 0,
                "insother_y": 0,
                "kinder_y": 0,
                "libbkstr_y": 0,
                "lighting_y": 0,
                "liquorst_y": 0,
                "litter_y": 0,
                "localstre_y": 0,
                "mdhvind_y": 0,
                "medicine_y": 0,
                "midblock_y": 0,
                "mlgrcer_y": 0,
                "mntbuild_y": 0,
                "movieth_y": 0,
                "mustheat_y": 0,
                "offices_y": 1,
                "ofseroth_y": 0,
                "othrrtail_y": 0,
                "othrsdwk_y": 1,
                "parkplay_y": 0,
                "pedcrs2_y": 0,
                "pedcrssgn_y": 0,
                "playsprt_y": 0,
                "plazasq_y": 0,
                "prctpkng_y": 0,
                "prdusprk_y": 0,
                "primschl_y": 0,
                "prmntbldgh_y": 0,
                "pubart_y": 0,
                "pubcivic_y": 0,
                "pubgardn_y": 0,
                "pubrestr_y": 0,
                "recoher_y": 0,
                "religion_y": 0,
                "restarnt_y": 0,
                "restaurant_y": 0,
                "schother_y": 0,
                "scndschl_y": 0,
                "sdwkcomp_y": 2,
                "sdwkshde_y": 0,
                "service_y": 0,
                "sfhatach_y": 0,
                "shopmall_y": 0,
                "sidewalk_y": 2,
                "sizeparkimi2_y": 0,
                "softgood_y": 0,
                "stopsgn2_y": 0,
                "stopsign_y": 0,
                "strpmall_y": 0,
                "strttree_y": 1,
                "stvendor_y": 0,
                "surfpkng_y": 0,
                "townhome_y": 0,
                "traffsig_y": 1,
                "trafsgn2_y": 1,
                "trcmpark_y": 0,
                "undevlnd_y": 0,
                "vehlanes_y": 7,
                "vermixus_y": 0,
                "pedactsgn_y": 0,
                "pedact2_y": 0,
                "smlgrcer_y": 0,
                "gateaccs_y": 0,
                "sdwkpave_y": 0,
                "diffrdsf_y": 0,
                "dfrdsf2_y": 0,
                "cmother_y": 1,
                "zebrastp_y": 0,
                "crsothr2_y": 1,
                "zebra2_y": 0,
                "trafcrcl_y": 0,
                "rumblesp_y": 0,
                "spdbump_y": 0,
                "pbspothr_y": 0,
                "prctbldg_y": 1,
                "swptcoth_y": 0,
                "heatlamp_y": 0,
                "pedstreet_y": 0,
                "banners_y": 0
            },
            "geometry": {
                "type": "LineString",
                "coordinates": [
                    [
                        -76.737335694464079,
                        38.947465527302327
                    ],
                    [
                        -76.733840354929015,
                        38.946310389408033
                    ]
                ]
            }
        },
        {
            "type": "Feature",
            "properties": {
                "sgmntid": 34,
                "name_2": "Collington Rd",
                "id": 34,
                "intersection_1_location": "38.946307396822824,-76.73382539200291",
                "intersection_2_location": "38.94598419761924,-76.72994101638946",
                "neighborhood": "Bowie Town Center",
                "Group": "Bowie Town Center",
                "layer": "Bowie_CustomMarked",
                "location_id": 34,
                "form3": 52.70896149,
                "dens2": 36.92466736,
                "prox3": 2.794286013,
                "conn6": 46.19221115,
                "parks2": 0.0,
                "peds4": 34.55033112,
                "safe": 65.30477142,
                "traffic5": 36.68082428,
                "aesttot3": 47.06646347,
                "paf2": 8.0036898e-06,
                "sopindex7": 31.43393834,
                "zscored_form3": 9.618127823,
                "zscored_dens2": -2.046435595,
                "zscored_prox3": -4.242321968,
                "zscored_conn6": 6.33165741,
                "zscored_parks2": -1.480694154,
                "zscored_peds4": 0.3674218655,
                "zscored_safe": -3.164984226,
                "zscored_traffic5": -9.426171303,
                "zscored_aesttot3": -1.554413319,
                "zscored_paf2": -0.4590791464,
                "zscored_sopindex7": -37.95646284,
                "country": "USA",
                "state": "Maryland",
                "city": "Bowie",
                "surfpkng_x": 1,
                "sizeparkimi2_x": 2,
                "prctpkng_x": 2,
                "adultuse": 0,
                "arcades_x": 0,
                "attrtve_x": 1,
                "awnings_x": 0,
                "barsclub_x": 0,
                "beach_x": 0,
                "benches_x": 0,
                "bigbox_x": 1,
                "bikelane_x": 0,
                "bikerack_x": 0,
                "bikeretl_x": 0,
                "bikeshre_x": 0,
                "billbrd_x": 0,
                "bklntype_x": 0,
                "blnkwall_x": 0,
                "buffboll_x": 0,
                "bufffence_x": 0,
                "buffpkcr_x": 0,
                "buffsttr_x": 0,
                "busstops_x": 0,
                "cardeal_x": 0,
                "chainstre_x": 0,
                "chckcash_x": 0,
                "civother_x": 0,
                "coffshop_x": 0,
                "college_x": 0,
                "comctlib_x": 0,
                "condoapt_x": 0,
                "cornerst_x": 0,
                "crosing2_x": 2,
                "croswalk_x": 1,
                "dining_x": 0,
                "dogs_x": 0,
                "driveway_x": 0,
                "drivthru_x": 0,
                "dumpster_x": 0,
                "farnermk_x": 0,
                "fastfood_x": 0,
                "financl_x": 0,
                "flatslpe_x": 1,
                "gasserv_x": 0,
                "gated_x": 0,
                "grafitti_x": 0,
                "gymfitns_x": 0,
                "hardgood_x": 1,
                "highschl_x": 0,
                "hotelhos_x": 0,
                "indsothr_x": 0,
                "insother_x": 0,
                "kinder_x": 0,
                "libbkstr_x": 0,
                "lighting_x": 0,
                "liquorst_x": 0,
                "litter_x": 0,
                "localstre_x": 0,
                "mdhvind_x": 0,
                "medicine_x": 0,
                "midblock_x": 0,
                "mlgrcer_x": 0,
                "mntbuild_x": 0,
                "movieth_x": 0,
                "mustheat_x": 0,
                "offices_x": 0,
                "ofseroth_x": 0,
                "othrrtail_x": 0,
                "othrsdwk_x": 1,
                "parkplay_x": 0,
                "pedcrs2_x": 0,
                "pedcrssgn_x": 0,
                "playsprt_x": 0,
                "plazasq_x": 0,
                "prdusprk_x": 0,
                "primschl_x": 0,
                "prmntbldgh_x": 0,
                "pubart_x": 0,
                "pubcivic_x": 0,
                "pubgardn_x": 0,
                "pubrestr_x": 0,
                "recoher_x": 0,
                "religion_x": 0,
                "restarnt_x": 0,
                "restaurant_x": 0,
                "schother_x": 0,
                "scndschl_x": 0,
                "sdwkcomp_x": 1,
                "sdwkshde_x": 1,
                "service_x": 0,
                "sfhatach_x": 0,
                "shopmall_x": 0,
                "sidewalk_x": 2,
                "softgood_x": 0,
                "stopsgn2_x": 0,
                "stopsign_x": 0,
                "strpmall_x": 0,
                "strttree_x": 1,
                "stvendor_x": 0,
                "townhome_x": 0,
                "traffsig_x": 1,
                "trafsgn2_x": 1,
                "trcmpark_x": 0,
                "undevlnd_x": 0,
                "vehlanes_x": 7,
                "vermixus_x": 0,
                "pedactsgn_x": 0,
                "pedact2_x": 0,
                "smlgrcer_x": 0,
                "gateaccs_x": 0,
                "sdwkpave_x": 0,
                "diffrdsf_x": 1,
                "dfrdsf2_x": 0,
                "cmother_x": 1,
                "zebrastp_x": 0,
                "crsothr2_x": 1,
                "zebra2_x": 0,
                "trafcrcl_x": 0,
                "rumblesp_x": 0,
                "spdbump_x": 0,
                "pbspothr_x": 0,
                "prctbldg_x": 1,
                "swptcoth_x": 0,
                "heatlamp_x": 0,
                "pedstreet_x": 0,
                "banners_x": 0,
                "multifamtot": 0,
                "school": 0,
                "retrest": 1,
                "sdwkbuff": 0,
                "vehlanestot": 7,
                "sixlnrd": 1,
                "sixlnrdrecoded": 1,
                "implndusrecoded": 0,
                "bldgstry": 0,
                "sizeparkimi1": 2,
                "crosswalktot": 3,
                "diffrdsftot": 1,
                "pedactsgntot": 0,
                "pedcssigntot": 0,
                "schooltot": 0,
                "officestot": 0,
                "liquorbaradultcheckcashing": 0,
                "markings": 1,
                "markings2": 1,
                "vehsigs": 1,
                "vehsigs2": 1,
                "vehlanestotrecoded": 7,
                "trafcalmtot": 0,
                "markingsint": 0,
                "markingsint2": 2,
                "vehsigsint": 0,
                "vehsigs2int": 2,
                "medianint": 0,
                "trafcalmtotint": -2,
                "midcrsmarkint": 0,
                "strpmalllnt": 0,
                "retrestint": 1,
                "commothrint": 0,
                "restarntint": 0,
                "coffshopint": 0,
                "cornerstint": 0,
                "moviethint": 0,
                "barsclubint": 0,
                "culsacpedptint": 0,
                "StreetName": "Collington Rd",
                "IntersectionA": "Collington Rd & Town Center Blvd",
                "IntersectionB": "Collington Rd & Evergreen Parkway",
                "name_osm": "Evergreen Parkway",
                "intersc1": "Collington Rd & Town Center Blvd",
                "intersc2": "Collington Rd & Evergreen Parkway",
                "tract_geoid": "24033800515",
                "tract_name": "Census Tract 8005.15",
                "STATEFP": "24",
                "COUNTYFP": "033",
                "n_tracts": 2,
                "tract_share": 0.893,
                "match": "overlay",
                "total_pop": 4375.0,
                "median_hh_income": 114432.0,
                "median_home_value": 346700.0,
                "commuters_total": 2347.0,
                "commuters_transit": 130.0,
                "renter_no_vehicle": 41.0,
                "Unnamed: 0": 33,
                "form3norm": 52.70896149,
                "dens2norm": 36.92466736,
                "prox3norm": 2.794286013,
                "conn6norm": 46.19221115,
                "parks2norm": 0.0,
                "peds4norm": 34.55033112,
                "safenorm": 65.30477142,
                "traffic5norm": 58.31758671,
                "aesttot3norm": 47.06646347,
                "paf2norm": 8.0036898e-06,
                "sop7norm": 35.98767316,
                " ": 0,
                "arcades_y": 0,
                "attrtve_y": 1,
                "awnings_y": 0,
                "barsclub_y": 0,
                "beach_y": 0,
                "benches_y": 0,
                "bigbox_y": 1,
                "bikelane_y": 0,
                "bikerack_y": 0,
                "bikeretl_y": 0,
                "bikeshre_y": 0,
                "billbrd_y": 0,
                "bklntype_y": 0,
                "blnkwall_y": 0,
                "buffboll_y": 0,
                "bufffence_y": 0,
                "buffpkcr_y": 0,
                "buffsttr_y": 0,
                "busstops_y": 0,
                "cardeal_y": 0,
                "chainstre_y": 0,
                "chckcash_y": 0,
                "civother_y": 0,
                "coffshop_y": 0,
                "college_y": 0,
                "comctlib_y": 0,
                "condoapt_y": 0,
                "cornerst_y": 0,
                "crosing2_y": 2,
                "croswalk_y": 1,
                "dining_y": 0,
                "dogs_y": 0,
                "driveway_y": 0,
                "drivthru_y": 0,
                "dumpster_y": 0,
                "farnermk_y": 0,
                "fastfood_y": 0,
                "financl_y": 0,
                "flatslpe_y": 1,
                "gasserv_y": 0,
                "gated_y": 0,
                "grafitti_y": 0,
                "gymfitns_y": 0,
                "hardgood_y": 1,
                "highschl_y": 0,
                "hotelhos_y": 0,
                "indsothr_y": 0,
                "insother_y": 0,
                "kinder_y": 0,
                "libbkstr_y": 0,
                "lighting_y": 0,
                "liquorst_y": 0,
                "litter_y": 0,
                "localstre_y": 0,
                "mdhvind_y": 0,
                "medicine_y": 0,
                "midblock_y": 0,
                "mlgrcer_y": 0,
                "mntbuild_y": 0,
                "movieth_y": 0,
                "mustheat_y": 0,
                "offices_y": 0,
                "ofseroth_y": 0,
                "othrrtail_y": 0,
                "othrsdwk_y": 1,
                "parkplay_y": 0,
                "pedcrs2_y": 0,
                "pedcrssgn_y": 0,
                "playsprt_y": 0,
                "plazasq_y": 0,
                "prctpkng_y": 2,
                "prdusprk_y": 0,
                "primschl_y": 0,
                "prmntbldgh_y": 0,
                "pubart_y": 0,
                "pubcivic_y": 0,
                "pubgardn_y": 0,
                "pubrestr_y": 0,
                "recoher_y": 0,
                "religion_y": 0,
                "restarnt_y": 0,
                "restaurant_y": 0,
                "schother_y": 0,
                "scndschl_y": 0,
                "sdwkcomp_y": 2,
                "sdwkshde_y": 2,
                "service_y": 0,
                "sfhatach_y": 0,
                "shopmall_y": 0,
                "sidewalk_y": 2,
                "sizeparkimi2_y": 2,
                "softgood_y": 0,
                "stopsgn2_y": 0,
                "stopsign_y": 0,
                "strpmall_y": 0,
                "strttree_y": 1,
                "stvendor_y": 0,
                "surfpkng_y": 1,
                "townhome_y": 0,
                "traffsig_y": 1,
                "trafsgn2_y": 1,
                "trcmpark_y": 0,
                "undevlnd_y": 0,
                "vehlanes_y": 7,
                "vermixus_y": 0,
                "pedactsgn_y": 0,
                "pedact2_y": 0,
                "smlgrcer_y": 0,
                "gateaccs_y": 0,
                "sdwkpave_y": 0,
                "diffrdsf_y": 1,
                "dfrdsf2_y": 0,
                "cmother_y": 1,
                "zebrastp_y": 0,
                "crsothr2_y": 1,
                "zebra2_y": 0,
                "trafcrcl_y": 0,
                "rumblesp_y": 0,
                "spdbump_y": 0,
                "pbspothr_y": 0,
                "prctbldg_y": 1,
                "swptcoth_y": 0,
                "heatlamp_y": 0,
                "pedstreet_y": 0,
                "banners_y": 0
            },
            "geometry": {
                "type": "LineString",
                "coordinates": [
                    [
                        -76.733825392002913,
                        38.946307396822824
                    ],
                    [
                        -76.729941016389461,
                        38.945984197619239
                    ]
                ]
            }
        },
        {
            "type": "Feature",
            "properties": {
                "sgmntid": 36,
                "name_2": "Health Center Dr",
                "id": 36,
                "intersection_1_location": "38.945254006825955,-76.73727883534492",
                "intersection_2_location": "38.944996644497174,-76.7388050538063",
                "neighborhood": "Bowie Town Center",
                "Group": "Bowie Town Center",
                "layer": "Bowie_CustomMarked",
                "location_id": 36,
                "form3": 47.28638077,
                "dens2": 36.92466736,
                "prox3": 2.794286013,
                "conn6": 73.1760025,
                "parks2": 0.0,
                "peds4": 26.25033569,
                "safe": 78.05537415000001,
                "traffic5": 38.15124893,
                "aesttot3": 43.13660431,
                "paf2": 32.0144043,
                "sopindex7": 34.89983298,
                "zscored_form3": 11.72706032,
                "zscored_dens2": -2.046435595,
                "zscored_prox3": -4.242321968,
                "zscored_conn6": 1.005057454,
                "zscored_parks2": -1.480694154,
                "zscored_peds4": -3.99153471,
                "zscored_safe": -0.1753524542,
                "zscored_traffic5": -8.800283432000001,
                "zscored_aesttot3": -4.052316189,
                "zscored_paf2": 6.574189186,
                "zscored_sopindex7": -30.94686768,
                "country": "USA",
                "state": "Maryland",
                "city": "Bowie",
                "surfpkng_x": 2,
                "sizeparkimi2_x": 3,
                "prctpkng_x": 2,
                "adultuse": 0,
                "arcades_x": 0,
                "attrtve_x": 1,
                "awnings_x": 0,
                "barsclub_x": 0,
                "beach_x": 0,
                "benches_x": 0,
                "bigbox_x": 1,
                "bikelane_x": 0,
                "bikerack_x": 0,
                "bikeretl_x": 0,
                "bikeshre_x": 0,
                "billbrd_x": 0,
                "bklntype_x": 0,
                "blnkwall_x": 0,
                "buffboll_x": 0,
                "bufffence_x": 0,
                "buffpkcr_x": 0,
                "buffsttr_x": 0,
                "busstops_x": 0,
                "cardeal_x": 0,
                "chainstre_x": 1,
                "chckcash_x": 0,
                "civother_x": 0,
                "coffshop_x": 0,
                "college_x": 0,
                "comctlib_x": 0,
                "condoapt_x": 0,
                "cornerst_x": 0,
                "crosing2_x": 0,
                "croswalk_x": 0,
                "dining_x": 0,
                "dogs_x": 0,
                "driveway_x": 0,
                "drivthru_x": 0,
                "dumpster_x": 0,
                "farnermk_x": 0,
                "fastfood_x": 1,
                "financl_x": 0,
                "flatslpe_x": 1,
                "gasserv_x": 0,
                "gated_x": 0,
                "grafitti_x": 0,
                "gymfitns_x": 1,
                "hardgood_x": 0,
                "highschl_x": 0,
                "hotelhos_x": 0,
                "indsothr_x": 0,
                "insother_x": 0,
                "kinder_x": 0,
                "libbkstr_x": 0,
                "lighting_x": 1,
                "liquorst_x": 0,
                "litter_x": 0,
                "localstre_x": 0,
                "mdhvind_x": 0,
                "medicine_x": 0,
                "midblock_x": 0,
                "mlgrcer_x": 0,
                "mntbuild_x": 0,
                "movieth_x": 0,
                "mustheat_x": 0,
                "offices_x": 0,
                "ofseroth_x": 0,
                "othrrtail_x": 0,
                "othrsdwk_x": 0,
                "parkplay_x": 0,
                "pedcrs2_x": 0,
                "pedcrssgn_x": 0,
                "playsprt_x": 0,
                "plazasq_x": 0,
                "prdusprk_x": 0,
                "primschl_x": 0,
                "prmntbldgh_x": 0,
                "pubart_x": 0,
                "pubcivic_x": 0,
                "pubgardn_x": 0,
                "pubrestr_x": 0,
                "recoher_x": 0,
                "religion_x": 0,
                "restarnt_x": 0,
                "restaurant_x": 0,
                "schother_x": 0,
                "scndschl_x": 0,
                "sdwkcomp_x": 1,
                "sdwkshde_x": 0,
                "service_x": 0,
                "sfhatach_x": 0,
                "shopmall_x": 0,
                "sidewalk_x": 2,
                "softgood_x": 1,
                "stopsgn2_x": 1,
                "stopsign_x": 1,
                "strpmall_x": 0,
                "strttree_x": 1,
                "stvendor_x": 0,
                "townhome_x": 0,
                "traffsig_x": 0,
                "trafsgn2_x": 0,
                "trcmpark_x": 0,
                "undevlnd_x": 0,
                "vehlanes_x": 4,
                "vermixus_x": 0,
                "pedactsgn_x": 0,
                "pedact2_x": 0,
                "smlgrcer_x": 0,
                "gateaccs_x": 0,
                "sdwkpave_x": 0,
                "diffrdsf_x": 0,
                "dfrdsf2_x": 0,
                "cmother_x": 1,
                "zebrastp_x": 0,
                "crsothr2_x": 0,
                "zebra2_x": 0,
                "trafcrcl_x": 0,
                "rumblesp_x": 0,
                "spdbump_x": 0,
                "pbspothr_x": 0,
                "prctbldg_x": 1,
                "swptcoth_x": 0,
                "heatlamp_x": 0,
                "pedstreet_x": 0,
                "banners_x": 0,
                "multifamtot": 0,
                "school": 0,
                "retrest": 1,
                "sdwkbuff": 0,
                "vehlanestot": 4,
                "sixlnrd": 0,
                "sixlnrdrecoded": 0,
                "implndusrecoded": 0,
                "bldgstry": 0,
                "sizeparkimi1": 3,
                "crosswalktot": 0,
                "diffrdsftot": 0,
                "pedactsgntot": 0,
                "pedcssigntot": 0,
                "schooltot": 0,
                "officestot": 0,
                "liquorbaradultcheckcashing": 0,
                "markings": 1,
                "markings2": 0,
                "vehsigs": 1,
                "vehsigs2": 1,
                "vehlanestotrecoded": 4,
                "trafcalmtot": 0,
                "markingsint": 2,
                "markingsint2": -1,
                "vehsigsint": 0,
                "vehsigs2int": 0,
                "medianint": 0,
                "trafcalmtotint": 0,
                "midcrsmarkint": 0,
                "strpmalllnt": 0,
                "retrestint": 1,
                "commothrint": 0,
                "restarntint": 0,
                "coffshopint": 0,
                "cornerstint": 0,
                "moviethint": 0,
                "barsclubint": 0,
                "culsacpedptint": 0,
                "StreetName": "Health Center Dr",
                "IntersectionA": "Health Center Dr",
                "IntersectionB": "Health Center Dr & Emerald Way",
                "name_osm": "Excelsior Drive",
                "intersc1": "Health Center Dr",
                "intersc2": "Health Center Dr & Emerald Way",
                "tract_geoid": "24033800516",
                "tract_name": "Census Tract 8005.16",
                "STATEFP": "24",
                "COUNTYFP": "033",
                "n_tracts": 1,
                "tract_share": 1.0,
                "match": "overlay",
                "total_pop": 3715.0,
                "median_hh_income": 124545.0,
                "median_home_value": 371100.0,
                "commuters_total": 2004.0,
                "commuters_transit": 80.0,
                "renter_no_vehicle": 13.0,
                "Unnamed: 0": 34,
                "form3norm": 47.28638077,
                "dens2norm": 36.92466736,
                "prox3norm": 2.794286013,
                "conn6norm": 73.1760025,
                "parks2norm": 0.0,
                "peds4norm": 26.25033569,
                "safenorm": 78.05537415000001,
                "traffic5norm": 31.15389571,
                "aesttot3norm": 43.13660431,
                "paf2norm": 32.0144043,
                "sop7norm": 33.42714977,
                " ": 0,
                "arcades_y": 0,
                "attrtve_y": 1,
                "awnings_y": 0,
                "barsclub_y": 0,
                "beach_y": 0,
                "benches_y": 0,
                "bigbox_y": 1,
                "bikelane_y": 0,
                "bikerack_y": 0,
                "bikeretl_y": 0,
                "bikeshre_y": 0,
                "billbrd_y": 0,
                "bklntype_y": 0,
                "blnkwall_y": 0,
                "buffboll_y": 0,
                "bufffence_y": 0,
                "buffpkcr_y": 0,
                "buffsttr_y": 0,
                "busstops_y": 0,
                "cardeal_y": 0,
                "chainstre_y": 1,
                "chckcash_y": 0,
                "civother_y": 0,
                "coffshop_y": 0,
                "college_y": 0,
                "comctlib_y": 0,
                "condoapt_y": 0,
                "cornerst_y": 0,
                "crosing2_y": 0,
                "croswalk_y": 0,
                "dining_y": 0,
                "dogs_y": 0,
                "driveway_y": 0,
                "drivthru_y": 0,
                "dumpster_y": 0,
                "farnermk_y": 0,
                "fastfood_y": 1,
                "financl_y": 0,
                "flatslpe_y": 1,
                "gasserv_y": 0,
                "gated_y": 0,
                "grafitti_y": 0,
                "gymfitns_y": 1,
                "hardgood_y": 0,
                "highschl_y": 0,
                "hotelhos_y": 0,
                "indsothr_y": 0,
                "insother_y": 0,
                "kinder_y": 0,
                "libbkstr_y": 0,
                "lighting_y": 1,
                "liquorst_y": 0,
                "litter_y": 0,
                "localstre_y": 0,
                "mdhvind_y": 0,
                "medicine_y": 0,
                "midblock_y": 0,
                "mlgrcer_y": 0,
                "mntbuild_y": 0,
                "movieth_y": 0,
                "mustheat_y": 0,
                "offices_y": 0,
                "ofseroth_y": 0,
                "othrrtail_y": 0,
                "othrsdwk_y": 0,
                "parkplay_y": 0,
                "pedcrs2_y": 0,
                "pedcrssgn_y": 0,
                "playsprt_y": 0,
                "plazasq_y": 0,
                "prctpkng_y": 2,
                "prdusprk_y": 0,
                "primschl_y": 0,
                "prmntbldgh_y": 0,
                "pubart_y": 0,
                "pubcivic_y": 0,
                "pubgardn_y": 0,
                "pubrestr_y": 0,
                "recoher_y": 0,
                "religion_y": 0,
                "restarnt_y": 0,
                "restaurant_y": 0,
                "schother_y": 0,
                "scndschl_y": 0,
                "sdwkcomp_y": 1,
                "sdwkshde_y": 0,
                "service_y": 0,
                "sfhatach_y": 0,
                "shopmall_y": 0,
                "sidewalk_y": 2,
                "sizeparkimi2_y": 3,
                "softgood_y": 1,
                "stopsgn2_y": 1,
                "stopsign_y": 1,
                "strpmall_y": 0,
                "strttree_y": 1,
                "stvendor_y": 0,
                "surfpkng_y": 2,
                "townhome_y": 0,
                "traffsig_y": 0,
                "trafsgn2_y": 0,
                "trcmpark_y": 0,
                "undevlnd_y": 0,
                "vehlanes_y": 4,
                "vermixus_y": 0,
                "pedactsgn_y": 0,
                "pedact2_y": 0,
                "smlgrcer_y": 0,
                "gateaccs_y": 0,
                "sdwkpave_y": 0,
                "diffrdsf_y": 0,
                "dfrdsf2_y": 0,
                "cmother_y": 1,
                "zebrastp_y": 0,
                "crsothr2_y": 0,
                "zebra2_y": 0,
                "trafcrcl_y": 0,
                "rumblesp_y": 0,
                "spdbump_y": 0,
                "pbspothr_y": 0,
                "prctbldg_y": 1,
                "swptcoth_y": 0,
                "heatlamp_y": 0,
                "pedstreet_y": 0,
                "banners_y": 0
            },
            "geometry": {
                "type": "LineString",
                "coordinates": [
                    [
                        -76.737278835344924,
                        38.945254006825955
                    ],
                    [
                        -76.738805053806303,
                        38.944996644497174
                    ]
                ]
            }
        },
        {
            "type": "Feature",
            "properties": {
                "sgmntid": 37,
                "name_2": "Emerald Way",
                "id": 37,
                "intersection_1_location": "38.945014600008484,-76.7388050538063",
                "intersection_2_location": "38.94531984370076,-76.73927189710037",
                "neighborhood": "Bowie Town Center",
                "Group": "Bowie Town Center",
                "layer": "Bowie_CustomMarked",
                "location_id": 37,
                "form3": 41.34199524,
                "dens2": 36.92466736,
                "prox3": 2.794286013,
                "conn6": 80.5850296,
                "parks2": 0.0,
                "peds4": 22.99962425,
                "safe": 78.05537415000001,
                "traffic5": 63.22566223,
                "aesttot3": 53.2790184,
                "paf2": 8.0036898e-06,
                "sopindex7": 38.62298263,
                "zscored_form3": 14.0389328,
                "zscored_dens2": -2.046435595,
                "zscored_prox3": -4.242321968,
                "zscored_conn6": -0.4574847817,
                "zscored_parks2": -1.480694154,
                "zscored_peds4": -5.698731422,
                "zscored_safe": -0.1753524542,
                "zscored_traffic5": 1.872650266,
                "zscored_aesttot3": 2.394424438,
                "zscored_paf2": -0.4590791464,
                "zscored_sopindex7": -23.4169874,
                "country": "USA",
                "state": "Maryland",
                "city": "Bowie",
                "surfpkng_x": 0,
                "sizeparkimi2_x": 0,
                "prctpkng_x": 0,
                "adultuse": 0,
                "arcades_x": 0,
                "attrtve_x": 1,
                "awnings_x": 0,
                "barsclub_x": 0,
                "beach_x": 0,
                "benches_x": 0,
                "bigbox_x": 1,
                "bikelane_x": 0,
                "bikerack_x": 0,
                "bikeretl_x": 0,
                "bikeshre_x": 0,
                "billbrd_x": 0,
                "bklntype_x": 0,
                "blnkwall_x": 0,
                "buffboll_x": 0,
                "bufffence_x": 0,
                "buffpkcr_x": 0,
                "buffsttr_x": 0,
                "busstops_x": 0,
                "cardeal_x": 0,
                "chainstre_x": 1,
                "chckcash_x": 0,
                "civother_x": 0,
                "coffshop_x": 0,
                "college_x": 0,
                "comctlib_x": 0,
                "condoapt_x": 0,
                "cornerst_x": 0,
                "crosing2_x": 1,
                "croswalk_x": 0,
                "dining_x": 0,
                "dogs_x": 0,
                "driveway_x": 0,
                "drivthru_x": 0,
                "dumpster_x": 0,
                "farnermk_x": 0,
                "fastfood_x": 0,
                "financl_x": 0,
                "flatslpe_x": 1,
                "gasserv_x": 0,
                "gated_x": 0,
                "grafitti_x": 0,
                "gymfitns_x": 0,
                "hardgood_x": 0,
                "highschl_x": 0,
                "hotelhos_x": 0,
                "indsothr_x": 0,
                "insother_x": 0,
                "kinder_x": 0,
                "libbkstr_x": 0,
                "lighting_x": 1,
                "liquorst_x": 0,
                "litter_x": 0,
                "localstre_x": 0,
                "mdhvind_x": 0,
                "medicine_x": 0,
                "midblock_x": 0,
                "mlgrcer_x": 0,
                "mntbuild_x": 0,
                "movieth_x": 0,
                "mustheat_x": 0,
                "offices_x": 0,
                "ofseroth_x": 0,
                "othrrtail_x": 0,
                "othrsdwk_x": 0,
                "parkplay_x": 0,
                "pedcrs2_x": 0,
                "pedcrssgn_x": 0,
                "playsprt_x": 0,
                "plazasq_x": 0,
                "prdusprk_x": 0,
                "primschl_x": 0,
                "prmntbldgh_x": 0,
                "pubart_x": 0,
                "pubcivic_x": 0,
                "pubgardn_x": 0,
                "pubrestr_x": 0,
                "recoher_x": 0,
                "religion_x": 0,
                "restarnt_x": 0,
                "restaurant_x": 0,
                "schother_x": 0,
                "scndschl_x": 0,
                "sdwkcomp_x": 1,
                "sdwkshde_x": 0,
                "service_x": 0,
                "sfhatach_x": 0,
                "shopmall_x": 1,
                "sidewalk_x": 1,
                "softgood_x": 1,
                "stopsgn2_x": 0,
                "stopsign_x": 0,
                "strpmall_x": 0,
                "strttree_x": 0,
                "stvendor_x": 0,
                "townhome_x": 0,
                "traffsig_x": 1,
                "trafsgn2_x": 1,
                "trcmpark_x": 0,
                "undevlnd_x": 0,
                "vehlanes_x": 2,
                "vermixus_x": 0,
                "pedactsgn_x": 0,
                "pedact2_x": 0,
                "smlgrcer_x": 0,
                "gateaccs_x": 0,
                "sdwkpave_x": 0,
                "diffrdsf_x": 0,
                "dfrdsf2_x": 0,
                "cmother_x": 1,
                "zebrastp_x": 0,
                "crsothr2_x": 1,
                "zebra2_x": 0,
                "trafcrcl_x": 0,
                "rumblesp_x": 0,
                "spdbump_x": 0,
                "pbspothr_x": 0,
                "prctbldg_x": 1,
                "swptcoth_x": 0,
                "heatlamp_x": 0,
                "pedstreet_x": 0,
                "banners_x": 0,
                "multifamtot": 0,
                "school": 0,
                "retrest": 1,
                "sdwkbuff": 0,
                "vehlanestot": 2,
                "sixlnrd": 0,
                "sixlnrdrecoded": 0,
                "implndusrecoded": 0,
                "bldgstry": 0,
                "sizeparkimi1": 0,
                "crosswalktot": 1,
                "diffrdsftot": 0,
                "pedactsgntot": 0,
                "pedcssigntot": 0,
                "schooltot": 0,
                "officestot": 0,
                "liquorbaradultcheckcashing": 0,
                "markings": 1,
                "markings2": 1,
                "vehsigs": 1,
                "vehsigs2": 1,
                "vehlanestotrecoded": 2,
                "trafcalmtot": 0,
                "markingsint": 2,
                "markingsint2": 2,
                "vehsigsint": 0,
                "vehsigs2int": 2,
                "medianint": 0,
                "trafcalmtotint": 1,
                "midcrsmarkint": 0,
                "strpmalllnt": 0,
                "retrestint": 1,
                "commothrint": 0,
                "restarntint": 0,
                "coffshopint": 0,
                "cornerstint": 0,
                "moviethint": 0,
                "barsclubint": 0,
                "culsacpedptint": 0,
                "StreetName": "Emerald Way",
                "IntersectionA": "Emerald Way & Health Center Dr",
                "IntersectionB": "Emerald Way & Northview Dr",
                "name_osm": "Excelsior Drive",
                "intersc1": "Emerald Way & Health Center Dr",
                "intersc2": "Emerald Way & Northview Dr",
                "tract_geoid": "24033800516",
                "tract_name": "Census Tract 8005.16",
                "STATEFP": "24",
                "COUNTYFP": "033",
                "n_tracts": 1,
                "tract_share": 1.0,
                "match": "overlay",
                "total_pop": 3715.0,
                "median_hh_income": 124545.0,
                "median_home_value": 371100.0,
                "commuters_total": 2004.0,
                "commuters_transit": 80.0,
                "renter_no_vehicle": 13.0,
                "Unnamed: 0": 35,
                "form3norm": 41.34199524,
                "dens2norm": 36.92466736,
                "prox3norm": 2.794286013,
                "conn6norm": 80.5850296,
                "parks2norm": 0.0,
                "peds4norm": 22.99962425,
                "safenorm": 78.05537415000001,
                "traffic5norm": 57.16463196,
                "aesttot3norm": 58.80173874,
                "paf2norm": 8.0036898e-06,
                "sop7norm": 39.08306085,
                " ": 0,
                "arcades_y": 0,
                "attrtve_y": 1,
                "awnings_y": 0,
                "barsclub_y": 0,
                "beach_y": 0,
                "benches_y": 0,
                "bigbox_y": 1,
                "bikelane_y": 0,
                "bikerack_y": 0,
                "bikeretl_y": 0,
                "bikeshre_y": 0,
                "billbrd_y": 0,
                "bklntype_y": 0,
                "blnkwall_y": 0,
                "buffboll_y": 0,
                "bufffence_y": 0,
                "buffpkcr_y": 0,
                "buffsttr_y": 0,
                "busstops_y": 0,
                "cardeal_y": 0,
                "chainstre_y": 1,
                "chckcash_y": 0,
                "civother_y": 0,
                "coffshop_y": 0,
                "college_y": 0,
                "comctlib_y": 0,
                "condoapt_y": 0,
                "cornerst_y": 0,
                "crosing2_y": 1,
                "croswalk_y": 0,
                "dining_y": 0,
                "dogs_y": 0,
                "driveway_y": 0,
                "drivthru_y": 0,
                "dumpster_y": 0,
                "farnermk_y": 0,
                "fastfood_y": 0,
                "financl_y": 0,
                "flatslpe_y": 1,
                "gasserv_y": 0,
                "gated_y": 0,
                "grafitti_y": 0,
                "gymfitns_y": 0,
                "hardgood_y": 0,
                "highschl_y": 0,
                "hotelhos_y": 0,
                "indsothr_y": 0,
                "insother_y": 0,
                "kinder_y": 0,
                "libbkstr_y": 0,
                "lighting_y": 1,
                "liquorst_y": 0,
                "litter_y": 0,
                "localstre_y": 0,
                "mdhvind_y": 0,
                "medicine_y": 0,
                "midblock_y": 0,
                "mlgrcer_y": 0,
                "mntbuild_y": 0,
                "movieth_y": 0,
                "mustheat_y": 0,
                "offices_y": 0,
                "ofseroth_y": 0,
                "othrrtail_y": 0,
                "othrsdwk_y": 0,
                "parkplay_y": 0,
                "pedcrs2_y": 0,
                "pedcrssgn_y": 0,
                "playsprt_y": 0,
                "plazasq_y": 0,
                "prctpkng_y": 0,
                "prdusprk_y": 0,
                "primschl_y": 0,
                "prmntbldgh_y": 0,
                "pubart_y": 0,
                "pubcivic_y": 0,
                "pubgardn_y": 0,
                "pubrestr_y": 0,
                "recoher_y": 0,
                "religion_y": 0,
                "restarnt_y": 0,
                "restaurant_y": 0,
                "schother_y": 0,
                "scndschl_y": 0,
                "sdwkcomp_y": 1,
                "sdwkshde_y": 0,
                "service_y": 0,
                "sfhatach_y": 0,
                "shopmall_y": 1,
                "sidewalk_y": 1,
                "sizeparkimi2_y": 0,
                "softgood_y": 1,
                "stopsgn2_y": 0,
                "stopsign_y": 0,
                "strpmall_y": 0,
                "strttree_y": 0,
                "stvendor_y": 0,
                "surfpkng_y": 0,
                "townhome_y": 0,
                "traffsig_y": 1,
                "trafsgn2_y": 1,
                "trcmpark_y": 0,
                "undevlnd_y": 0,
                "vehlanes_y": 2,
                "vermixus_y": 0,
                "pedactsgn_y": 0,
                "pedact2_y": 0,
                "smlgrcer_y": 0,
                "gateaccs_y": 0,
                "sdwkpave_y": 0,
                "diffrdsf_y": 0,
                "dfrdsf2_y": 0,
                "cmother_y": 1,
                "zebrastp_y": 0,
                "crsothr2_y": 1,
                "zebra2_y": 0,
                "trafcrcl_y": 0,
                "rumblesp_y": 0,
                "spdbump_y": 0,
                "pbspothr_y": 0,
                "prctbldg_y": 1,
                "swptcoth_y": 0,
                "heatlamp_y": 0,
                "pedstreet_y": 0,
                "banners_y": 1
            },
            "geometry": {
                "type": "LineString",
                "coordinates": [
                    [
                        -76.738805053806303,
                        38.945014600008484
                    ],
                    [
                        -76.739271897100366,
                        38.945319843700759
                    ]
                ]
            }
        },
        {
            "type": "Feature",
            "properties": {
                "sgmntid": 38,
                "name_2": "Northview Dr",
                "id": 38,
                "intersection_1_location": "38.94751041608062,-76.73735065739017",
                "intersection_2_location": "38.94881518323583,-76.73618953432543",
                "neighborhood": "Bowie Town Center",
                "Group": "Bowie Town Center",
                "layer": "Bowie_CustomMarked",
                "location_id": 38,
                "form3": 91.21427155000001,
                "dens2": 49.578125,
                "prox3": 9.525410652,
                "conn6": 46.19221115,
                "parks2": 0.0,
                "peds4": 26.25033569,
                "safe": 65.30477142,
                "traffic5": 29.78073311,
                "aesttot3": 63.14051056,
                "paf2": 8.0036898e-06,
                "sopindex7": 42.67766212,
                "zscored_form3": -5.357245922,
                "zscored_dens2": -0.03905797005,
                "zscored_prox3": -1.406255722,
                "zscored_conn6": 6.33165741,
                "zscored_parks2": -1.480694154,
                "zscored_peds4": -3.99153471,
                "zscored_safe": -3.164984226,
                "zscored_traffic5": -12.36319733,
                "zscored_aesttot3": 8.662610054,
                "zscored_paf2": -0.4590791464,
                "zscored_sopindex7": -15.21660493,
                "country": "USA",
                "state": "Maryland",
                "city": "Bowie",
                "surfpkng_x": 0,
                "sizeparkimi2_x": 0,
                "prctpkng_x": 0,
                "adultuse": 0,
                "arcades_x": 0,
                "attrtve_x": 2,
                "awnings_x": 0,
                "barsclub_x": 0,
                "beach_x": 0,
                "benches_x": 0,
                "bigbox_x": 0,
                "bikelane_x": 0,
                "bikerack_x": 0,
                "bikeretl_x": 0,
                "bikeshre_x": 0,
                "billbrd_x": 0,
                "bklntype_x": 0,
                "blnkwall_x": 0,
                "buffboll_x": 0,
                "bufffence_x": 0,
                "buffpkcr_x": 0,
                "buffsttr_x": 0,
                "busstops_x": 0,
                "cardeal_x": 0,
                "chainstre_x": 0,
                "chckcash_x": 0,
                "civother_x": 0,
                "coffshop_x": 0,
                "college_x": 0,
                "comctlib_x": 0,
                "condoapt_x": 0,
                "cornerst_x": 0,
                "crosing2_x": 0,
                "croswalk_x": 1,
                "dining_x": 0,
                "dogs_x": 0,
                "driveway_x": 0,
                "drivthru_x": 0,
                "dumpster_x": 0,
                "farnermk_x": 0,
                "fastfood_x": 1,
                "financl_x": 0,
                "flatslpe_x": 1,
                "gasserv_x": 0,
                "gated_x": 0,
                "grafitti_x": 0,
                "gymfitns_x": 0,
                "hardgood_x": 0,
                "highschl_x": 0,
                "hotelhos_x": 0,
                "indsothr_x": 0,
                "insother_x": 0,
                "kinder_x": 0,
                "libbkstr_x": 0,
                "lighting_x": 0,
                "liquorst_x": 0,
                "litter_x": 0,
                "localstre_x": 0,
                "mdhvind_x": 0,
                "medicine_x": 0,
                "midblock_x": 0,
                "mlgrcer_x": 0,
                "mntbuild_x": 0,
                "movieth_x": 0,
                "mustheat_x": 0,
                "offices_x": 1,
                "ofseroth_x": 0,
                "othrrtail_x": 0,
                "othrsdwk_x": 0,
                "parkplay_x": 0,
                "pedcrs2_x": 0,
                "pedcrssgn_x": 0,
                "playsprt_x": 0,
                "plazasq_x": 0,
                "prdusprk_x": 0,
                "primschl_x": 0,
                "prmntbldgh_x": 0,
                "pubart_x": 0,
                "pubcivic_x": 0,
                "pubgardn_x": 0,
                "pubrestr_x": 0,
                "recoher_x": 0,
                "religion_x": 0,
                "restarnt_x": 0,
                "restaurant_x": 0,
                "schother_x": 0,
                "scndschl_x": 0,
                "sdwkcomp_x": 1,
                "sdwkshde_x": 0,
                "service_x": 0,
                "sfhatach_x": 0,
                "shopmall_x": 0,
                "sidewalk_x": 2,
                "softgood_x": 0,
                "stopsgn2_x": 0,
                "stopsign_x": 0,
                "strpmall_x": 0,
                "strttree_x": 1,
                "stvendor_x": 0,
                "townhome_x": 1,
                "traffsig_x": 1,
                "trafsgn2_x": 0,
                "trcmpark_x": 0,
                "undevlnd_x": 0,
                "vehlanes_x": 6,
                "vermixus_x": 0,
                "pedactsgn_x": 0,
                "pedact2_x": 0,
                "smlgrcer_x": 0,
                "gateaccs_x": 0,
                "sdwkpave_x": 0,
                "diffrdsf_x": 0,
                "dfrdsf2_x": 0,
                "cmother_x": 1,
                "zebrastp_x": 0,
                "crsothr2_x": 1,
                "zebra2_x": 0,
                "trafcrcl_x": 0,
                "rumblesp_x": 0,
                "spdbump_x": 0,
                "pbspothr_x": 0,
                "prctbldg_x": 1,
                "swptcoth_x": 0,
                "heatlamp_x": 0,
                "pedstreet_x": 0,
                "banners_x": 0,
                "multifamtot": 1,
                "school": 0,
                "retrest": 1,
                "sdwkbuff": 0,
                "vehlanestot": 6,
                "sixlnrd": 1,
                "sixlnrdrecoded": 1,
                "implndusrecoded": 0,
                "bldgstry": 0,
                "sizeparkimi1": 0,
                "crosswalktot": 1,
                "diffrdsftot": 0,
                "pedactsgntot": 0,
                "pedcssigntot": 0,
                "schooltot": 0,
                "officestot": 1,
                "liquorbaradultcheckcashing": 0,
                "markings": 1,
                "markings2": 1,
                "vehsigs": 1,
                "vehsigs2": 0,
                "vehlanestotrecoded": 6,
                "trafcalmtot": 0,
                "markingsint": 2,
                "markingsint2": 0,
                "vehsigsint": 2,
                "vehsigs2int": -1,
                "medianint": 0,
                "trafcalmtotint": -2,
                "midcrsmarkint": 0,
                "strpmalllnt": 0,
                "retrestint": 2,
                "commothrint": 0,
                "restarntint": 0,
                "coffshopint": 0,
                "cornerstint": 0,
                "moviethint": 0,
                "barsclubint": 0,
                "culsacpedptint": 0,
                "StreetName": "Northview Dr",
                "IntersectionA": "Northview Dr & Collington Rd",
                "IntersectionB": "Northview Dr & Major Lansdale Blvd",
                "name_osm": "Northview Drive",
                "intersc1": "Northview Dr & Collington Rd",
                "intersc2": "Northview Dr & Major Lansdale Blvd",
                "tract_geoid": "24033800515",
                "tract_name": "Census Tract 8005.15",
                "STATEFP": "24",
                "COUNTYFP": "033",
                "n_tracts": 1,
                "tract_share": 1.0,
                "match": "overlay",
                "total_pop": 4375.0,
                "median_hh_income": 114432.0,
                "median_home_value": 346700.0,
                "commuters_total": 2347.0,
                "commuters_transit": 130.0,
                "renter_no_vehicle": 41.0,
                "Unnamed: 0": 36,
                "form3norm": 91.21427155000001,
                "dens2norm": 49.578125,
                "prox3norm": 9.525410652,
                "conn6norm": 46.19221115,
                "parks2norm": 0.0,
                "peds4norm": 26.25033569,
                "safenorm": 65.30477142,
                "traffic5norm": 45.28574746,
                "aesttot3norm": 63.14051056,
                "paf2norm": 8.0036898e-06,
                "sop7norm": 45.94089159,
                " ": 0,
                "arcades_y": 0,
                "attrtve_y": 2,
                "awnings_y": 0,
                "barsclub_y": 0,
                "beach_y": 0,
                "benches_y": 0,
                "bigbox_y": 0,
                "bikelane_y": 0,
                "bikerack_y": 0,
                "bikeretl_y": 0,
                "bikeshre_y": 0,
                "billbrd_y": 0,
                "bklntype_y": 0,
                "blnkwall_y": 0,
                "buffboll_y": 0,
                "bufffence_y": 0,
                "buffpkcr_y": 0,
                "buffsttr_y": 0,
                "busstops_y": 0,
                "cardeal_y": 0,
                "chainstre_y": 0,
                "chckcash_y": 0,
                "civother_y": 0,
                "coffshop_y": 0,
                "college_y": 0,
                "comctlib_y": 0,
                "condoapt_y": 0,
                "cornerst_y": 0,
                "crosing2_y": 0,
                "croswalk_y": 1,
                "dining_y": 0,
                "dogs_y": 0,
                "driveway_y": 0,
                "drivthru_y": 0,
                "dumpster_y": 0,
                "farnermk_y": 0,
                "fastfood_y": 1,
                "financl_y": 0,
                "flatslpe_y": 1,
                "gasserv_y": 0,
                "gated_y": 0,
                "grafitti_y": 0,
                "gymfitns_y": 0,
                "hardgood_y": 0,
                "highschl_y": 0,
                "hotelhos_y": 0,
                "indsothr_y": 0,
                "insother_y": 0,
                "kinder_y": 0,
                "libbkstr_y": 0,
                "lighting_y": 0,
                "liquorst_y": 0,
                "litter_y": 0,
                "localstre_y": 0,
                "mdhvind_y": 0,
                "medicine_y": 0,
                "midblock_y": 0,
                "mlgrcer_y": 0,
                "mntbuild_y": 0,
                "movieth_y": 0,
                "mustheat_y": 0,
                "offices_y": 1,
                "ofseroth_y": 0,
                "othrrtail_y": 0,
                "othrsdwk_y": 0,
                "parkplay_y": 0,
                "pedcrs2_y": 0,
                "pedcrssgn_y": 0,
                "playsprt_y": 0,
                "plazasq_y": 0,
                "prctpkng_y": 0,
                "prdusprk_y": 0,
                "primschl_y": 0,
                "prmntbldgh_y": 0,
                "pubart_y": 0,
                "pubcivic_y": 0,
                "pubgardn_y": 0,
                "pubrestr_y": 0,
                "recoher_y": 0,
                "religion_y": 0,
                "restarnt_y": 0,
                "restaurant_y": 0,
                "schother_y": 0,
                "scndschl_y": 0,
                "sdwkcomp_y": 2,
                "sdwkshde_y": 0,
                "service_y": 0,
                "sfhatach_y": 0,
                "shopmall_y": 0,
                "sidewalk_y": 2,
                "sizeparkimi2_y": 0,
                "softgood_y": 0,
                "stopsgn2_y": 0,
                "stopsign_y": 0,
                "strpmall_y": 0,
                "strttree_y": 1,
                "stvendor_y": 0,
                "surfpkng_y": 0,
                "townhome_y": 1,
                "traffsig_y": 1,
                "trafsgn2_y": 0,
                "trcmpark_y": 0,
                "undevlnd_y": 0,
                "vehlanes_y": 6,
                "vermixus_y": 0,
                "pedactsgn_y": 0,
                "pedact2_y": 0,
                "smlgrcer_y": 0,
                "gateaccs_y": 0,
                "sdwkpave_y": 0,
                "diffrdsf_y": 0,
                "dfrdsf2_y": 0,
                "cmother_y": 1,
                "zebrastp_y": 0,
                "crsothr2_y": 1,
                "zebra2_y": 0,
                "trafcrcl_y": 0,
                "rumblesp_y": 0,
                "spdbump_y": 0,
                "pbspothr_y": 0,
                "prctbldg_y": 1,
                "swptcoth_y": 0,
                "heatlamp_y": 0,
                "pedstreet_y": 0,
                "banners_y": 0
            },
            "geometry": {
                "type": "LineString",
                "coordinates": [
                    [
                        -76.737350657390166,
                        38.947510416080618
                    ],
                    [
                        -76.736189534325433,
                        38.94881518323583
                    ]
                ]
            }
        },
        {
            "type": "Feature",
            "properties": {
                "sgmntid": 39,
                "name_2": "Northview Dr",
                "id": 39,
                "intersection_1_location": "38.94880321289496,-76.73615362330281",
                "intersection_2_location": "38.94965310709698,-76.73526781807817",
                "neighborhood": "Bowie Town Center",
                "Group": "Bowie Town Center",
                "layer": "Bowie_CustomMarked",
                "location_id": 39,
                "form3": 74.19416046000001,
                "dens2": 52.6337204,
                "prox3": 24.09648132,
                "conn6": 73.1760025,
                "parks2": 0.0,
                "peds4": 26.25033569,
                "safe": 65.30477142,
                "traffic5": 43.57569885,
                "aesttot3": 47.06646347,
                "paf2": 8.0036898e-06,
                "sopindex7": 43.1652229,
                "zscored_form3": 1.262164831,
                "zscored_dens2": 0.4456898868,
                "zscored_prox3": 4.733064175,
                "zscored_conn6": 1.005057454,
                "zscored_parks2": -1.480694154,
                "zscored_peds4": -3.99153471,
                "zscored_safe": -3.164984226,
                "zscored_traffic5": -6.491364479,
                "zscored_aesttot3": -1.554413319,
                "zscored_paf2": -0.4590791464,
                "zscored_sopindex7": -14.23053811,
                "country": "USA",
                "state": "Maryland",
                "city": "Bowie",
                "surfpkng_x": 1,
                "sizeparkimi2_x": 2,
                "prctpkng_x": 2,
                "adultuse": 0,
                "arcades_x": 0,
                "attrtve_x": 1,
                "awnings_x": 0,
                "barsclub_x": 0,
                "beach_x": 0,
                "benches_x": 0,
                "bigbox_x": 0,
                "bikelane_x": 0,
                "bikerack_x": 0,
                "bikeretl_x": 0,
                "bikeshre_x": 0,
                "billbrd_x": 0,
                "bklntype_x": 0,
                "blnkwall_x": 0,
                "buffboll_x": 0,
                "bufffence_x": 0,
                "buffpkcr_x": 0,
                "buffsttr_x": 0,
                "busstops_x": 0,
                "cardeal_x": 0,
                "chainstre_x": 0,
                "chckcash_x": 0,
                "civother_x": 0,
                "coffshop_x": 0,
                "college_x": 0,
                "comctlib_x": 0,
                "condoapt_x": 0,
                "cornerst_x": 0,
                "crosing2_x": 0,
                "croswalk_x": 0,
                "dining_x": 0,
                "dogs_x": 0,
                "driveway_x": 0,
                "drivthru_x": 0,
                "dumpster_x": 0,
                "farnermk_x": 0,
                "fastfood_x": 1,
                "financl_x": 0,
                "flatslpe_x": 1,
                "gasserv_x": 0,
                "gated_x": 0,
                "grafitti_x": 0,
                "gymfitns_x": 0,
                "hardgood_x": 0,
                "highschl_x": 0,
                "hotelhos_x": 0,
                "indsothr_x": 0,
                "insother_x": 0,
                "kinder_x": 0,
                "libbkstr_x": 0,
                "lighting_x": 0,
                "liquorst_x": 0,
                "litter_x": 0,
                "localstre_x": 0,
                "mdhvind_x": 0,
                "medicine_x": 0,
                "midblock_x": 0,
                "mlgrcer_x": 0,
                "mntbuild_x": 0,
                "movieth_x": 0,
                "mustheat_x": 0,
                "offices_x": 1,
                "ofseroth_x": 0,
                "othrrtail_x": 0,
                "othrsdwk_x": 0,
                "parkplay_x": 0,
                "pedcrs2_x": 0,
                "pedcrssgn_x": 0,
                "playsprt_x": 0,
                "plazasq_x": 0,
                "prdusprk_x": 0,
                "primschl_x": 0,
                "prmntbldgh_x": 0,
                "pubart_x": 0,
                "pubcivic_x": 0,
                "pubgardn_x": 0,
                "pubrestr_x": 0,
                "recoher_x": 0,
                "religion_x": 0,
                "restarnt_x": 0,
                "restaurant_x": 0,
                "schother_x": 1,
                "scndschl_x": 0,
                "sdwkcomp_x": 1,
                "sdwkshde_x": 0,
                "service_x": 0,
                "sfhatach_x": 1,
                "shopmall_x": 0,
                "sidewalk_x": 2,
                "softgood_x": 0,
                "stopsgn2_x": 0,
                "stopsign_x": 0,
                "strpmall_x": 0,
                "strttree_x": 1,
                "stvendor_x": 0,
                "townhome_x": 0,
                "traffsig_x": 0,
                "trafsgn2_x": 0,
                "trcmpark_x": 0,
                "undevlnd_x": 0,
                "vehlanes_x": 4,
                "vermixus_x": 0,
                "pedactsgn_x": 0,
                "pedact2_x": 0,
                "smlgrcer_x": 0,
                "gateaccs_x": 0,
                "sdwkpave_x": 0,
                "diffrdsf_x": 0,
                "dfrdsf2_x": 0,
                "cmother_x": 1,
                "zebrastp_x": 0,
                "crsothr2_x": 1,
                "zebra2_x": 0,
                "trafcrcl_x": 0,
                "rumblesp_x": 0,
                "spdbump_x": 0,
                "pbspothr_x": 0,
                "prctbldg_x": 1,
                "swptcoth_x": 0,
                "heatlamp_x": 0,
                "pedstreet_x": 0,
                "banners_x": 0,
                "multifamtot": 0,
                "school": 1,
                "retrest": 1,
                "sdwkbuff": 0,
                "vehlanestot": 4,
                "sixlnrd": 0,
                "sixlnrdrecoded": 0,
                "implndusrecoded": 0,
                "bldgstry": 0,
                "sizeparkimi1": 2,
                "crosswalktot": 0,
                "diffrdsftot": 0,
                "pedactsgntot": 0,
                "pedcssigntot": 0,
                "schooltot": 2,
                "officestot": 1,
                "liquorbaradultcheckcashing": 0,
                "markings": 1,
                "markings2": 1,
                "vehsigs": 0,
                "vehsigs2": 0,
                "vehlanestotrecoded": 4,
                "trafcalmtot": 0,
                "markingsint": 2,
                "markingsint2": 0,
                "vehsigsint": -1,
                "vehsigs2int": 1,
                "medianint": 0,
                "trafcalmtotint": 0,
                "midcrsmarkint": 0,
                "strpmalllnt": 0,
                "retrestint": 2,
                "commothrint": 0,
                "restarntint": 0,
                "coffshopint": 0,
                "cornerstint": 0,
                "moviethint": 0,
                "barsclubint": 0,
                "culsacpedptint": 0,
                "StreetName": "Northview Dr",
                "IntersectionA": "Northview Dr & Major Lansdale Blvd",
                "IntersectionB": "Northview Dr & Ensleigh Ln",
                "name_osm": "Ensleigh Lane",
                "intersc1": "Northview Dr & Major Lansdale Blvd",
                "intersc2": "Northview Dr & Ensleigh Ln",
                "tract_geoid": "24033800515",
                "tract_name": "Census Tract 8005.15",
                "STATEFP": "24",
                "COUNTYFP": "033",
                "n_tracts": 1,
                "tract_share": 1.0,
                "match": "overlay",
                "total_pop": 4375.0,
                "median_hh_income": 114432.0,
                "median_home_value": 346700.0,
                "commuters_total": 2347.0,
                "commuters_transit": 130.0,
                "renter_no_vehicle": 41.0,
                "Unnamed: 0": 37,
                "form3norm": 74.19416046000001,
                "dens2norm": 64.41763306,
                "prox3norm": 36.2612381,
                "conn6norm": 73.1760025,
                "parks2norm": 0.0,
                "peds4norm": 26.25033569,
                "safenorm": 65.30477142,
                "traffic5norm": 40.99473133,
                "aesttot3norm": 47.06646347,
                "paf2norm": 8.0036898e-06,
                "sop7norm": 46.08064466,
                " ": 0,
                "arcades_y": 0,
                "attrtve_y": 1,
                "awnings_y": 0,
                "barsclub_y": 0,
                "beach_y": 0,
                "benches_y": 0,
                "bigbox_y": 0,
                "bikelane_y": 0,
                "bikerack_y": 0,
                "bikeretl_y": 0,
                "bikeshre_y": 0,
                "billbrd_y": 0,
                "bklntype_y": 0,
                "blnkwall_y": 0,
                "buffboll_y": 0,
                "bufffence_y": 0,
                "buffpkcr_y": 0,
                "buffsttr_y": 0,
                "busstops_y": 0,
                "cardeal_y": 0,
                "chainstre_y": 0,
                "chckcash_y": 0,
                "civother_y": 0,
                "coffshop_y": 0,
                "college_y": 0,
                "comctlib_y": 0,
                "condoapt_y": 0,
                "cornerst_y": 0,
                "crosing2_y": 0,
                "croswalk_y": 0,
                "dining_y": 0,
                "dogs_y": 0,
                "driveway_y": 0,
                "drivthru_y": 0,
                "dumpster_y": 0,
                "farnermk_y": 0,
                "fastfood_y": 1,
                "financl_y": 0,
                "flatslpe_y": 1,
                "gasserv_y": 0,
                "gated_y": 0,
                "grafitti_y": 0,
                "gymfitns_y": 0,
                "hardgood_y": 0,
                "highschl_y": 0,
                "hotelhos_y": 0,
                "indsothr_y": 0,
                "insother_y": 0,
                "kinder_y": 0,
                "libbkstr_y": 0,
                "lighting_y": 0,
                "liquorst_y": 0,
                "litter_y": 0,
                "localstre_y": 0,
                "mdhvind_y": 0,
                "medicine_y": 1,
                "midblock_y": 0,
                "mlgrcer_y": 0,
                "mntbuild_y": 0,
                "movieth_y": 0,
                "mustheat_y": 0,
                "offices_y": 1,
                "ofseroth_y": 0,
                "othrrtail_y": 0,
                "othrsdwk_y": 0,
                "parkplay_y": 0,
                "pedcrs2_y": 0,
                "pedcrssgn_y": 0,
                "playsprt_y": 0,
                "plazasq_y": 0,
                "prctpkng_y": 2,
                "prdusprk_y": 0,
                "primschl_y": 0,
                "prmntbldgh_y": 2,
                "pubart_y": 0,
                "pubcivic_y": 0,
                "pubgardn_y": 0,
                "pubrestr_y": 0,
                "recoher_y": 0,
                "religion_y": 0,
                "restarnt_y": 0,
                "restaurant_y": 0,
                "schother_y": 1,
                "scndschl_y": 0,
                "sdwkcomp_y": 2,
                "sdwkshde_y": 0,
                "service_y": 0,
                "sfhatach_y": 1,
                "shopmall_y": 0,
                "sidewalk_y": 2,
                "sizeparkimi2_y": 2,
                "softgood_y": 0,
                "stopsgn2_y": 0,
                "stopsign_y": 0,
                "strpmall_y": 0,
                "strttree_y": 1,
                "stvendor_y": 0,
                "surfpkng_y": 1,
                "townhome_y": 0,
                "traffsig_y": 0,
                "trafsgn2_y": 0,
                "trcmpark_y": 0,
                "undevlnd_y": 0,
                "vehlanes_y": 4,
                "vermixus_y": 0,
                "pedactsgn_y": 0,
                "pedact2_y": 0,
                "smlgrcer_y": 0,
                "gateaccs_y": 0,
                "sdwkpave_y": 0,
                "diffrdsf_y": 0,
                "dfrdsf2_y": 0,
                "cmother_y": 1,
                "zebrastp_y": 0,
                "crsothr2_y": 1,
                "zebra2_y": 0,
                "trafcrcl_y": 0,
                "rumblesp_y": 0,
                "spdbump_y": 0,
                "pbspothr_y": 0,
                "prctbldg_y": 1,
                "swptcoth_y": 0,
                "heatlamp_y": 0,
                "pedstreet_y": 0,
                "banners_y": 0
            },
            "geometry": {
                "type": "LineString",
                "coordinates": [
                    [
                        -76.736153623302812,
                        38.948803212894958
                    ],
                    [
                        -76.735267818078171,
                        38.949653107096978
                    ]
                ]
            }
        },
        {
            "type": "Feature",
            "properties": {
                "sgmntid": 40,
                "name_2": "Northview Dr",
                "id": 40,
                "intersection_1_location": "38.95085014118433,-76.73417851705868",
                "intersection_2_location": "38.9496890181196,-76.73524387739641",
                "neighborhood": "Bowie Town Center",
                "Group": "Bowie Town Center",
                "layer": "Bowie_CustomMarked",
                "location_id": 40,
                "form3": 70.64927673,
                "dens2": 21.89740181,
                "prox3": 0.0,
                "conn6": 73.1760025,
                "parks2": 0.0,
                "peds4": 36.44509506,
                "safe": 71.5803299,
                "traffic5": 35.64916992,
                "aesttot3": 49.05099106,
                "paf2": 8.0036898e-06,
                "sopindex7": 37.38286257,
                "zscored_form3": 2.64083147,
                "zscored_dens2": -4.430400372,
                "zscored_prox3": -5.4196558,
                "zscored_conn6": 1.005057454,
                "zscored_parks2": -1.480694154,
                "zscored_peds4": 1.362504482,
                "zscored_safe": -1.693555593,
                "zscored_traffic5": -9.86529541,
                "zscored_aesttot3": -0.2930021882,
                "zscored_paf2": -0.4590791464,
                "zscored_sopindex7": -25.92506699,
                "country": "USA",
                "state": "Maryland",
                "city": "Bowie",
                "surfpkng_x": 1,
                "sizeparkimi2_x": 2,
                "prctpkng_x": 1,
                "adultuse": 0,
                "arcades_x": 0,
                "attrtve_x": 1,
                "awnings_x": 0,
                "barsclub_x": 0,
                "beach_x": 0,
                "benches_x": 0,
                "bigbox_x": 0,
                "bikelane_x": 0,
                "bikerack_x": 0,
                "bikeretl_x": 0,
                "bikeshre_x": 0,
                "billbrd_x": 0,
                "bklntype_x": 0,
                "blnkwall_x": 0,
                "buffboll_x": 0,
                "bufffence_x": 0,
                "buffpkcr_x": 0,
                "buffsttr_x": 0,
                "busstops_x": 0,
                "cardeal_x": 0,
                "chainstre_x": 0,
                "chckcash_x": 0,
                "civother_x": 0,
                "coffshop_x": 0,
                "college_x": 0,
                "comctlib_x": 0,
                "condoapt_x": 0,
                "cornerst_x": 0,
                "crosing2_x": 0,
                "croswalk_x": 1,
                "dining_x": 0,
                "dogs_x": 0,
                "driveway_x": 0,
                "drivthru_x": 0,
                "dumpster_x": 0,
                "farnermk_x": 0,
                "fastfood_x": 0,
                "financl_x": 0,
                "flatslpe_x": 1,
                "gasserv_x": 0,
                "gated_x": 0,
                "grafitti_x": 0,
                "gymfitns_x": 0,
                "hardgood_x": 0,
                "highschl_x": 0,
                "hotelhos_x": 0,
                "indsothr_x": 0,
                "insother_x": 0,
                "kinder_x": 0,
                "libbkstr_x": 0,
                "lighting_x": 1,
                "liquorst_x": 0,
                "litter_x": 1,
                "localstre_x": 0,
                "mdhvind_x": 0,
                "medicine_x": 0,
                "midblock_x": 0,
                "mlgrcer_x": 0,
                "mntbuild_x": 0,
                "movieth_x": 0,
                "mustheat_x": 0,
                "offices_x": 0,
                "ofseroth_x": 0,
                "othrrtail_x": 0,
                "othrsdwk_x": 1,
                "parkplay_x": 0,
                "pedcrs2_x": 0,
                "pedcrssgn_x": 0,
                "playsprt_x": 0,
                "plazasq_x": 0,
                "prdusprk_x": 0,
                "primschl_x": 0,
                "prmntbldgh_x": 0,
                "pubart_x": 0,
                "pubcivic_x": 0,
                "pubgardn_x": 0,
                "pubrestr_x": 0,
                "recoher_x": 0,
                "religion_x": 0,
                "restarnt_x": 0,
                "restaurant_x": 0,
                "schother_x": 0,
                "scndschl_x": 0,
                "sdwkcomp_x": 1,
                "sdwkshde_x": 0,
                "service_x": 0,
                "sfhatach_x": 0,
                "shopmall_x": 0,
                "sidewalk_x": 1,
                "softgood_x": 0,
                "stopsgn2_x": 1,
                "stopsign_x": 1,
                "strpmall_x": 0,
                "strttree_x": 1,
                "stvendor_x": 0,
                "townhome_x": 0,
                "traffsig_x": 0,
                "trafsgn2_x": 0,
                "trcmpark_x": 0,
                "undevlnd_x": 0,
                "vehlanes_x": 4,
                "vermixus_x": 0,
                "pedactsgn_x": 0,
                "pedact2_x": 0,
                "smlgrcer_x": 0,
                "gateaccs_x": 0,
                "sdwkpave_x": 1,
                "diffrdsf_x": 0,
                "dfrdsf2_x": 0,
                "cmother_x": 1,
                "zebrastp_x": 0,
                "crsothr2_x": 0,
                "zebra2_x": 0,
                "trafcrcl_x": 0,
                "rumblesp_x": 0,
                "spdbump_x": 0,
                "pbspothr_x": 0,
                "prctbldg_x": 0,
                "swptcoth_x": 0,
                "heatlamp_x": 0,
                "pedstreet_x": 0,
                "banners_x": 0,
                "multifamtot": 0,
                "school": 0,
                "retrest": 0,
                "sdwkbuff": 0,
                "vehlanestot": 4,
                "sixlnrd": 0,
                "sixlnrdrecoded": 0,
                "implndusrecoded": 0,
                "bldgstry": 0,
                "sizeparkimi1": 2,
                "crosswalktot": 1,
                "diffrdsftot": 0,
                "pedactsgntot": 0,
                "pedcssigntot": 0,
                "schooltot": 0,
                "officestot": 0,
                "liquorbaradultcheckcashing": 0,
                "markings": 1,
                "markings2": 0,
                "vehsigs": 1,
                "vehsigs2": 1,
                "vehlanestotrecoded": 4,
                "trafcalmtot": 0,
                "markingsint": 2,
                "markingsint2": -1,
                "vehsigsint": 2,
                "vehsigs2int": 0,
                "medianint": 0,
                "trafcalmtotint": -1,
                "midcrsmarkint": 0,
                "strpmalllnt": 0,
                "retrestint": 0,
                "commothrint": 0,
                "restarntint": 0,
                "coffshopint": 0,
                "cornerstint": 0,
                "moviethint": 0,
                "barsclubint": 0,
                "culsacpedptint": 0,
                "StreetName": "Northview Dr",
                "IntersectionA": "Northview Dr & Old Collington Rd",
                "IntersectionB": "Northview Dr & Ensleigh Ln",
                "name_osm": "Ensleigh Lane",
                "intersc1": "Northview Dr & Old Collington Rd",
                "intersc2": "Northview Dr & Ensleigh Ln",
                "tract_geoid": "24033800515",
                "tract_name": "Census Tract 8005.15",
                "STATEFP": "24",
                "COUNTYFP": "033",
                "n_tracts": 2,
                "tract_share": 0.88,
                "match": "overlay",
                "total_pop": 4375.0,
                "median_hh_income": 114432.0,
                "median_home_value": 346700.0,
                "commuters_total": 2347.0,
                "commuters_transit": 130.0,
                "renter_no_vehicle": 41.0,
                "Unnamed: 0": 38,
                "form3norm": 76.88259125,
                "dens2norm": 36.92466736,
                "prox3norm": 0.0,
                "conn6norm": 73.1760025,
                "parks2norm": 0.0,
                "peds4norm": 36.44509506,
                "safenorm": 78.05537415000001,
                "traffic5norm": 32.0221125,
                "aesttot3norm": 49.13049698,
                "paf2norm": 8.0036898e-06,
                "sop7norm": 39.77258358,
                " ": 0,
                "arcades_y": 0,
                "attrtve_y": 1,
                "awnings_y": 0,
                "barsclub_y": 0,
                "beach_y": 0,
                "benches_y": 0,
                "bigbox_y": 0,
                "bikelane_y": 0,
                "bikerack_y": 0,
                "bikeretl_y": 0,
                "bikeshre_y": 0,
                "billbrd_y": 0,
                "bklntype_y": 0,
                "blnkwall_y": 0,
                "buffboll_y": 0,
                "bufffence_y": 0,
                "buffpkcr_y": 0,
                "buffsttr_y": 0,
                "busstops_y": 0,
                "cardeal_y": 0,
                "chainstre_y": 0,
                "chckcash_y": 0,
                "civother_y": 0,
                "coffshop_y": 0,
                "college_y": 0,
                "comctlib_y": 0,
                "condoapt_y": 0,
                "cornerst_y": 0,
                "crosing2_y": 0,
                "croswalk_y": 1,
                "dining_y": 0,
                "dogs_y": 0,
                "driveway_y": 0,
                "drivthru_y": 0,
                "dumpster_y": 0,
                "farnermk_y": 0,
                "fastfood_y": 0,
                "financl_y": 0,
                "flatslpe_y": 1,
                "gasserv_y": 0,
                "gated_y": 0,
                "grafitti_y": 0,
                "gymfitns_y": 0,
                "hardgood_y": 0,
                "highschl_y": 0,
                "hotelhos_y": 0,
                "indsothr_y": 0,
                "insother_y": 0,
                "kinder_y": 0,
                "libbkstr_y": 0,
                "lighting_y": 1,
                "liquorst_y": 0,
                "litter_y": 0,
                "localstre_y": 0,
                "mdhvind_y": 0,
                "medicine_y": 0,
                "midblock_y": 0,
                "mlgrcer_y": 0,
                "mntbuild_y": 0,
                "movieth_y": 0,
                "mustheat_y": 0,
                "offices_y": 0,
                "ofseroth_y": 0,
                "othrrtail_y": 0,
                "othrsdwk_y": 1,
                "parkplay_y": 0,
                "pedcrs2_y": 0,
                "pedcrssgn_y": 0,
                "playsprt_y": 0,
                "plazasq_y": 0,
                "prctpkng_y": 1,
                "prdusprk_y": 0,
                "primschl_y": 0,
                "prmntbldgh_y": 0,
                "pubart_y": 0,
                "pubcivic_y": 0,
                "pubgardn_y": 0,
                "pubrestr_y": 0,
                "recoher_y": 0,
                "religion_y": 0,
                "restarnt_y": 0,
                "restaurant_y": 0,
                "schother_y": 0,
                "scndschl_y": 0,
                "sdwkcomp_y": 1,
                "sdwkshde_y": 0,
                "service_y": 0,
                "sfhatach_y": 0,
                "shopmall_y": 0,
                "sidewalk_y": 1,
                "sizeparkimi2_y": 2,
                "softgood_y": 0,
                "stopsgn2_y": 1,
                "stopsign_y": 1,
                "strpmall_y": 0,
                "strttree_y": 1,
                "stvendor_y": 0,
                "surfpkng_y": 1,
                "townhome_y": 0,
                "traffsig_y": 0,
                "trafsgn2_y": 0,
                "trcmpark_y": 0,
                "undevlnd_y": 0,
                "vehlanes_y": 4,
                "vermixus_y": 0,
                "pedactsgn_y": 0,
                "pedact2_y": 0,
                "smlgrcer_y": 0,
                "gateaccs_y": 0,
                "sdwkpave_y": 1,
                "diffrdsf_y": 0,
                "dfrdsf2_y": 0,
                "cmother_y": 1,
                "zebrastp_y": 0,
                "crsothr2_y": 0,
                "zebra2_y": 0,
                "trafcrcl_y": 0,
                "rumblesp_y": 0,
                "spdbump_y": 0,
                "pbspothr_y": 0,
                "prctbldg_y": 1,
                "swptcoth_y": 0,
                "heatlamp_y": 0,
                "pedstreet_y": 0,
                "banners_y": 0
            },
            "geometry": {
                "type": "LineString",
                "coordinates": [
                    [
                        -76.73417851705868,
                        38.950850141184333
                    ],
                    [
                        -76.735243877396414,
                        38.949689018119599
                    ]
                ]
            }
        },
        {
            "type": "Feature",
            "properties": {
                "sgmntid": 41,
                "name_2": "Health Center Dr",
                "id": 41,
                "intersection_1_location": "38.945415606427744,-76.73938561533866",
                "intersection_2_location": "38.949162323121165,-76.74436527714205",
                "neighborhood": "Bowie Town Center",
                "Group": "Bowie Town Center",
                "layer": "Bowie_CustomMarked",
                "location_id": 41,
                "form3": 76.88259125,
                "dens2": 65.2858429,
                "prox3": 27.96177483,
                "conn6": 80.5850296,
                "parks2": 0.0,
                "peds4": 46.63137054,
                "safe": 78.05537415000001,
                "traffic5": 51.19779587,
                "aesttot3": 42.82569504,
                "paf2": 8.0036898e-06,
                "sopindex7": 53.24505927,
                "zscored_form3": 0.2165888548,
                "zscored_dens2": 2.452855587,
                "zscored_prox3": 6.361652374,
                "zscored_conn6": -0.4574847817,
                "zscored_parks2": -1.480694154,
                "zscored_peds4": 6.712091446,
                "zscored_safe": -0.1753524542,
                "zscored_traffic5": -3.247015476,
                "zscored_aesttot3": -4.249938011,
                "zscored_paf2": -0.4590791464,
                "zscored_sopindex7": 6.155416867,
                "country": "USA",
                "state": "Maryland",
                "city": "Bowie",
                "surfpkng_x": 1,
                "sizeparkimi2_x": 2,
                "prctpkng_x": 1,
                "adultuse": 0,
                "arcades_x": 0,
                "attrtve_x": 1,
                "awnings_x": 0,
                "barsclub_x": 0,
                "beach_x": 0,
                "benches_x": 0,
                "bigbox_x": 0,
                "bikelane_x": 1,
                "bikerack_x": 0,
                "bikeretl_x": 0,
                "bikeshre_x": 0,
                "billbrd_x": 1,
                "bklntype_x": 2,
                "blnkwall_x": 0,
                "buffboll_x": 0,
                "bufffence_x": 0,
                "buffpkcr_x": 0,
                "buffsttr_x": 0,
                "busstops_x": 0,
                "cardeal_x": 0,
                "chainstre_x": 0,
                "chckcash_x": 0,
                "civother_x": 1,
                "coffshop_x": 0,
                "college_x": 0,
                "comctlib_x": 0,
                "condoapt_x": 0,
                "cornerst_x": 0,
                "crosing2_x": 0,
                "croswalk_x": 2,
                "dining_x": 0,
                "dogs_x": 0,
                "driveway_x": 0,
                "drivthru_x": 0,
                "dumpster_x": 0,
                "farnermk_x": 0,
                "fastfood_x": 0,
                "financl_x": 0,
                "flatslpe_x": 1,
                "gasserv_x": 0,
                "gated_x": 0,
                "grafitti_x": 0,
                "gymfitns_x": 0,
                "hardgood_x": 0,
                "highschl_x": 0,
                "hotelhos_x": 0,
                "indsothr_x": 0,
                "insother_x": 0,
                "kinder_x": 0,
                "libbkstr_x": 0,
                "lighting_x": 1,
                "liquorst_x": 0,
                "litter_x": 0,
                "localstre_x": 0,
                "mdhvind_x": 0,
                "medicine_x": 0,
                "midblock_x": 0,
                "mlgrcer_x": 0,
                "mntbuild_x": 0,
                "movieth_x": 0,
                "mustheat_x": 0,
                "offices_x": 1,
                "ofseroth_x": 0,
                "othrrtail_x": 0,
                "othrsdwk_x": 1,
                "parkplay_x": 0,
                "pedcrs2_x": 0,
                "pedcrssgn_x": 0,
                "playsprt_x": 0,
                "plazasq_x": 0,
                "prdusprk_x": 0,
                "primschl_x": 0,
                "prmntbldgh_x": 0,
                "pubart_x": 1,
                "pubcivic_x": 1,
                "pubgardn_x": 0,
                "pubrestr_x": 0,
                "recoher_x": 0,
                "religion_x": 0,
                "restarnt_x": 0,
                "restaurant_x": 0,
                "schother_x": 0,
                "scndschl_x": 0,
                "sdwkcomp_x": 1,
                "sdwkshde_x": 0,
                "service_x": 0,
                "sfhatach_x": 1,
                "shopmall_x": 0,
                "sidewalk_x": 2,
                "softgood_x": 0,
                "stopsgn2_x": 0,
                "stopsign_x": 0,
                "strpmall_x": 0,
                "strttree_x": 1,
                "stvendor_x": 0,
                "townhome_x": 1,
                "traffsig_x": 1,
                "trafsgn2_x": 0,
                "trcmpark_x": 1,
                "undevlnd_x": 0,
                "vehlanes_x": 2,
                "vermixus_x": 0,
                "pedactsgn_x": 0,
                "pedact2_x": 0,
                "smlgrcer_x": 0,
                "gateaccs_x": 0,
                "sdwkpave_x": 0,
                "diffrdsf_x": 0,
                "dfrdsf2_x": 0,
                "cmother_x": 1,
                "zebrastp_x": 0,
                "crsothr2_x": 0,
                "zebra2_x": 0,
                "trafcrcl_x": 0,
                "rumblesp_x": 0,
                "spdbump_x": 0,
                "pbspothr_x": 0,
                "prctbldg_x": 1,
                "swptcoth_x": 0,
                "heatlamp_x": 0,
                "pedstreet_x": 0,
                "banners_x": 0,
                "multifamtot": 1,
                "school": 0,
                "retrest": 0,
                "sdwkbuff": 0,
                "vehlanestot": 2,
                "sixlnrd": 0,
                "sixlnrdrecoded": 0,
                "implndusrecoded": 0,
                "bldgstry": 0,
                "sizeparkimi1": 2,
                "crosswalktot": 2,
                "diffrdsftot": 0,
                "pedactsgntot": 0,
                "pedcssigntot": 0,
                "schooltot": 0,
                "officestot": 1,
                "liquorbaradultcheckcashing": 0,
                "markings": 1,
                "markings2": 0,
                "vehsigs": 1,
                "vehsigs2": 0,
                "vehlanestotrecoded": 2,
                "trafcalmtot": 0,
                "markingsint": 2,
                "markingsint2": 1,
                "vehsigsint": 2,
                "vehsigs2int": 1,
                "medianint": 0,
                "trafcalmtotint": -1,
                "midcrsmarkint": 0,
                "strpmalllnt": 0,
                "retrestint": 0,
                "commothrint": 0,
                "restarntint": 0,
                "coffshopint": 0,
                "cornerstint": 0,
                "moviethint": 0,
                "barsclubint": 0,
                "culsacpedptint": 0,
                "StreetName": "Health Center Dr",
                "IntersectionA": "Health Center Dr & Northview Dr",
                "IntersectionB": "Health Center Dr & Health Center Dr Traffic Circle",
                "name_osm": "Northview Drive",
                "intersc1": "Health Center Dr & Northview Dr",
                "intersc2": "Health Center Dr & Health Center Dr Traffic Circle",
                "tract_geoid": "24033800515",
                "tract_name": "Census Tract 8005.15",
                "STATEFP": "24",
                "COUNTYFP": "033",
                "n_tracts": 1,
                "tract_share": 1.0,
                "match": "overlay",
                "total_pop": 4375.0,
                "median_hh_income": 114432.0,
                "median_home_value": 346700.0,
                "commuters_total": 2347.0,
                "commuters_transit": 130.0,
                "renter_no_vehicle": 41.0,
                "Unnamed: 0": 39,
                "form3norm": 76.88259125,
                "dens2norm": 65.2858429,
                "prox3norm": 27.96177483,
                "conn6norm": 80.5850296,
                "parks2norm": 0.0,
                "peds4norm": 46.63137054,
                "safenorm": 78.05537415000001,
                "traffic5norm": 52.26094925,
                "aesttot3norm": 42.82569504,
                "paf2norm": 8.0036898e-06,
                "sop7norm": 53.46881304,
                " ": 0,
                "arcades_y": 0,
                "attrtve_y": 1,
                "awnings_y": 0,
                "barsclub_y": 0,
                "beach_y": 0,
                "benches_y": 0,
                "bigbox_y": 0,
                "bikelane_y": 1,
                "bikerack_y": 0,
                "bikeretl_y": 0,
                "bikeshre_y": 0,
                "billbrd_y": 1,
                "bklntype_y": 2,
                "blnkwall_y": 0,
                "buffboll_y": 0,
                "bufffence_y": 0,
                "buffpkcr_y": 0,
                "buffsttr_y": 0,
                "busstops_y": 0,
                "cardeal_y": 0,
                "chainstre_y": 0,
                "chckcash_y": 0,
                "civother_y": 1,
                "coffshop_y": 0,
                "college_y": 0,
                "comctlib_y": 0,
                "condoapt_y": 0,
                "cornerst_y": 0,
                "crosing2_y": 0,
                "croswalk_y": 2,
                "dining_y": 0,
                "dogs_y": 0,
                "driveway_y": 0,
                "drivthru_y": 0,
                "dumpster_y": 0,
                "farnermk_y": 0,
                "fastfood_y": 0,
                "financl_y": 0,
                "flatslpe_y": 1,
                "gasserv_y": 0,
                "gated_y": 0,
                "grafitti_y": 0,
                "gymfitns_y": 0,
                "hardgood_y": 0,
                "highschl_y": 0,
                "hotelhos_y": 0,
                "indsothr_y": 0,
                "insother_y": 0,
                "kinder_y": 0,
                "libbkstr_y": 0,
                "lighting_y": 1,
                "liquorst_y": 0,
                "litter_y": 0,
                "localstre_y": 0,
                "mdhvind_y": 0,
                "medicine_y": 0,
                "midblock_y": 0,
                "mlgrcer_y": 0,
                "mntbuild_y": 0,
                "movieth_y": 0,
                "mustheat_y": 0,
                "offices_y": 1,
                "ofseroth_y": 0,
                "othrrtail_y": 0,
                "othrsdwk_y": 1,
                "parkplay_y": 0,
                "pedcrs2_y": 0,
                "pedcrssgn_y": 0,
                "playsprt_y": 0,
                "plazasq_y": 0,
                "prctpkng_y": 1,
                "prdusprk_y": 0,
                "primschl_y": 0,
                "prmntbldgh_y": 0,
                "pubart_y": 1,
                "pubcivic_y": 1,
                "pubgardn_y": 0,
                "pubrestr_y": 0,
                "recoher_y": 0,
                "religion_y": 0,
                "restarnt_y": 0,
                "restaurant_y": 0,
                "schother_y": 0,
                "scndschl_y": 0,
                "sdwkcomp_y": 2,
                "sdwkshde_y": 0,
                "service_y": 0,
                "sfhatach_y": 1,
                "shopmall_y": 0,
                "sidewalk_y": 2,
                "sizeparkimi2_y": 2,
                "softgood_y": 0,
                "stopsgn2_y": 0,
                "stopsign_y": 0,
                "strpmall_y": 0,
                "strttree_y": 1,
                "stvendor_y": 0,
                "surfpkng_y": 1,
                "townhome_y": 1,
                "traffsig_y": 1,
                "trafsgn2_y": 0,
                "trcmpark_y": 0,
                "undevlnd_y": 0,
                "vehlanes_y": 2,
                "vermixus_y": 0,
                "pedactsgn_y": 0,
                "pedact2_y": 0,
                "smlgrcer_y": 0,
                "gateaccs_y": 0,
                "sdwkpave_y": 0,
                "diffrdsf_y": 0,
                "dfrdsf2_y": 0,
                "cmother_y": 1,
                "zebrastp_y": 0,
                "crsothr2_y": 0,
                "zebra2_y": 0,
                "trafcrcl_y": 0,
                "rumblesp_y": 0,
                "spdbump_y": 0,
                "pbspothr_y": 0,
                "prctbldg_y": 1,
                "swptcoth_y": 0,
                "heatlamp_y": 0,
                "pedstreet_y": 0,
                "banners_y": 0
            },
            "geometry": {
                "type": "LineString",
                "coordinates": [
                    [
                        -76.739385615338662,
                        38.945415606427744
                    ],
                    [
                        -76.744365277142052,
                        38.949162323121165
                    ]
                ]
            }
        },
        {
            "type": "Feature",
            "properties": {
                "sgmntid": 42,
                "name_2": "Collington Rd",
                "id": 42,
                "intersection_1_location": "38.94751041608062,-76.7375182421624",
                "intersection_2_location": "38.9514965395915,-76.74216273442133",
                "neighborhood": "Bowie Town Center",
                "Group": "Bowie Town Center",
                "layer": "Bowie_CustomMarked",
                "location_id": 42,
                "form3": 74.19416046000001,
                "dens2": 49.578125,
                "prox3": 0.0,
                "conn6": 46.19221115,
                "parks2": 0.0,
                "peds4": 12.63541317,
                "safe": 64.30107117,
                "traffic5": 45.79724503,
                "aesttot3": 43.10940933,
                "paf2": 8.0036898e-06,
                "sopindex7": 30.84391275,
                "zscored_form3": 1.262164831,
                "zscored_dens2": -0.03905797005,
                "zscored_prox3": -5.4196558,
                "zscored_conn6": 6.33165741,
                "zscored_parks2": -1.480694154,
                "zscored_peds4": -11.14176369,
                "zscored_safe": -3.400320053,
                "zscored_traffic5": -5.545763493,
                "zscored_aesttot3": -4.069602966,
                "zscored_paf2": -0.4590791464,
                "zscored_sopindex7": -39.14975951,
                "country": "USA",
                "state": "Maryland",
                "city": "Bowie",
                "surfpkng_x": 1,
                "sizeparkimi2_x": 2,
                "prctpkng_x": 2,
                "adultuse": 0,
                "arcades_x": 0,
                "attrtve_x": 1,
                "awnings_x": 0,
                "barsclub_x": 0,
                "beach_x": 0,
                "benches_x": 0,
                "bigbox_x": 0,
                "bikelane_x": 0,
                "bikerack_x": 0,
                "bikeretl_x": 0,
                "bikeshre_x": 0,
                "billbrd_x": 0,
                "bklntype_x": 0,
                "blnkwall_x": 0,
                "buffboll_x": 0,
                "bufffence_x": 0,
                "buffpkcr_x": 0,
                "buffsttr_x": 0,
                "busstops_x": 1,
                "cardeal_x": 0,
                "chainstre_x": 0,
                "chckcash_x": 0,
                "civother_x": 0,
                "coffshop_x": 0,
                "college_x": 0,
                "comctlib_x": 0,
                "condoapt_x": 1,
                "cornerst_x": 0,
                "crosing2_x": 1,
                "croswalk_x": 2,
                "dining_x": 0,
                "dogs_x": 0,
                "driveway_x": 0,
                "drivthru_x": 0,
                "dumpster_x": 0,
                "farnermk_x": 0,
                "fastfood_x": 0,
                "financl_x": 0,
                "flatslpe_x": 1,
                "gasserv_x": 0,
                "gated_x": 0,
                "grafitti_x": 1,
                "gymfitns_x": 0,
                "hardgood_x": 0,
                "highschl_x": 0,
                "hotelhos_x": 0,
                "indsothr_x": 0,
                "insother_x": 0,
                "kinder_x": 0,
                "libbkstr_x": 0,
                "lighting_x": 1,
                "liquorst_x": 0,
                "litter_x": 0,
                "localstre_x": 0,
                "mdhvind_x": 0,
                "medicine_x": 0,
                "midblock_x": 0,
                "mlgrcer_x": 0,
                "mntbuild_x": 0,
                "movieth_x": 0,
                "mustheat_x": 0,
                "offices_x": 0,
                "ofseroth_x": 0,
                "othrrtail_x": 0,
                "othrsdwk_x": 0,
                "parkplay_x": 0,
                "pedcrs2_x": 0,
                "pedcrssgn_x": 0,
                "playsprt_x": 0,
                "plazasq_x": 0,
                "prdusprk_x": 0,
                "primschl_x": 0,
                "prmntbldgh_x": 0,
                "pubart_x": 0,
                "pubcivic_x": 0,
                "pubgardn_x": 0,
                "pubrestr_x": 0,
                "recoher_x": 0,
                "religion_x": 0,
                "restarnt_x": 0,
                "restaurant_x": 0,
                "schother_x": 0,
                "scndschl_x": 0,
                "sdwkcomp_x": 0,
                "sdwkshde_x": 0,
                "service_x": 0,
                "sfhatach_x": 0,
                "shopmall_x": 0,
                "sidewalk_x": 0,
                "softgood_x": 0,
                "stopsgn2_x": 0,
                "stopsign_x": 0,
                "strpmall_x": 0,
                "strttree_x": 1,
                "stvendor_x": 0,
                "townhome_x": 0,
                "traffsig_x": 1,
                "trafsgn2_x": 1,
                "trcmpark_x": 1,
                "undevlnd_x": 0,
                "vehlanes_x": 9,
                "vermixus_x": 0,
                "pedactsgn_x": 0,
                "pedact2_x": 0,
                "smlgrcer_x": 0,
                "gateaccs_x": 0,
                "sdwkpave_x": 0,
                "diffrdsf_x": 0,
                "dfrdsf2_x": 0,
                "cmother_x": 1,
                "zebrastp_x": 1,
                "crsothr2_x": 1,
                "zebra2_x": 1,
                "trafcrcl_x": 0,
                "rumblesp_x": 0,
                "spdbump_x": 0,
                "pbspothr_x": 0,
                "prctbldg_x": 1,
                "swptcoth_x": 0,
                "heatlamp_x": 0,
                "pedstreet_x": 0,
                "banners_x": 0,
                "multifamtot": 1,
                "school": 0,
                "retrest": 0,
                "sdwkbuff": 0,
                "vehlanestot": 9,
                "sixlnrd": 1,
                "sixlnrdrecoded": 1,
                "implndusrecoded": 0,
                "bldgstry": 0,
                "sizeparkimi1": 2,
                "crosswalktot": 3,
                "diffrdsftot": 0,
                "pedactsgntot": 0,
                "pedcssigntot": 0,
                "schooltot": 0,
                "officestot": 0,
                "liquorbaradultcheckcashing": 0,
                "markings": 1,
                "markings2": 1,
                "vehsigs": 1,
                "vehsigs2": 1,
                "vehlanestotrecoded": 9,
                "trafcalmtot": 0,
                "markingsint": 2,
                "markingsint2": 2,
                "vehsigsint": 2,
                "vehsigs2int": 2,
                "medianint": 0,
                "trafcalmtotint": -2,
                "midcrsmarkint": 0,
                "strpmalllnt": 0,
                "retrestint": 0,
                "commothrint": 0,
                "restarntint": 0,
                "coffshopint": 0,
                "cornerstint": 0,
                "moviethint": 0,
                "barsclubint": 0,
                "culsacpedptint": 0,
                "StreetName": "Collington Rd",
                "IntersectionA": "Collington Rd & Northview Dr",
                "IntersectionB": "Collington Rd & John Hanson Highway",
                "name_osm": "Northview Drive",
                "intersc1": "Collington Rd & Northview Dr",
                "intersc2": "Collington Rd & John Hanson Highway",
                "tract_geoid": "24033800515",
                "tract_name": "Census Tract 8005.15",
                "STATEFP": "24",
                "COUNTYFP": "033",
                "n_tracts": 1,
                "tract_share": 1.0,
                "match": "overlay",
                "total_pop": 4375.0,
                "median_hh_income": 114432.0,
                "median_home_value": 346700.0,
                "commuters_total": 2347.0,
                "commuters_transit": 130.0,
                "renter_no_vehicle": 41.0,
                "Unnamed: 0": 40,
                "form3norm": 74.19416046000001,
                "dens2norm": 49.578125,
                "prox3norm": 0.0,
                "conn6norm": 46.19221115,
                "parks2norm": 0.0,
                "peds4norm": 12.63541317,
                "safenorm": 78.05537415000001,
                "traffic5norm": 59.01049859,
                "aesttot3norm": 47.06646347,
                "paf2norm": 8.0036898e-06,
                "sop7norm": 36.46303297,
                " ": 0,
                "arcades_y": 0,
                "attrtve_y": 1,
                "awnings_y": 0,
                "barsclub_y": 0,
                "beach_y": 0,
                "benches_y": 0,
                "bigbox_y": 0,
                "bikelane_y": 0,
                "bikerack_y": 0,
                "bikeretl_y": 0,
                "bikeshre_y": 0,
                "billbrd_y": 0,
                "bklntype_y": 0,
                "blnkwall_y": 0,
                "buffboll_y": 0,
                "bufffence_y": 0,
                "buffpkcr_y": 0,
                "buffsttr_y": 0,
                "busstops_y": 1,
                "cardeal_y": 0,
                "chainstre_y": 0,
                "chckcash_y": 0,
                "civother_y": 0,
                "coffshop_y": 0,
                "college_y": 0,
                "comctlib_y": 0,
                "condoapt_y": 1,
                "cornerst_y": 0,
                "crosing2_y": 1,
                "croswalk_y": 2,
                "dining_y": 0,
                "dogs_y": 0,
                "driveway_y": 0,
                "drivthru_y": 0,
                "dumpster_y": 0,
                "farnermk_y": 0,
                "fastfood_y": 0,
                "financl_y": 0,
                "flatslpe_y": 1,
                "gasserv_y": 0,
                "gated_y": 0,
                "grafitti_y": 0,
                "gymfitns_y": 0,
                "hardgood_y": 0,
                "highschl_y": 0,
                "hotelhos_y": 0,
                "indsothr_y": 0,
                "insother_y": 0,
                "kinder_y": 0,
                "libbkstr_y": 0,
                "lighting_y": 1,
                "liquorst_y": 0,
                "litter_y": 0,
                "localstre_y": 0,
                "mdhvind_y": 0,
                "medicine_y": 0,
                "midblock_y": 0,
                "mlgrcer_y": 0,
                "mntbuild_y": 0,
                "movieth_y": 0,
                "mustheat_y": 0,
                "offices_y": 0,
                "ofseroth_y": 0,
                "othrrtail_y": 0,
                "othrsdwk_y": 0,
                "parkplay_y": 0,
                "pedcrs2_y": 0,
                "pedcrssgn_y": 0,
                "playsprt_y": 0,
                "plazasq_y": 0,
                "prctpkng_y": 2,
                "prdusprk_y": 0,
                "primschl_y": 0,
                "prmntbldgh_y": 0,
                "pubart_y": 0,
                "pubcivic_y": 0,
                "pubgardn_y": 0,
                "pubrestr_y": 0,
                "recoher_y": 0,
                "religion_y": 0,
                "restarnt_y": 0,
                "restaurant_y": 0,
                "schother_y": 0,
                "scndschl_y": 0,
                "sdwkcomp_y": 0,
                "sdwkshde_y": 0,
                "service_y": 0,
                "sfhatach_y": 0,
                "shopmall_y": 0,
                "sidewalk_y": 0,
                "sizeparkimi2_y": 2,
                "softgood_y": 0,
                "stopsgn2_y": 0,
                "stopsign_y": 0,
                "strpmall_y": 0,
                "strttree_y": 1,
                "stvendor_y": 0,
                "surfpkng_y": 1,
                "townhome_y": 0,
                "traffsig_y": 1,
                "trafsgn2_y": 1,
                "trcmpark_y": 0,
                "undevlnd_y": 0,
                "vehlanes_y": 9,
                "vermixus_y": 0,
                "pedactsgn_y": 0,
                "pedact2_y": 0,
                "smlgrcer_y": 0,
                "gateaccs_y": 0,
                "sdwkpave_y": 0,
                "diffrdsf_y": 0,
                "dfrdsf2_y": 0,
                "cmother_y": 1,
                "zebrastp_y": 1,
                "crsothr2_y": 1,
                "zebra2_y": 1,
                "trafcrcl_y": 0,
                "rumblesp_y": 0,
                "spdbump_y": 0,
                "pbspothr_y": 0,
                "prctbldg_y": 1,
                "swptcoth_y": 0,
                "heatlamp_y": 0,
                "pedstreet_y": 0,
                "banners_y": 0
            },
            "geometry": {
                "type": "LineString",
                "coordinates": [
                    [
                        -76.737518242162395,
                        38.947510416080618
                    ],
                    [
                        -76.742162734421328,
                        38.951496539591503
                    ]
                ]
            }
        },
        {
            "type": "Feature",
            "properties": {
                "sgmntid": 43,
                "name_2": "Major Lansdale Blvd",
                "id": 43,
                "intersection_1_location": "38.94886232940994,-76.73636259774715",
                "intersection_2_location": "38.95082732680038,-76.73889923074206",
                "neighborhood": "Bowie Town Center",
                "Group": "Bowie Town Center",
                "layer": "Bowie_CustomMarked",
                "location_id": 43,
                "form3": 74.19416046000001,
                "dens2": 36.92466736,
                "prox3": 35.41207504,
                "conn6": 80.5850296,
                "parks2": 0.0,
                "peds4": 27.04840851,
                "safe": 78.05537415000001,
                "traffic5": 60.56616211,
                "aesttot3": 48.18319321,
                "paf2": 8.0036898e-06,
                "sopindex7": 50.62581194,
                "zscored_form3": 1.262164831,
                "zscored_dens2": -2.046435595,
                "zscored_prox3": 9.500732422,
                "zscored_conn6": -0.4574847817,
                "zscored_parks2": -1.480694154,
                "zscored_peds4": -3.572407246,
                "zscored_safe": -0.1753524542,
                "zscored_traffic5": 0.7406318188,
                "zscored_aesttot3": -0.8445928097,
                "zscored_paf2": -0.4590791464,
                "zscored_sopindex7": 0.858122727,
                "country": "USA",
                "state": "Maryland",
                "city": "Bowie",
                "surfpkng_x": 1,
                "sizeparkimi2_x": 2,
                "prctpkng_x": 2,
                "adultuse": 0,
                "arcades_x": 0,
                "attrtve_x": 1,
                "awnings_x": 0,
                "barsclub_x": 0,
                "beach_x": 0,
                "benches_x": 1,
                "bigbox_x": 0,
                "bikelane_x": 0,
                "bikerack_x": 0,
                "bikeretl_x": 0,
                "bikeshre_x": 0,
                "billbrd_x": 1,
                "bklntype_x": 0,
                "blnkwall_x": 0,
                "buffboll_x": 0,
                "bufffence_x": 0,
                "buffpkcr_x": 0,
                "buffsttr_x": 0,
                "busstops_x": 0,
                "cardeal_x": 0,
                "chainstre_x": 0,
                "chckcash_x": 0,
                "civother_x": 0,
                "coffshop_x": 0,
                "college_x": 0,
                "comctlib_x": 1,
                "condoapt_x": 0,
                "cornerst_x": 0,
                "crosing2_x": 1,
                "croswalk_x": 0,
                "dining_x": 0,
                "dogs_x": 0,
                "driveway_x": 0,
                "drivthru_x": 0,
                "dumpster_x": 0,
                "farnermk_x": 0,
                "fastfood_x": 0,
                "financl_x": 0,
                "flatslpe_x": 1,
                "gasserv_x": 0,
                "gated_x": 0,
                "grafitti_x": 0,
                "gymfitns_x": 0,
                "hardgood_x": 0,
                "highschl_x": 0,
                "hotelhos_x": 1,
                "indsothr_x": 0,
                "insother_x": 0,
                "kinder_x": 0,
                "libbkstr_x": 0,
                "lighting_x": 1,
                "liquorst_x": 0,
                "litter_x": 0,
                "localstre_x": 0,
                "mdhvind_x": 0,
                "medicine_x": 0,
                "midblock_x": 0,
                "mlgrcer_x": 0,
                "mntbuild_x": 0,
                "movieth_x": 1,
                "mustheat_x": 0,
                "offices_x": 0,
                "ofseroth_x": 0,
                "othrrtail_x": 0,
                "othrsdwk_x": 1,
                "parkplay_x": 0,
                "pedcrs2_x": 0,
                "pedcrssgn_x": 0,
                "playsprt_x": 0,
                "plazasq_x": 0,
                "prdusprk_x": 0,
                "primschl_x": 0,
                "prmntbldgh_x": 0,
                "pubart_x": 0,
                "pubcivic_x": 0,
                "pubgardn_x": 0,
                "pubrestr_x": 0,
                "recoher_x": 0,
                "religion_x": 0,
                "restarnt_x": 0,
                "restaurant_x": 0,
                "schother_x": 0,
                "scndschl_x": 0,
                "sdwkcomp_x": 0,
                "sdwkshde_x": 0,
                "service_x": 0,
                "sfhatach_x": 0,
                "shopmall_x": 0,
                "sidewalk_x": 1,
                "softgood_x": 0,
                "stopsgn2_x": 0,
                "stopsign_x": 0,
                "strpmall_x": 0,
                "strttree_x": 1,
                "stvendor_x": 0,
                "townhome_x": 0,
                "traffsig_x": 0,
                "trafsgn2_x": 0,
                "trcmpark_x": 0,
                "undevlnd_x": 0,
                "vehlanes_x": 2,
                "vermixus_x": 0,
                "pedactsgn_x": 0,
                "pedact2_x": 0,
                "smlgrcer_x": 0,
                "gateaccs_x": 0,
                "sdwkpave_x": 0,
                "diffrdsf_x": 0,
                "dfrdsf2_x": 0,
                "cmother_x": 1,
                "zebrastp_x": 0,
                "crsothr2_x": 1,
                "zebra2_x": 0,
                "trafcrcl_x": 0,
                "rumblesp_x": 0,
                "spdbump_x": 0,
                "pbspothr_x": 0,
                "prctbldg_x": 1,
                "swptcoth_x": 0,
                "heatlamp_x": 0,
                "pedstreet_x": 0,
                "banners_x": 0,
                "multifamtot": 0,
                "school": 0,
                "retrest": 0,
                "sdwkbuff": 0,
                "vehlanestot": 2,
                "sixlnrd": 0,
                "sixlnrdrecoded": 0,
                "implndusrecoded": 0,
                "bldgstry": 0,
                "sizeparkimi1": 2,
                "crosswalktot": 1,
                "diffrdsftot": 0,
                "pedactsgntot": 0,
                "pedcssigntot": 0,
                "schooltot": 0,
                "officestot": 0,
                "liquorbaradultcheckcashing": 0,
                "markings": 1,
                "markings2": 1,
                "vehsigs": 0,
                "vehsigs2": 0,
                "vehlanestotrecoded": 2,
                "trafcalmtot": 0,
                "markingsint": 2,
                "markingsint2": 2,
                "vehsigsint": 1,
                "vehsigs2int": 1,
                "medianint": 0,
                "trafcalmtotint": 1,
                "midcrsmarkint": 0,
                "strpmalllnt": 0,
                "retrestint": 0,
                "commothrint": 0,
                "restarntint": 0,
                "coffshopint": 0,
                "cornerstint": 0,
                "moviethint": 1,
                "barsclubint": 0,
                "culsacpedptint": 0,
                "StreetName": "Major Lansdale Blvd",
                "IntersectionA": "Major Lansdale Blvd & Northview Dr",
                "IntersectionB": "Major Lansdale Blvd",
                "name_osm": null,
                "intersc1": "Major Lansdale Blvd & Northview Dr",
                "intersc2": "Major Lansdale Blvd",
                "tract_geoid": "24033800515",
                "tract_name": "Census Tract 8005.15",
                "STATEFP": "24",
                "COUNTYFP": "033",
                "n_tracts": 1,
                "tract_share": 1.0,
                "match": "overlay",
                "total_pop": 4375.0,
                "median_hh_income": 114432.0,
                "median_home_value": 346700.0,
                "commuters_total": 2347.0,
                "commuters_transit": 130.0,
                "renter_no_vehicle": 41.0,
                "Unnamed: 0": 41,
                "form3norm": 74.19416046000001,
                "dens2norm": 36.92466736,
                "prox3norm": 35.41207504,
                "conn6norm": 80.5850296,
                "parks2norm": 0.0,
                "peds4norm": 27.04840851,
                "safenorm": 78.05537415000001,
                "traffic5norm": 56.07103092,
                "aesttot3norm": 48.18319321,
                "paf2norm": 8.0036898e-06,
                "sop7norm": 49.67975397,
                " ": 0,
                "arcades_y": 0,
                "attrtve_y": 1,
                "awnings_y": 0,
                "barsclub_y": 0,
                "beach_y": 0,
                "benches_y": 1,
                "bigbox_y": 0,
                "bikelane_y": 0,
                "bikerack_y": 0,
                "bikeretl_y": 0,
                "bikeshre_y": 0,
                "billbrd_y": 1,
                "bklntype_y": 0,
                "blnkwall_y": 0,
                "buffboll_y": 0,
                "bufffence_y": 0,
                "buffpkcr_y": 0,
                "buffsttr_y": 0,
                "busstops_y": 0,
                "cardeal_y": 0,
                "chainstre_y": 0,
                "chckcash_y": 0,
                "civother_y": 0,
                "coffshop_y": 0,
                "college_y": 0,
                "comctlib_y": 1,
                "condoapt_y": 0,
                "cornerst_y": 0,
                "crosing2_y": 1,
                "croswalk_y": 0,
                "dining_y": 0,
                "dogs_y": 0,
                "driveway_y": 0,
                "drivthru_y": 0,
                "dumpster_y": 0,
                "farnermk_y": 0,
                "fastfood_y": 0,
                "financl_y": 0,
                "flatslpe_y": 1,
                "gasserv_y": 0,
                "gated_y": 0,
                "grafitti_y": 0,
                "gymfitns_y": 0,
                "hardgood_y": 0,
                "highschl_y": 0,
                "hotelhos_y": 1,
                "indsothr_y": 0,
                "insother_y": 0,
                "kinder_y": 0,
                "libbkstr_y": 0,
                "lighting_y": 1,
                "liquorst_y": 0,
                "litter_y": 0,
                "localstre_y": 0,
                "mdhvind_y": 0,
                "medicine_y": 0,
                "midblock_y": 0,
                "mlgrcer_y": 0,
                "mntbuild_y": 0,
                "movieth_y": 1,
                "mustheat_y": 0,
                "offices_y": 0,
                "ofseroth_y": 0,
                "othrrtail_y": 0,
                "othrsdwk_y": 1,
                "parkplay_y": 0,
                "pedcrs2_y": 0,
                "pedcrssgn_y": 0,
                "playsprt_y": 0,
                "plazasq_y": 0,
                "prctpkng_y": 2,
                "prdusprk_y": 0,
                "primschl_y": 0,
                "prmntbldgh_y": 0,
                "pubart_y": 0,
                "pubcivic_y": 0,
                "pubgardn_y": 0,
                "pubrestr_y": 0,
                "recoher_y": 0,
                "religion_y": 0,
                "restarnt_y": 0,
                "restaurant_y": 0,
                "schother_y": 0,
                "scndschl_y": 0,
                "sdwkcomp_y": 0,
                "sdwkshde_y": 0,
                "service_y": 0,
                "sfhatach_y": 0,
                "shopmall_y": 0,
                "sidewalk_y": 1,
                "sizeparkimi2_y": 2,
                "softgood_y": 0,
                "stopsgn2_y": 0,
                "stopsign_y": 0,
                "strpmall_y": 0,
                "strttree_y": 1,
                "stvendor_y": 0,
                "surfpkng_y": 1,
                "townhome_y": 0,
                "traffsig_y": 0,
                "trafsgn2_y": 0,
                "trcmpark_y": 0,
                "undevlnd_y": 0,
                "vehlanes_y": 2,
                "vermixus_y": 0,
                "pedactsgn_y": 0,
                "pedact2_y": 0,
                "smlgrcer_y": 0,
                "gateaccs_y": 0,
                "sdwkpave_y": 0,
                "diffrdsf_y": 0,
                "dfrdsf2_y": 0,
                "cmother_y": 1,
                "zebrastp_y": 0,
                "crsothr2_y": 1,
                "zebra2_y": 0,
                "trafcrcl_y": 0,
                "rumblesp_y": 0,
                "spdbump_y": 0,
                "pbspothr_y": 0,
                "prctbldg_y": 1,
                "swptcoth_y": 0,
                "heatlamp_y": 0,
                "pedstreet_y": 0,
                "banners_y": 0
            },
            "geometry": {
                "type": "LineString",
                "coordinates": [
                    [
                        -76.736362597747146,
                        38.948862329409941
                    ],
                    [
                        -76.738899230742064,
                        38.950827326800379
                    ]
                ]
            }
        },
        {
            "type": "Feature",
            "properties": {
                "sgmntid": 44,
                "name_2": "Annapolis Rd",
                "id": 44,
                "intersection_1_location": "38.97924833451111,-76.73538009905192",
                "intersection_2_location": "38.97985569734088,-76.73329005637301",
                "neighborhood": "Route 450 Mainstreet",
                "Group": "Route 450 Mainstreet",
                "layer": "Bowie_CustomMarked",
                "location_id": 44,
                "form3": 21.72109985,
                "dens2": 36.92466736,
                "prox3": 24.12059212,
                "conn6": 73.1760025,
                "parks2": 0.0,
                "peds4": 22.99962425,
                "safe": 78.05537415000001,
                "traffic5": 35.92200851,
                "aesttot3": 32.46629715,
                "paf2": 8.0036898e-06,
                "sopindex7": 26.28213374,
                "zscored_form3": 21.66983414,
                "zscored_dens2": -2.046435595,
                "zscored_prox3": 4.743222237,
                "zscored_conn6": 1.005057454,
                "zscored_parks2": -1.480694154,
                "zscored_peds4": -5.698731422,
                "zscored_safe": -0.1753524542,
                "zscored_traffic5": -9.749160767,
                "zscored_aesttot3": -10.83459949,
                "zscored_paf2": -0.4590791464,
                "zscored_sopindex7": -48.37572489,
                "country": "USA",
                "state": "Maryland",
                "city": "Bowie",
                "surfpkng_x": 2,
                "sizeparkimi2_x": 2,
                "prctpkng_x": 2,
                "adultuse": 0,
                "arcades_x": 0,
                "attrtve_x": 1,
                "awnings_x": 0,
                "barsclub_x": 0,
                "beach_x": 0,
                "benches_x": 0,
                "bigbox_x": 1,
                "bikelane_x": 0,
                "bikerack_x": 0,
                "bikeretl_x": 0,
                "bikeshre_x": 0,
                "billbrd_x": 2,
                "bklntype_x": 0,
                "blnkwall_x": 0,
                "buffboll_x": 0,
                "bufffence_x": 0,
                "buffpkcr_x": 0,
                "buffsttr_x": 0,
                "busstops_x": 0,
                "cardeal_x": 0,
                "chainstre_x": 1,
                "chckcash_x": 0,
                "civother_x": 0,
                "coffshop_x": 0,
                "college_x": 0,
                "comctlib_x": 0,
                "condoapt_x": 0,
                "cornerst_x": 0,
                "crosing2_x": 1,
                "croswalk_x": 0,
                "dining_x": 0,
                "dogs_x": 0,
                "driveway_x": 0,
                "drivthru_x": 0,
                "dumpster_x": 0,
                "farnermk_x": 0,
                "fastfood_x": 1,
                "financl_x": 1,
                "flatslpe_x": 1,
                "gasserv_x": 1,
                "gated_x": 0,
                "grafitti_x": 0,
                "gymfitns_x": 0,
                "hardgood_x": 0,
                "highschl_x": 0,
                "hotelhos_x": 0,
                "indsothr_x": 0,
                "insother_x": 0,
                "kinder_x": 0,
                "libbkstr_x": 0,
                "lighting_x": 1,
                "liquorst_x": 0,
                "litter_x": 0,
                "localstre_x": 1,
                "mdhvind_x": 0,
                "medicine_x": 1,
                "midblock_x": 0,
                "mlgrcer_x": 0,
                "mntbuild_x": 0,
                "movieth_x": 0,
                "mustheat_x": 0,
                "offices_x": 0,
                "ofseroth_x": 0,
                "othrrtail_x": 0,
                "othrsdwk_x": 0,
                "parkplay_x": 0,
                "pedcrs2_x": 0,
                "pedcrssgn_x": 0,
                "playsprt_x": 0,
                "plazasq_x": 0,
                "prdusprk_x": 0,
                "primschl_x": 0,
                "prmntbldgh_x": 0,
                "pubart_x": 0,
                "pubcivic_x": 0,
                "pubgardn_x": 0,
                "pubrestr_x": 0,
                "recoher_x": 0,
                "religion_x": 0,
                "restarnt_x": 0,
                "restaurant_x": 0,
                "schother_x": 0,
                "scndschl_x": 0,
                "sdwkcomp_x": 1,
                "sdwkshde_x": 0,
                "service_x": 0,
                "sfhatach_x": 0,
                "shopmall_x": 0,
                "sidewalk_x": 1,
                "softgood_x": 0,
                "stopsgn2_x": 1,
                "stopsign_x": 0,
                "strpmall_x": 1,
                "strttree_x": 1,
                "stvendor_x": 0,
                "townhome_x": 0,
                "traffsig_x": 1,
                "trafsgn2_x": 1,
                "trcmpark_x": 0,
                "undevlnd_x": 0,
                "vehlanes_x": 4,
                "vermixus_x": 0,
                "pedactsgn_x": 0,
                "pedact2_x": 0,
                "smlgrcer_x": 1,
                "gateaccs_x": 0,
                "sdwkpave_x": 0,
                "diffrdsf_x": 0,
                "dfrdsf2_x": 0,
                "cmother_x": 1,
                "zebrastp_x": 0,
                "crsothr2_x": 1,
                "zebra2_x": 0,
                "trafcrcl_x": 0,
                "rumblesp_x": 0,
                "spdbump_x": 0,
                "pbspothr_x": 0,
                "prctbldg_x": 1,
                "swptcoth_x": 0,
                "heatlamp_x": 0,
                "pedstreet_x": 0,
                "banners_x": 0,
                "multifamtot": 0,
                "school": 0,
                "retrest": 1,
                "sdwkbuff": 0,
                "vehlanestot": 4,
                "sixlnrd": 0,
                "sixlnrdrecoded": 0,
                "implndusrecoded": 0,
                "bldgstry": 0,
                "sizeparkimi1": 2,
                "crosswalktot": 1,
                "diffrdsftot": 0,
                "pedactsgntot": 0,
                "pedcssigntot": 0,
                "schooltot": 0,
                "officestot": 0,
                "liquorbaradultcheckcashing": 0,
                "markings": 1,
                "markings2": 1,
                "vehsigs": 1,
                "vehsigs2": 1,
                "vehlanestotrecoded": 4,
                "trafcalmtot": 0,
                "markingsint": 2,
                "markingsint2": 0,
                "vehsigsint": 0,
                "vehsigs2int": 0,
                "medianint": 0,
                "trafcalmtotint": -1,
                "midcrsmarkint": 0,
                "strpmalllnt": 1,
                "retrestint": 1,
                "commothrint": 0,
                "restarntint": 0,
                "coffshopint": 0,
                "cornerstint": 0,
                "moviethint": 0,
                "barsclubint": 0,
                "culsacpedptint": 0,
                "StreetName": "Annapolis Rd",
                "IntersectionA": "Annapolis Rd",
                "IntersectionB": "Annapolis Rd & Superior Ln",
                "name_osm": "Superior Lane",
                "intersc1": "Annapolis Rd",
                "intersc2": "Annapolis Rd & Superior Ln",
                "tract_geoid": "24033800504",
                "tract_name": "Census Tract 8005.04",
                "STATEFP": "24",
                "COUNTYFP": "033",
                "n_tracts": 1,
                "tract_share": 1.0,
                "match": "overlay",
                "total_pop": 4442.0,
                "median_hh_income": 140250.0,
                "median_home_value": 427100.0,
                "commuters_total": 2404.0,
                "commuters_transit": 74.0,
                "renter_no_vehicle": 32.0,
                "Unnamed: 0": 42,
                "form3norm": 20.52403069,
                "dens2norm": 27.79145241,
                "prox3norm": 24.12059212,
                "conn6norm": 73.1760025,
                "parks2norm": 0.0,
                "peds4norm": 22.99962425,
                "safenorm": 78.05537415000001,
                "traffic5norm": 55.71206498,
                "aesttot3norm": 32.46629715,
                "paf2norm": 8.0036898e-06,
                "sop7norm": 29.50059132,
                " ": 0,
                "arcades_y": 0,
                "attrtve_y": 1,
                "awnings_y": 0,
                "barsclub_y": 0,
                "beach_y": 0,
                "benches_y": 0,
                "bigbox_y": 1,
                "bikelane_y": 0,
                "bikerack_y": 0,
                "bikeretl_y": 0,
                "bikeshre_y": 0,
                "billbrd_y": 2,
                "bklntype_y": 0,
                "blnkwall_y": 0,
                "buffboll_y": 0,
                "bufffence_y": 0,
                "buffpkcr_y": 0,
                "buffsttr_y": 0,
                "busstops_y": 0,
                "cardeal_y": 0,
                "chainstre_y": 1,
                "chckcash_y": 0,
                "civother_y": 0,
                "coffshop_y": 0,
                "college_y": 0,
                "comctlib_y": 0,
                "condoapt_y": 0,
                "cornerst_y": 0,
                "crosing2_y": 1,
                "croswalk_y": 0,
                "dining_y": 0,
                "dogs_y": 0,
                "driveway_y": 0,
                "drivthru_y": 0,
                "dumpster_y": 0,
                "farnermk_y": 0,
                "fastfood_y": 1,
                "financl_y": 1,
                "flatslpe_y": 1,
                "gasserv_y": 1,
                "gated_y": 0,
                "grafitti_y": 0,
                "gymfitns_y": 0,
                "hardgood_y": 0,
                "highschl_y": 0,
                "hotelhos_y": 0,
                "indsothr_y": 0,
                "insother_y": 0,
                "kinder_y": 0,
                "libbkstr_y": 0,
                "lighting_y": 1,
                "liquorst_y": 0,
                "litter_y": 0,
                "localstre_y": 1,
                "mdhvind_y": 0,
                "medicine_y": 1,
                "midblock_y": 0,
                "mlgrcer_y": 0,
                "mntbuild_y": 0,
                "movieth_y": 0,
                "mustheat_y": 0,
                "offices_y": 0,
                "ofseroth_y": 0,
                "othrrtail_y": 0,
                "othrsdwk_y": 0,
                "parkplay_y": 0,
                "pedcrs2_y": 0,
                "pedcrssgn_y": 0,
                "playsprt_y": 0,
                "plazasq_y": 0,
                "prctpkng_y": 2,
                "prdusprk_y": 0,
                "primschl_y": 0,
                "prmntbldgh_y": 1,
                "pubart_y": 0,
                "pubcivic_y": 0,
                "pubgardn_y": 0,
                "pubrestr_y": 0,
                "recoher_y": 0,
                "religion_y": 0,
                "restarnt_y": 0,
                "restaurant_y": 0,
                "schother_y": 0,
                "scndschl_y": 0,
                "sdwkcomp_y": 1,
                "sdwkshde_y": 0,
                "service_y": 0,
                "sfhatach_y": 0,
                "shopmall_y": 0,
                "sidewalk_y": 1,
                "sizeparkimi2_y": 2,
                "softgood_y": 0,
                "stopsgn2_y": 1,
                "stopsign_y": 0,
                "strpmall_y": 1,
                "strttree_y": 2,
                "stvendor_y": 0,
                "surfpkng_y": 2,
                "townhome_y": 0,
                "traffsig_y": 1,
                "trafsgn2_y": 1,
                "trcmpark_y": 0,
                "undevlnd_y": 0,
                "vehlanes_y": 4,
                "vermixus_y": 0,
                "pedactsgn_y": 0,
                "pedact2_y": 0,
                "smlgrcer_y": 1,
                "gateaccs_y": 0,
                "sdwkpave_y": 0,
                "diffrdsf_y": 0,
                "dfrdsf2_y": 0,
                "cmother_y": 1,
                "zebrastp_y": 0,
                "crsothr2_y": 1,
                "zebra2_y": 0,
                "trafcrcl_y": 0,
                "rumblesp_y": 0,
                "spdbump_y": 0,
                "pbspothr_y": 0,
                "prctbldg_y": 0,
                "swptcoth_y": 0,
                "heatlamp_y": 0,
                "pedstreet_y": 0,
                "banners_y": 0
            },
            "geometry": {
                "type": "LineString",
                "coordinates": [
                    [
                        -76.735380099051923,
                        38.979248334511112
                    ],
                    [
                        -76.733290056373008,
                        38.979855697340881
                    ]
                ]
            }
        },
        {
            "type": "Feature",
            "properties": {
                "sgmntid": 45,
                "name_2": "Annapolis Rd",
                "id": 45,
                "intersection_1_location": "38.97921260728583,-76.73543368988985",
                "intersection_2_location": "38.978676698906625,-76.73757732340668",
                "neighborhood": "Route 450 Mainstreet",
                "Group": "Route 450 Mainstreet",
                "layer": "Bowie_CustomMarked",
                "location_id": 45,
                "form3": 21.72109985,
                "dens2": 36.92466736,
                "prox3": 24.12059212,
                "conn6": 46.19221115,
                "parks2": 0.0,
                "peds4": 22.99962425,
                "safe": 78.05537415000001,
                "traffic5": 30.62386513,
                "aesttot3": 32.46629715,
                "paf2": 8.0036898e-06,
                "sopindex7": 22.53333432,
                "zscored_form3": 21.66983414,
                "zscored_dens2": -2.046435595,
                "zscored_prox3": 4.743222237,
                "zscored_conn6": 6.33165741,
                "zscored_parks2": -1.480694154,
                "zscored_peds4": -5.698731422,
                "zscored_safe": -0.1753524542,
                "zscored_traffic5": -12.00431728,
                "zscored_aesttot3": -10.83459949,
                "zscored_paf2": -0.4590791464,
                "zscored_sopindex7": -55.95748053,
                "country": "USA",
                "state": "Maryland",
                "city": "Bowie",
                "surfpkng_x": 2,
                "sizeparkimi2_x": 2,
                "prctpkng_x": 2,
                "adultuse": 0,
                "arcades_x": 0,
                "attrtve_x": 1,
                "awnings_x": 0,
                "barsclub_x": 0,
                "beach_x": 0,
                "benches_x": 0,
                "bigbox_x": 1,
                "bikelane_x": 0,
                "bikerack_x": 0,
                "bikeretl_x": 0,
                "bikeshre_x": 0,
                "billbrd_x": 2,
                "bklntype_x": 0,
                "blnkwall_x": 0,
                "buffboll_x": 0,
                "bufffence_x": 0,
                "buffpkcr_x": 0,
                "buffsttr_x": 0,
                "busstops_x": 0,
                "cardeal_x": 0,
                "chainstre_x": 1,
                "chckcash_x": 0,
                "civother_x": 0,
                "coffshop_x": 0,
                "college_x": 0,
                "comctlib_x": 0,
                "condoapt_x": 0,
                "cornerst_x": 0,
                "crosing2_x": 1,
                "croswalk_x": 2,
                "dining_x": 0,
                "dogs_x": 0,
                "driveway_x": 0,
                "drivthru_x": 0,
                "dumpster_x": 0,
                "farnermk_x": 0,
                "fastfood_x": 1,
                "financl_x": 1,
                "flatslpe_x": 1,
                "gasserv_x": 1,
                "gated_x": 0,
                "grafitti_x": 0,
                "gymfitns_x": 0,
                "hardgood_x": 0,
                "highschl_x": 0,
                "hotelhos_x": 0,
                "indsothr_x": 0,
                "insother_x": 0,
                "kinder_x": 0,
                "libbkstr_x": 0,
                "lighting_x": 1,
                "liquorst_x": 0,
                "litter_x": 0,
                "localstre_x": 1,
                "mdhvind_x": 0,
                "medicine_x": 1,
                "midblock_x": 0,
                "mlgrcer_x": 0,
                "mntbuild_x": 0,
                "movieth_x": 0,
                "mustheat_x": 0,
                "offices_x": 0,
                "ofseroth_x": 0,
                "othrrtail_x": 0,
                "othrsdwk_x": 0,
                "parkplay_x": 0,
                "pedcrs2_x": 0,
                "pedcrssgn_x": 0,
                "playsprt_x": 0,
                "plazasq_x": 0,
                "prdusprk_x": 0,
                "primschl_x": 0,
                "prmntbldgh_x": 0,
                "pubart_x": 0,
                "pubcivic_x": 0,
                "pubgardn_x": 0,
                "pubrestr_x": 0,
                "recoher_x": 0,
                "religion_x": 0,
                "restarnt_x": 0,
                "restaurant_x": 0,
                "schother_x": 0,
                "scndschl_x": 0,
                "sdwkcomp_x": 1,
                "sdwkshde_x": 0,
                "service_x": 0,
                "sfhatach_x": 0,
                "shopmall_x": 0,
                "sidewalk_x": 1,
                "softgood_x": 0,
                "stopsgn2_x": 1,
                "stopsign_x": 0,
                "strpmall_x": 1,
                "strttree_x": 1,
                "stvendor_x": 0,
                "townhome_x": 0,
                "traffsig_x": 1,
                "trafsgn2_x": 1,
                "trcmpark_x": 0,
                "undevlnd_x": 0,
                "vehlanes_x": 6,
                "vermixus_x": 0,
                "pedactsgn_x": 0,
                "pedact2_x": 0,
                "smlgrcer_x": 1,
                "gateaccs_x": 0,
                "sdwkpave_x": 0,
                "diffrdsf_x": 0,
                "dfrdsf2_x": 0,
                "cmother_x": 1,
                "zebrastp_x": 1,
                "crsothr2_x": 1,
                "zebra2_x": 0,
                "trafcrcl_x": 0,
                "rumblesp_x": 0,
                "spdbump_x": 0,
                "pbspothr_x": 0,
                "prctbldg_x": 1,
                "swptcoth_x": 0,
                "heatlamp_x": 0,
                "pedstreet_x": 0,
                "banners_x": 0,
                "multifamtot": 0,
                "school": 0,
                "retrest": 1,
                "sdwkbuff": 0,
                "vehlanestot": 6,
                "sixlnrd": 1,
                "sixlnrdrecoded": 1,
                "implndusrecoded": 0,
                "bldgstry": 0,
                "sizeparkimi1": 2,
                "crosswalktot": 3,
                "diffrdsftot": 0,
                "pedactsgntot": 0,
                "pedcssigntot": 0,
                "schooltot": 0,
                "officestot": 0,
                "liquorbaradultcheckcashing": 0,
                "markings": 1,
                "markings2": 1,
                "vehsigs": 1,
                "vehsigs2": 1,
                "vehlanestotrecoded": 6,
                "trafcalmtot": 0,
                "markingsint": 2,
                "markingsint2": 0,
                "vehsigsint": 0,
                "vehsigs2int": 0,
                "medianint": 0,
                "trafcalmtotint": -2,
                "midcrsmarkint": 0,
                "strpmalllnt": 1,
                "retrestint": 1,
                "commothrint": 0,
                "restarntint": 0,
                "coffshopint": 0,
                "cornerstint": 0,
                "moviethint": 0,
                "barsclubint": 0,
                "culsacpedptint": 0,
                "StreetName": "Annapolis Rd",
                "IntersectionA": "Annapolis Rd",
                "IntersectionB": "Annapolis Rd & Stonybrook Dr",
                "name_osm": "Annapolis Road",
                "intersc1": "Annapolis Rd",
                "intersc2": "Annapolis Rd & Stonybrook Dr",
                "tract_geoid": "24033800402",
                "tract_name": "Census Tract 8004.02",
                "STATEFP": "24",
                "COUNTYFP": "033",
                "n_tracts": 2,
                "tract_share": 0.823,
                "match": "overlay",
                "total_pop": 5096.0,
                "median_hh_income": 121043.0,
                "median_home_value": 408100.0,
                "commuters_total": 2683.0,
                "commuters_transit": 131.0,
                "renter_no_vehicle": 35.0,
                "Unnamed: 0": 43,
                "form3norm": 20.52403069,
                "dens2norm": 43.43845367,
                "prox3norm": 24.12059212,
                "conn6norm": 46.19221115,
                "parks2norm": 0.0,
                "peds4norm": 22.99962425,
                "safenorm": 78.05537415000001,
                "traffic5norm": 58.82685818,
                "aesttot3norm": 32.46629715,
                "paf2norm": 8.0036898e-06,
                "sop7norm": 28.7497662,
                " ": 0,
                "arcades_y": 0,
                "attrtve_y": 1,
                "awnings_y": 0,
                "barsclub_y": 0,
                "beach_y": 0,
                "benches_y": 0,
                "bigbox_y": 1,
                "bikelane_y": 0,
                "bikerack_y": 0,
                "bikeretl_y": 0,
                "bikeshre_y": 0,
                "billbrd_y": 2,
                "bklntype_y": 0,
                "blnkwall_y": 0,
                "buffboll_y": 0,
                "bufffence_y": 0,
                "buffpkcr_y": 0,
                "buffsttr_y": 0,
                "busstops_y": 0,
                "cardeal_y": 0,
                "chainstre_y": 1,
                "chckcash_y": 0,
                "civother_y": 0,
                "coffshop_y": 0,
                "college_y": 0,
                "comctlib_y": 0,
                "condoapt_y": 0,
                "cornerst_y": 0,
                "crosing2_y": 1,
                "croswalk_y": 2,
                "dining_y": 0,
                "dogs_y": 0,
                "driveway_y": 0,
                "drivthru_y": 0,
                "dumpster_y": 0,
                "farnermk_y": 0,
                "fastfood_y": 1,
                "financl_y": 1,
                "flatslpe_y": 1,
                "gasserv_y": 1,
                "gated_y": 0,
                "grafitti_y": 0,
                "gymfitns_y": 0,
                "hardgood_y": 0,
                "highschl_y": 0,
                "hotelhos_y": 0,
                "indsothr_y": 0,
                "insother_y": 0,
                "kinder_y": 0,
                "libbkstr_y": 0,
                "lighting_y": 1,
                "liquorst_y": 0,
                "litter_y": 0,
                "localstre_y": 1,
                "mdhvind_y": 0,
                "medicine_y": 1,
                "midblock_y": 0,
                "mlgrcer_y": 0,
                "mntbuild_y": 0,
                "movieth_y": 0,
                "mustheat_y": 0,
                "offices_y": 0,
                "ofseroth_y": 0,
                "othrrtail_y": 0,
                "othrsdwk_y": 0,
                "parkplay_y": 0,
                "pedcrs2_y": 0,
                "pedcrssgn_y": 0,
                "playsprt_y": 0,
                "plazasq_y": 0,
                "prctpkng_y": 2,
                "prdusprk_y": 0,
                "primschl_y": 0,
                "prmntbldgh_y": 1,
                "pubart_y": 0,
                "pubcivic_y": 0,
                "pubgardn_y": 0,
                "pubrestr_y": 0,
                "recoher_y": 0,
                "religion_y": 0,
                "restarnt_y": 0,
                "restaurant_y": 0,
                "schother_y": 0,
                "scndschl_y": 0,
                "sdwkcomp_y": 1,
                "sdwkshde_y": 0,
                "service_y": 0,
                "sfhatach_y": 1,
                "shopmall_y": 0,
                "sidewalk_y": 1,
                "sizeparkimi2_y": 2,
                "softgood_y": 0,
                "stopsgn2_y": 1,
                "stopsign_y": 0,
                "strpmall_y": 1,
                "strttree_y": 2,
                "stvendor_y": 0,
                "surfpkng_y": 2,
                "townhome_y": 0,
                "traffsig_y": 1,
                "trafsgn2_y": 1,
                "trcmpark_y": 0,
                "undevlnd_y": 0,
                "vehlanes_y": 6,
                "vermixus_y": 0,
                "pedactsgn_y": 0,
                "pedact2_y": 0,
                "smlgrcer_y": 1,
                "gateaccs_y": 0,
                "sdwkpave_y": 0,
                "diffrdsf_y": 0,
                "dfrdsf2_y": 0,
                "cmother_y": 1,
                "zebrastp_y": 1,
                "crsothr2_y": 1,
                "zebra2_y": 0,
                "trafcrcl_y": 0,
                "rumblesp_y": 0,
                "spdbump_y": 0,
                "pbspothr_y": 0,
                "prctbldg_y": 0,
                "swptcoth_y": 0,
                "heatlamp_y": 0,
                "pedstreet_y": 0,
                "banners_y": 0
            },
            "geometry": {
                "type": "LineString",
                "coordinates": [
                    [
                        -76.735433689889845,
                        38.979212607285831
                    ],
                    [
                        -76.737577323406683,
                        38.978676698906625
                    ]
                ]
            }
        },
        {
            "type": "Feature",
            "properties": {
                "sgmntid": 46,
                "name_2": "Annapolis Rd",
                "id": 46,
                "intersection_1_location": "38.978640971681344,-76.73768450508253",
                "intersection_2_location": "38.977515564085,-76.7415251818002",
                "neighborhood": "Route 450 Mainstreet",
                "Group": "Route 450 Mainstreet",
                "layer": "Bowie_CustomMarked",
                "location_id": 46,
                "form3": 70.79580688,
                "dens2": 36.92466736,
                "prox3": 12.74203205,
                "conn6": 73.1760025,
                "parks2": 100.0,
                "peds4": 26.25033569,
                "safe": 78.05537415000001,
                "traffic5": 76.35824585,
                "aesttot3": 51.34588623,
                "paf2": 22.30442047,
                "sopindex7": 61.30983607,
                "zscored_form3": 2.583843708,
                "zscored_dens2": -2.046435595,
                "zscored_prox3": -0.05097663403,
                "zscored_conn6": 1.005057454,
                "zscored_parks2": 19.25,
                "zscored_peds4": -3.99153471,
                "zscored_safe": -0.1753524542,
                "zscored_traffic5": 7.462539673,
                "zscored_aesttot3": 1.165682554,
                "zscored_paf2": 4.440995216,
                "zscored_sopindex7": 22.46601665,
                "country": "USA",
                "state": "Maryland",
                "city": "Bowie",
                "surfpkng_x": 2,
                "sizeparkimi2_x": 2,
                "prctpkng_x": 2,
                "adultuse": 0,
                "arcades_x": 0,
                "attrtve_x": 2,
                "awnings_x": 0,
                "barsclub_x": 0,
                "beach_x": 0,
                "benches_x": 0,
                "bigbox_x": 0,
                "bikelane_x": 0,
                "bikerack_x": 0,
                "bikeretl_x": 0,
                "bikeshre_x": 0,
                "billbrd_x": 0,
                "bklntype_x": 0,
                "blnkwall_x": 0,
                "buffboll_x": 0,
                "bufffence_x": 0,
                "buffpkcr_x": 0,
                "buffsttr_x": 0,
                "busstops_x": 0,
                "cardeal_x": 0,
                "chainstre_x": 0,
                "chckcash_x": 0,
                "civother_x": 0,
                "coffshop_x": 0,
                "college_x": 0,
                "comctlib_x": 0,
                "condoapt_x": 0,
                "cornerst_x": 0,
                "crosing2_x": 2,
                "croswalk_x": 2,
                "dining_x": 0,
                "dogs_x": 0,
                "driveway_x": 0,
                "drivthru_x": 0,
                "dumpster_x": 0,
                "farnermk_x": 0,
                "fastfood_x": 1,
                "financl_x": 0,
                "flatslpe_x": 1,
                "gasserv_x": 0,
                "gated_x": 0,
                "grafitti_x": 0,
                "gymfitns_x": 0,
                "hardgood_x": 0,
                "highschl_x": 1,
                "hotelhos_x": 0,
                "indsothr_x": 0,
                "insother_x": 0,
                "kinder_x": 0,
                "libbkstr_x": 0,
                "lighting_x": 1,
                "liquorst_x": 0,
                "litter_x": 0,
                "localstre_x": 0,
                "mdhvind_x": 0,
                "medicine_x": 0,
                "midblock_x": 0,
                "mlgrcer_x": 0,
                "mntbuild_x": 0,
                "movieth_x": 0,
                "mustheat_x": 0,
                "offices_x": 0,
                "ofseroth_x": 0,
                "othrrtail_x": 0,
                "othrsdwk_x": 0,
                "parkplay_x": 2,
                "pedcrs2_x": 0,
                "pedcrssgn_x": 0,
                "playsprt_x": 2,
                "plazasq_x": 0,
                "prdusprk_x": 0,
                "primschl_x": 0,
                "prmntbldgh_x": 0,
                "pubart_x": 0,
                "pubcivic_x": 0,
                "pubgardn_x": 0,
                "pubrestr_x": 0,
                "recoher_x": 0,
                "religion_x": 0,
                "restarnt_x": 0,
                "restaurant_x": 0,
                "schother_x": 0,
                "scndschl_x": 0,
                "sdwkcomp_x": 1,
                "sdwkshde_x": 0,
                "service_x": 0,
                "sfhatach_x": 0,
                "shopmall_x": 0,
                "sidewalk_x": 2,
                "softgood_x": 0,
                "stopsgn2_x": 0,
                "stopsign_x": 0,
                "strpmall_x": 0,
                "strttree_x": 1,
                "stvendor_x": 0,
                "townhome_x": 0,
                "traffsig_x": 1,
                "trafsgn2_x": 1,
                "trcmpark_x": 0,
                "undevlnd_x": 0,
                "vehlanes_x": 4,
                "vermixus_x": 0,
                "pedactsgn_x": 0,
                "pedact2_x": 0,
                "smlgrcer_x": 0,
                "gateaccs_x": 0,
                "sdwkpave_x": 0,
                "diffrdsf_x": 0,
                "dfrdsf2_x": 0,
                "cmother_x": 1,
                "zebrastp_x": 1,
                "crsothr2_x": 1,
                "zebra2_x": 1,
                "trafcrcl_x": 0,
                "rumblesp_x": 0,
                "spdbump_x": 0,
                "pbspothr_x": 0,
                "prctbldg_x": 1,
                "swptcoth_x": 0,
                "heatlamp_x": 0,
                "pedstreet_x": 0,
                "banners_x": 0,
                "multifamtot": 0,
                "school": 0,
                "retrest": 1,
                "sdwkbuff": 0,
                "vehlanestot": 4,
                "sixlnrd": 0,
                "sixlnrdrecoded": 0,
                "implndusrecoded": 0,
                "bldgstry": 0,
                "sizeparkimi1": 2,
                "crosswalktot": 4,
                "diffrdsftot": 0,
                "pedactsgntot": 0,
                "pedcssigntot": 0,
                "schooltot": 1,
                "officestot": 0,
                "liquorbaradultcheckcashing": 0,
                "markings": 1,
                "markings2": 1,
                "vehsigs": 1,
                "vehsigs2": 1,
                "vehlanestotrecoded": 4,
                "trafcalmtot": 0,
                "markingsint": 2,
                "markingsint2": 2,
                "vehsigsint": 2,
                "vehsigs2int": 2,
                "medianint": 1,
                "trafcalmtotint": 0,
                "midcrsmarkint": 0,
                "strpmalllnt": 0,
                "retrestint": 2,
                "commothrint": 0,
                "restarntint": 0,
                "coffshopint": 0,
                "cornerstint": 0,
                "moviethint": 0,
                "barsclubint": 0,
                "culsacpedptint": 0,
                "StreetName": "Annapolis Rd",
                "IntersectionA": "Annapolis Rd & Stonybrook Dr",
                "IntersectionB": "Annapolis Rd & Belair Dr",
                "name_osm": "Annapolis Road",
                "intersc1": "Annapolis Rd & Stonybrook Dr",
                "intersc2": "Annapolis Rd & Belair Dr",
                "tract_geoid": "24033800402",
                "tract_name": "Census Tract 8004.02",
                "STATEFP": "24",
                "COUNTYFP": "033",
                "n_tracts": 1,
                "tract_share": 1.0,
                "match": "overlay",
                "total_pop": 5096.0,
                "median_hh_income": 121043.0,
                "median_home_value": 408100.0,
                "commuters_total": 2683.0,
                "commuters_transit": 131.0,
                "renter_no_vehicle": 35.0,
                "Unnamed: 0": 44,
                "form3norm": 70.79580688,
                "dens2norm": 36.92466736,
                "prox3norm": 12.74203205,
                "conn6norm": 73.1760025,
                "parks2norm": 100.0,
                "peds4norm": 26.25033569,
                "safenorm": 78.05537415000001,
                "traffic5norm": 63.97271474,
                "aesttot3norm": 51.34588623,
                "paf2norm": 54.27074432,
                "sop7norm": 62.17551959,
                " ": 0,
                "arcades_y": 0,
                "attrtve_y": 2,
                "awnings_y": 0,
                "barsclub_y": 0,
                "beach_y": 0,
                "benches_y": 0,
                "bigbox_y": 0,
                "bikelane_y": 0,
                "bikerack_y": 0,
                "bikeretl_y": 0,
                "bikeshre_y": 0,
                "billbrd_y": 0,
                "bklntype_y": 0,
                "blnkwall_y": 0,
                "buffboll_y": 0,
                "bufffence_y": 0,
                "buffpkcr_y": 0,
                "buffsttr_y": 0,
                "busstops_y": 0,
                "cardeal_y": 0,
                "chainstre_y": 0,
                "chckcash_y": 0,
                "civother_y": 0,
                "coffshop_y": 0,
                "college_y": 0,
                "comctlib_y": 0,
                "condoapt_y": 0,
                "cornerst_y": 0,
                "crosing2_y": 2,
                "croswalk_y": 2,
                "dining_y": 0,
                "dogs_y": 0,
                "driveway_y": 0,
                "drivthru_y": 0,
                "dumpster_y": 0,
                "farnermk_y": 0,
                "fastfood_y": 1,
                "financl_y": 0,
                "flatslpe_y": 1,
                "gasserv_y": 0,
                "gated_y": 0,
                "grafitti_y": 0,
                "gymfitns_y": 1,
                "hardgood_y": 0,
                "highschl_y": 1,
                "hotelhos_y": 0,
                "indsothr_y": 0,
                "insother_y": 0,
                "kinder_y": 0,
                "libbkstr_y": 0,
                "lighting_y": 1,
                "liquorst_y": 0,
                "litter_y": 0,
                "localstre_y": 0,
                "mdhvind_y": 0,
                "medicine_y": 0,
                "midblock_y": 0,
                "mlgrcer_y": 0,
                "mntbuild_y": 0,
                "movieth_y": 0,
                "mustheat_y": 0,
                "offices_y": 0,
                "ofseroth_y": 0,
                "othrrtail_y": 0,
                "othrsdwk_y": 0,
                "parkplay_y": 2,
                "pedcrs2_y": 0,
                "pedcrssgn_y": 0,
                "playsprt_y": 2,
                "plazasq_y": 0,
                "prctpkng_y": 2,
                "prdusprk_y": 0,
                "primschl_y": 0,
                "prmntbldgh_y": 0,
                "pubart_y": 0,
                "pubcivic_y": 0,
                "pubgardn_y": 0,
                "pubrestr_y": 0,
                "recoher_y": 0,
                "religion_y": 0,
                "restarnt_y": 0,
                "restaurant_y": 0,
                "schother_y": 0,
                "scndschl_y": 0,
                "sdwkcomp_y": 2,
                "sdwkshde_y": 0,
                "service_y": 0,
                "sfhatach_y": 0,
                "shopmall_y": 0,
                "sidewalk_y": 2,
                "sizeparkimi2_y": 2,
                "softgood_y": 0,
                "stopsgn2_y": 0,
                "stopsign_y": 0,
                "strpmall_y": 0,
                "strttree_y": 1,
                "stvendor_y": 0,
                "surfpkng_y": 2,
                "townhome_y": 0,
                "traffsig_y": 1,
                "trafsgn2_y": 1,
                "trcmpark_y": 0,
                "undevlnd_y": 0,
                "vehlanes_y": 4,
                "vermixus_y": 0,
                "pedactsgn_y": 0,
                "pedact2_y": 0,
                "smlgrcer_y": 0,
                "gateaccs_y": 0,
                "sdwkpave_y": 0,
                "diffrdsf_y": 0,
                "dfrdsf2_y": 0,
                "cmother_y": 1,
                "zebrastp_y": 1,
                "crsothr2_y": 1,
                "zebra2_y": 1,
                "trafcrcl_y": 0,
                "rumblesp_y": 0,
                "spdbump_y": 0,
                "pbspothr_y": 0,
                "prctbldg_y": 1,
                "swptcoth_y": 0,
                "heatlamp_y": 0,
                "pedstreet_y": 0,
                "banners_y": 0
            },
            "geometry": {
                "type": "LineString",
                "coordinates": [
                    [
                        -76.737684505082527,
                        38.978640971681344
                    ],
                    [
                        -76.741525181800199,
                        38.977515564085003
                    ]
                ]
            }
        },
        {
            "type": "Feature",
            "properties": {
                "sgmntid": 47,
                "name_2": "Annapolis Rd",
                "id": 47,
                "intersection_1_location": "38.97989142456616,-76.73323646553509",
                "intersection_2_location": "38.980873923261385,-76.73073555976544",
                "neighborhood": "Route 450 Mainstreet",
                "Group": "Route 450 Mainstreet",
                "layer": "Bowie_CustomMarked",
                "location_id": 47,
                "form3": 52.70896149,
                "dens2": 36.92466736,
                "prox3": 7.218222141,
                "conn6": 73.1760025,
                "parks2": 22.30431398,
                "peds4": 29.87524223,
                "safe": 78.05537415000001,
                "traffic5": 33.10763168,
                "aesttot3": 40.49880981,
                "paf2": 8.0036898e-06,
                "sopindex7": 34.72367115,
                "zscored_form3": 9.618127823,
                "zscored_dens2": -2.046435595,
                "zscored_prox3": -2.378357649,
                "zscored_conn6": 1.005057454,
                "zscored_parks2": 3.143144959,
                "zscored_peds4": -2.087822676,
                "zscored_safe": -0.1753524542,
                "zscored_traffic5": -10.94710159,
                "zscored_aesttot3": -5.728956699,
                "zscored_paf2": -0.4590791464,
                "zscored_sopindex7": -31.30314601,
                "country": "USA",
                "state": "Maryland",
                "city": "Bowie",
                "surfpkng_x": 1,
                "sizeparkimi2_x": 2,
                "prctpkng_x": 2,
                "adultuse": 0,
                "arcades_x": 0,
                "attrtve_x": 1,
                "awnings_x": 0,
                "barsclub_x": 0,
                "beach_x": 0,
                "benches_x": 0,
                "bigbox_x": 1,
                "bikelane_x": 0,
                "bikerack_x": 0,
                "bikeretl_x": 0,
                "bikeshre_x": 0,
                "billbrd_x": 1,
                "bklntype_x": 0,
                "blnkwall_x": 0,
                "buffboll_x": 0,
                "bufffence_x": 0,
                "buffpkcr_x": 0,
                "buffsttr_x": 0,
                "busstops_x": 0,
                "cardeal_x": 0,
                "chainstre_x": 1,
                "chckcash_x": 0,
                "civother_x": 0,
                "coffshop_x": 0,
                "college_x": 0,
                "comctlib_x": 0,
                "condoapt_x": 0,
                "cornerst_x": 0,
                "crosing2_x": 0,
                "croswalk_x": 2,
                "dining_x": 0,
                "dogs_x": 0,
                "driveway_x": 0,
                "drivthru_x": 0,
                "dumpster_x": 0,
                "farnermk_x": 0,
                "fastfood_x": 1,
                "financl_x": 0,
                "flatslpe_x": 1,
                "gasserv_x": 0,
                "gated_x": 0,
                "grafitti_x": 0,
                "gymfitns_x": 0,
                "hardgood_x": 0,
                "highschl_x": 0,
                "hotelhos_x": 0,
                "indsothr_x": 0,
                "insother_x": 0,
                "kinder_x": 0,
                "libbkstr_x": 0,
                "lighting_x": 1,
                "liquorst_x": 0,
                "litter_x": 0,
                "localstre_x": 0,
                "mdhvind_x": 0,
                "medicine_x": 0,
                "midblock_x": 0,
                "mlgrcer_x": 0,
                "mntbuild_x": 0,
                "movieth_x": 0,
                "mustheat_x": 0,
                "offices_x": 0,
                "ofseroth_x": 0,
                "othrrtail_x": 0,
                "othrsdwk_x": 1,
                "parkplay_x": 2,
                "pedcrs2_x": 0,
                "pedcrssgn_x": 0,
                "playsprt_x": 0,
                "plazasq_x": 0,
                "prdusprk_x": 0,
                "primschl_x": 0,
                "prmntbldgh_x": 0,
                "pubart_x": 0,
                "pubcivic_x": 0,
                "pubgardn_x": 0,
                "pubrestr_x": 0,
                "recoher_x": 0,
                "religion_x": 0,
                "restarnt_x": 0,
                "restaurant_x": 0,
                "schother_x": 0,
                "scndschl_x": 0,
                "sdwkcomp_x": 1,
                "sdwkshde_x": 0,
                "service_x": 1,
                "sfhatach_x": 0,
                "shopmall_x": 0,
                "sidewalk_x": 1,
                "softgood_x": 1,
                "stopsgn2_x": 0,
                "stopsign_x": 0,
                "strpmall_x": 0,
                "strttree_x": 1,
                "stvendor_x": 0,
                "townhome_x": 0,
                "traffsig_x": 1,
                "trafsgn2_x": 0,
                "trcmpark_x": 0,
                "undevlnd_x": 0,
                "vehlanes_x": 4,
                "vermixus_x": 0,
                "pedactsgn_x": 0,
                "pedact2_x": 0,
                "smlgrcer_x": 0,
                "gateaccs_x": 0,
                "sdwkpave_x": 0,
                "diffrdsf_x": 0,
                "dfrdsf2_x": 0,
                "cmother_x": 1,
                "zebrastp_x": 1,
                "crsothr2_x": 0,
                "zebra2_x": 0,
                "trafcrcl_x": 0,
                "rumblesp_x": 0,
                "spdbump_x": 0,
                "pbspothr_x": 0,
                "prctbldg_x": 1,
                "swptcoth_x": 0,
                "heatlamp_x": 0,
                "pedstreet_x": 0,
                "banners_x": 0,
                "multifamtot": 0,
                "school": 0,
                "retrest": 1,
                "sdwkbuff": 0,
                "vehlanestot": 4,
                "sixlnrd": 0,
                "sixlnrdrecoded": 0,
                "implndusrecoded": 0,
                "bldgstry": 0,
                "sizeparkimi1": 2,
                "crosswalktot": 2,
                "diffrdsftot": 0,
                "pedactsgntot": 0,
                "pedcssigntot": 0,
                "schooltot": 0,
                "officestot": 1,
                "liquorbaradultcheckcashing": 0,
                "markings": 1,
                "markings2": 0,
                "vehsigs": 1,
                "vehsigs2": 0,
                "vehlanestotrecoded": 4,
                "trafcalmtot": 0,
                "markingsint": 2,
                "markingsint2": -1,
                "vehsigsint": 0,
                "vehsigs2int": -1,
                "medianint": 0,
                "trafcalmtotint": -1,
                "midcrsmarkint": 0,
                "strpmalllnt": 0,
                "retrestint": 1,
                "commothrint": 0,
                "restarntint": 0,
                "coffshopint": 0,
                "cornerstint": 0,
                "moviethint": 0,
                "barsclubint": 0,
                "culsacpedptint": 0,
                "StreetName": "Annapolis Rd",
                "IntersectionA": "Annapolis Rd & Superior Ln",
                "IntersectionB": "Annapolis Rd & Scarlet Oak Terrace",
                "name_osm": "Superior Lane",
                "intersc1": "Annapolis Rd & Superior Ln",
                "intersc2": "Annapolis Rd & Scarlet Oak Terrace",
                "tract_geoid": "24033800402",
                "tract_name": "Census Tract 8004.02",
                "STATEFP": "24",
                "COUNTYFP": "033",
                "n_tracts": 2,
                "tract_share": 0.906,
                "match": "overlay",
                "total_pop": 5096.0,
                "median_hh_income": 121043.0,
                "median_home_value": 408100.0,
                "commuters_total": 2683.0,
                "commuters_transit": 131.0,
                "renter_no_vehicle": 35.0,
                "Unnamed: 0": 45,
                "form3norm": 52.70896149,
                "dens2norm": 36.92466736,
                "prox3norm": 7.218222141,
                "conn6norm": 73.1760025,
                "parks2norm": 22.30431398,
                "peds4norm": 29.87524223,
                "safenorm": 78.05537415000001,
                "traffic5norm": 44.71256937,
                "aesttot3norm": 40.49880981,
                "paf2norm": 8.0036898e-06,
                "sop7norm": 37.16607933,
                " ": 0,
                "arcades_y": 0,
                "attrtve_y": 1,
                "awnings_y": 0,
                "barsclub_y": 0,
                "beach_y": 0,
                "benches_y": 0,
                "bigbox_y": 1,
                "bikelane_y": 0,
                "bikerack_y": 0,
                "bikeretl_y": 0,
                "bikeshre_y": 0,
                "billbrd_y": 1,
                "bklntype_y": 0,
                "blnkwall_y": 0,
                "buffboll_y": 0,
                "bufffence_y": 0,
                "buffpkcr_y": 0,
                "buffsttr_y": 0,
                "busstops_y": 0,
                "cardeal_y": 0,
                "chainstre_y": 1,
                "chckcash_y": 0,
                "civother_y": 0,
                "coffshop_y": 0,
                "college_y": 0,
                "comctlib_y": 0,
                "condoapt_y": 0,
                "cornerst_y": 0,
                "crosing2_y": 0,
                "croswalk_y": 2,
                "dining_y": 0,
                "dogs_y": 0,
                "driveway_y": 0,
                "drivthru_y": 0,
                "dumpster_y": 0,
                "farnermk_y": 0,
                "fastfood_y": 1,
                "financl_y": 0,
                "flatslpe_y": 1,
                "gasserv_y": 0,
                "gated_y": 0,
                "grafitti_y": 0,
                "gymfitns_y": 0,
                "hardgood_y": 0,
                "highschl_y": 0,
                "hotelhos_y": 0,
                "indsothr_y": 0,
                "insother_y": 0,
                "kinder_y": 0,
                "libbkstr_y": 0,
                "lighting_y": 1,
                "liquorst_y": 0,
                "litter_y": 0,
                "localstre_y": 0,
                "mdhvind_y": 0,
                "medicine_y": 0,
                "midblock_y": 0,
                "mlgrcer_y": 0,
                "mntbuild_y": 0,
                "movieth_y": 0,
                "mustheat_y": 0,
                "offices_y": 0,
                "ofseroth_y": 0,
                "othrrtail_y": 0,
                "othrsdwk_y": 1,
                "parkplay_y": 2,
                "pedcrs2_y": 0,
                "pedcrssgn_y": 0,
                "playsprt_y": 0,
                "plazasq_y": 0,
                "prctpkng_y": 2,
                "prdusprk_y": 0,
                "primschl_y": 0,
                "prmntbldgh_y": 0,
                "pubart_y": 0,
                "pubcivic_y": 0,
                "pubgardn_y": 0,
                "pubrestr_y": 0,
                "recoher_y": 0,
                "religion_y": 0,
                "restarnt_y": 0,
                "restaurant_y": 0,
                "schother_y": 0,
                "scndschl_y": 0,
                "sdwkcomp_y": 1,
                "sdwkshde_y": 0,
                "service_y": 1,
                "sfhatach_y": 0,
                "shopmall_y": 0,
                "sidewalk_y": 1,
                "sizeparkimi2_y": 2,
                "softgood_y": 1,
                "stopsgn2_y": 0,
                "stopsign_y": 0,
                "strpmall_y": 0,
                "strttree_y": 1,
                "stvendor_y": 0,
                "surfpkng_y": 1,
                "townhome_y": 0,
                "traffsig_y": 1,
                "trafsgn2_y": 0,
                "trcmpark_y": 0,
                "undevlnd_y": 0,
                "vehlanes_y": 4,
                "vermixus_y": 0,
                "pedactsgn_y": 0,
                "pedact2_y": 0,
                "smlgrcer_y": 0,
                "gateaccs_y": 0,
                "sdwkpave_y": 0,
                "diffrdsf_y": 0,
                "dfrdsf2_y": 0,
                "cmother_y": 1,
                "zebrastp_y": 1,
                "crsothr2_y": 0,
                "zebra2_y": 0,
                "trafcrcl_y": 0,
                "rumblesp_y": 0,
                "spdbump_y": 0,
                "pbspothr_y": 0,
                "prctbldg_y": 1,
                "swptcoth_y": 0,
                "heatlamp_y": 0,
                "pedstreet_y": 0,
                "banners_y": 0
            },
            "geometry": {
                "type": "LineString",
                "coordinates": [
                    [
                        -76.733236465535086,
                        38.979891424566162
                    ],
                    [
                        -76.730735559765435,
                        38.980873923261385
                    ]
                ]
            }
        },
        {
            "type": "Feature",
            "properties": {
                "sgmntid": 48,
                "name_2": "Annapolis Rd",
                "id": 48,
                "intersection_1_location": "38.97990035637249,-76.73341956756465",
                "intersection_2_location": "38.980856059648744,-76.73431274819667",
                "neighborhood": "Route 450 Mainstreet",
                "Group": "Route 450 Mainstreet",
                "layer": "Bowie_CustomMarked",
                "location_id": 48,
                "form3": 47.28638077,
                "dens2": 36.92466736,
                "prox3": 7.218222141,
                "conn6": 80.5850296,
                "parks2": 0.0,
                "peds4": 36.21209717,
                "safe": 78.05537415000001,
                "traffic5": 68.3815918,
                "aesttot3": 37.35628891,
                "paf2": 8.0036898e-06,
                "sopindex7": 40.19953321,
                "zscored_form3": 11.72706032,
                "zscored_dens2": -2.046435595,
                "zscored_prox3": -2.378357649,
                "zscored_conn6": -0.4574847817,
                "zscored_parks2": -1.480694154,
                "zscored_peds4": 1.240139484,
                "zscored_safe": -0.1753524542,
                "zscored_traffic5": 4.067274094,
                "zscored_aesttot3": -7.726413727,
                "zscored_paf2": -0.4590791464,
                "zscored_sopindex7": -20.22849427,
                "country": "USA",
                "state": "Maryland",
                "city": "Bowie",
                "surfpkng_x": 2,
                "sizeparkimi2_x": 3,
                "prctpkng_x": 2,
                "adultuse": 0,
                "arcades_x": 0,
                "attrtve_x": 1,
                "awnings_x": 0,
                "barsclub_x": 0,
                "beach_x": 0,
                "benches_x": 0,
                "bigbox_x": 1,
                "bikelane_x": 1,
                "bikerack_x": 0,
                "bikeretl_x": 0,
                "bikeshre_x": 0,
                "billbrd_x": 1,
                "bklntype_x": 2,
                "blnkwall_x": 0,
                "buffboll_x": 0,
                "bufffence_x": 0,
                "buffpkcr_x": 0,
                "buffsttr_x": 0,
                "busstops_x": 0,
                "cardeal_x": 0,
                "chainstre_x": 1,
                "chckcash_x": 0,
                "civother_x": 0,
                "coffshop_x": 0,
                "college_x": 0,
                "comctlib_x": 0,
                "condoapt_x": 0,
                "cornerst_x": 0,
                "crosing2_x": 0,
                "croswalk_x": 1,
                "dining_x": 0,
                "dogs_x": 0,
                "driveway_x": 0,
                "drivthru_x": 0,
                "dumpster_x": 0,
                "farnermk_x": 0,
                "fastfood_x": 1,
                "financl_x": 0,
                "flatslpe_x": 1,
                "gasserv_x": 0,
                "gated_x": 0,
                "grafitti_x": 0,
                "gymfitns_x": 0,
                "hardgood_x": 1,
                "highschl_x": 0,
                "hotelhos_x": 0,
                "indsothr_x": 0,
                "insother_x": 0,
                "kinder_x": 0,
                "libbkstr_x": 0,
                "lighting_x": 1,
                "liquorst_x": 0,
                "litter_x": 0,
                "localstre_x": 1,
                "mdhvind_x": 0,
                "medicine_x": 0,
                "midblock_x": 0,
                "mlgrcer_x": 0,
                "mntbuild_x": 0,
                "movieth_x": 0,
                "mustheat_x": 0,
                "offices_x": 0,
                "ofseroth_x": 0,
                "othrrtail_x": 0,
                "othrsdwk_x": 1,
                "parkplay_x": 0,
                "pedcrs2_x": 0,
                "pedcrssgn_x": 0,
                "playsprt_x": 0,
                "plazasq_x": 0,
                "prdusprk_x": 0,
                "primschl_x": 0,
                "prmntbldgh_x": 0,
                "pubart_x": 0,
                "pubcivic_x": 0,
                "pubgardn_x": 0,
                "pubrestr_x": 0,
                "recoher_x": 0,
                "religion_x": 0,
                "restarnt_x": 0,
                "restaurant_x": 1,
                "schother_x": 0,
                "scndschl_x": 0,
                "sdwkcomp_x": 0,
                "sdwkshde_x": 0,
                "service_x": 1,
                "sfhatach_x": 0,
                "shopmall_x": 0,
                "sidewalk_x": 1,
                "softgood_x": 1,
                "stopsgn2_x": 1,
                "stopsign_x": 0,
                "strpmall_x": 0,
                "strttree_x": 1,
                "stvendor_x": 0,
                "townhome_x": 0,
                "traffsig_x": 1,
                "trafsgn2_x": 0,
                "trcmpark_x": 1,
                "undevlnd_x": 0,
                "vehlanes_x": 2,
                "vermixus_x": 0,
                "pedactsgn_x": 0,
                "pedact2_x": 0,
                "smlgrcer_x": 0,
                "gateaccs_x": 0,
                "sdwkpave_x": 0,
                "diffrdsf_x": 0,
                "dfrdsf2_x": 0,
                "cmother_x": 1,
                "zebrastp_x": 0,
                "crsothr2_x": 1,
                "zebra2_x": 0,
                "trafcrcl_x": 0,
                "rumblesp_x": 0,
                "spdbump_x": 0,
                "pbspothr_x": 0,
                "prctbldg_x": 1,
                "swptcoth_x": 0,
                "heatlamp_x": 0,
                "pedstreet_x": 0,
                "banners_x": 0,
                "multifamtot": 0,
                "school": 0,
                "retrest": 1,
                "sdwkbuff": 0,
                "vehlanestot": 2,
                "sixlnrd": 0,
                "sixlnrdrecoded": 0,
                "implndusrecoded": 0,
                "bldgstry": 0,
                "sizeparkimi1": 3,
                "crosswalktot": 1,
                "diffrdsftot": 0,
                "pedactsgntot": 0,
                "pedcssigntot": 0,
                "schooltot": 0,
                "officestot": 1,
                "liquorbaradultcheckcashing": 0,
                "markings": 1,
                "markings2": 1,
                "vehsigs": 1,
                "vehsigs2": 1,
                "vehlanestotrecoded": 2,
                "trafcalmtot": 0,
                "markingsint": 2,
                "markingsint2": 2,
                "vehsigsint": 0,
                "vehsigs2int": 2,
                "medianint": 0,
                "trafcalmtotint": 1,
                "midcrsmarkint": 0,
                "strpmalllnt": 0,
                "retrestint": 1,
                "commothrint": 0,
                "restarntint": 0,
                "coffshopint": 0,
                "cornerstint": 0,
                "moviethint": 0,
                "barsclubint": 0,
                "culsacpedptint": 0,
                "StreetName": "Annapolis Rd",
                "IntersectionA": "Annapolis Rd & 15660 Annapolis Rd",
                "IntersectionB": "Annapolis Rd & 15500 Annapolis Rd",
                "name_osm": "Superior Lane",
                "intersc1": "Annapolis Rd & 15660 Annapolis Rd",
                "intersc2": "Annapolis Rd & 15500 Annapolis Rd",
                "tract_geoid": "24033800402",
                "tract_name": "Census Tract 8004.02",
                "STATEFP": "24",
                "COUNTYFP": "033",
                "n_tracts": 1,
                "tract_share": 1.0,
                "match": "overlay",
                "total_pop": 5096.0,
                "median_hh_income": 121043.0,
                "median_home_value": 408100.0,
                "commuters_total": 2683.0,
                "commuters_transit": 131.0,
                "renter_no_vehicle": 35.0,
                "Unnamed: 0": 46,
                "form3norm": 47.28638077,
                "dens2norm": 42.81651306,
                "prox3norm": 11.50110626,
                "conn6norm": 80.5850296,
                "parks2norm": 0.0,
                "peds4norm": 36.21209717,
                "safenorm": 78.05537415000001,
                "traffic5norm": 57.01868435,
                "aesttot3norm": 42.73697662,
                "paf2norm": 8.0036898e-06,
                "sop7norm": 40.85353582,
                " ": 0,
                "arcades_y": 0,
                "attrtve_y": 1,
                "awnings_y": 0,
                "barsclub_y": 0,
                "beach_y": 0,
                "benches_y": 0,
                "bigbox_y": 1,
                "bikelane_y": 1,
                "bikerack_y": 0,
                "bikeretl_y": 0,
                "bikeshre_y": 0,
                "billbrd_y": 1,
                "bklntype_y": 2,
                "blnkwall_y": 0,
                "buffboll_y": 0,
                "bufffence_y": 0,
                "buffpkcr_y": 0,
                "buffsttr_y": 0,
                "busstops_y": 0,
                "cardeal_y": 0,
                "chainstre_y": 1,
                "chckcash_y": 0,
                "civother_y": 0,
                "coffshop_y": 0,
                "college_y": 0,
                "comctlib_y": 0,
                "condoapt_y": 0,
                "cornerst_y": 0,
                "crosing2_y": 0,
                "croswalk_y": 1,
                "dining_y": 1,
                "dogs_y": 0,
                "driveway_y": 0,
                "drivthru_y": 0,
                "dumpster_y": 0,
                "farnermk_y": 0,
                "fastfood_y": 1,
                "financl_y": 0,
                "flatslpe_y": 1,
                "gasserv_y": 0,
                "gated_y": 0,
                "grafitti_y": 0,
                "gymfitns_y": 0,
                "hardgood_y": 1,
                "highschl_y": 0,
                "hotelhos_y": 0,
                "indsothr_y": 0,
                "insother_y": 0,
                "kinder_y": 0,
                "libbkstr_y": 0,
                "lighting_y": 1,
                "liquorst_y": 0,
                "litter_y": 0,
                "localstre_y": 1,
                "mdhvind_y": 0,
                "medicine_y": 0,
                "midblock_y": 0,
                "mlgrcer_y": 0,
                "mntbuild_y": 0,
                "movieth_y": 0,
                "mustheat_y": 0,
                "offices_y": 0,
                "ofseroth_y": 0,
                "othrrtail_y": 0,
                "othrsdwk_y": 1,
                "parkplay_y": 0,
                "pedcrs2_y": 0,
                "pedcrssgn_y": 0,
                "playsprt_y": 0,
                "plazasq_y": 0,
                "prctpkng_y": 2,
                "prdusprk_y": 0,
                "primschl_y": 0,
                "prmntbldgh_y": 1,
                "pubart_y": 0,
                "pubcivic_y": 0,
                "pubgardn_y": 0,
                "pubrestr_y": 0,
                "recoher_y": 0,
                "religion_y": 0,
                "restarnt_y": 1,
                "restaurant_y": 1,
                "schother_y": 0,
                "scndschl_y": 0,
                "sdwkcomp_y": 0,
                "sdwkshde_y": 0,
                "service_y": 1,
                "sfhatach_y": 0,
                "shopmall_y": 0,
                "sidewalk_y": 1,
                "sizeparkimi2_y": 3,
                "softgood_y": 1,
                "stopsgn2_y": 1,
                "stopsign_y": 0,
                "strpmall_y": 0,
                "strttree_y": 1,
                "stvendor_y": 0,
                "surfpkng_y": 2,
                "townhome_y": 0,
                "traffsig_y": 1,
                "trafsgn2_y": 0,
                "trcmpark_y": 0,
                "undevlnd_y": 0,
                "vehlanes_y": 2,
                "vermixus_y": 0,
                "pedactsgn_y": 0,
                "pedact2_y": 0,
                "smlgrcer_y": 0,
                "gateaccs_y": 0,
                "sdwkpave_y": 0,
                "diffrdsf_y": 0,
                "dfrdsf2_y": 0,
                "cmother_y": 1,
                "zebrastp_y": 0,
                "crsothr2_y": 1,
                "zebra2_y": 0,
                "trafcrcl_y": 0,
                "rumblesp_y": 0,
                "spdbump_y": 0,
                "pbspothr_y": 0,
                "prctbldg_y": 1,
                "swptcoth_y": 0,
                "heatlamp_y": 0,
                "pedstreet_y": 0,
                "banners_y": 0
            },
            "geometry": {
                "type": "LineString",
                "coordinates": [
                    [
                        -76.733419567564653,
                        38.97990035637249
                    ],
                    [
                        -76.734312748196672,
                        38.980856059648744
                    ]
                ]
            }
        },
        {
            "type": "Feature",
            "properties": {
                "sgmntid": 49,
                "name_2": "Annapolis Rd",
                "id": 49,
                "intersection_1_location": "38.980864991455064,-76.73432168000299",
                "intersection_2_location": "38.98150808151012,-76.73487545199484",
                "neighborhood": "Route 450 Mainstreet",
                "Group": "Route 450 Mainstreet",
                "layer": "Bowie_CustomMarked",
                "location_id": 49,
                "form3": 26.44628334,
                "dens2": 49.578125,
                "prox3": 2.794286013,
                "conn6": 80.5850296,
                "parks2": 0.0,
                "peds4": 30.26624107,
                "safe": 78.05537415000001,
                "traffic5": 45.93260193,
                "aesttot3": 43.13660431,
                "paf2": 8.0036898e-06,
                "sopindex7": 31.81089127,
                "zscored_form3": 19.83213043,
                "zscored_dens2": -0.03905797005,
                "zscored_prox3": -4.242321968,
                "zscored_conn6": -0.4574847817,
                "zscored_parks2": -1.480694154,
                "zscored_peds4": -1.882480621,
                "zscored_safe": -0.1753524542,
                "zscored_traffic5": -5.488147259,
                "zscored_aesttot3": -4.052316189,
                "zscored_paf2": -0.4590791464,
                "zscored_sopindex7": -37.19409476,
                "country": "USA",
                "state": "Maryland",
                "city": "Bowie",
                "surfpkng_x": 2,
                "sizeparkimi2_x": 3,
                "prctpkng_x": 2,
                "adultuse": 0,
                "arcades_x": 0,
                "attrtve_x": 1,
                "awnings_x": 0,
                "barsclub_x": 0,
                "beach_x": 0,
                "benches_x": 0,
                "bigbox_x": 1,
                "bikelane_x": 1,
                "bikerack_x": 0,
                "bikeretl_x": 0,
                "bikeshre_x": 0,
                "billbrd_x": 0,
                "bklntype_x": 2,
                "blnkwall_x": 0,
                "buffboll_x": 0,
                "bufffence_x": 0,
                "buffpkcr_x": 0,
                "buffsttr_x": 0,
                "busstops_x": 0,
                "cardeal_x": 0,
                "chainstre_x": 1,
                "chckcash_x": 0,
                "civother_x": 0,
                "coffshop_x": 0,
                "college_x": 0,
                "comctlib_x": 0,
                "condoapt_x": 0,
                "cornerst_x": 0,
                "crosing2_x": 0,
                "croswalk_x": 0,
                "dining_x": 0,
                "dogs_x": 0,
                "driveway_x": 0,
                "drivthru_x": 0,
                "dumpster_x": 0,
                "farnermk_x": 0,
                "fastfood_x": 0,
                "financl_x": 0,
                "flatslpe_x": 1,
                "gasserv_x": 0,
                "gated_x": 0,
                "grafitti_x": 0,
                "gymfitns_x": 0,
                "hardgood_x": 0,
                "highschl_x": 0,
                "hotelhos_x": 0,
                "indsothr_x": 0,
                "insother_x": 0,
                "kinder_x": 0,
                "libbkstr_x": 0,
                "lighting_x": 1,
                "liquorst_x": 0,
                "litter_x": 0,
                "localstre_x": 0,
                "mdhvind_x": 0,
                "medicine_x": 0,
                "midblock_x": 0,
                "mlgrcer_x": 0,
                "mntbuild_x": 0,
                "movieth_x": 0,
                "mustheat_x": 0,
                "offices_x": 0,
                "ofseroth_x": 0,
                "othrrtail_x": 0,
                "othrsdwk_x": 0,
                "parkplay_x": 0,
                "pedcrs2_x": 0,
                "pedcrssgn_x": 0,
                "playsprt_x": 0,
                "plazasq_x": 0,
                "prdusprk_x": 0,
                "primschl_x": 0,
                "prmntbldgh_x": 0,
                "pubart_x": 0,
                "pubcivic_x": 0,
                "pubgardn_x": 0,
                "pubrestr_x": 0,
                "recoher_x": 0,
                "religion_x": 0,
                "restarnt_x": 0,
                "restaurant_x": 0,
                "schother_x": 0,
                "scndschl_x": 0,
                "sdwkcomp_x": 0,
                "sdwkshde_x": 0,
                "service_x": 0,
                "sfhatach_x": 0,
                "shopmall_x": 0,
                "sidewalk_x": 1,
                "softgood_x": 0,
                "stopsgn2_x": 1,
                "stopsign_x": 0,
                "strpmall_x": 1,
                "strttree_x": 1,
                "stvendor_x": 0,
                "townhome_x": 1,
                "traffsig_x": 0,
                "trafsgn2_x": 0,
                "trcmpark_x": 0,
                "undevlnd_x": 0,
                "vehlanes_x": 2,
                "vermixus_x": 0,
                "pedactsgn_x": 0,
                "pedact2_x": 0,
                "smlgrcer_x": 0,
                "gateaccs_x": 0,
                "sdwkpave_x": 0,
                "diffrdsf_x": 0,
                "dfrdsf2_x": 0,
                "cmother_x": 1,
                "zebrastp_x": 0,
                "crsothr2_x": 0,
                "zebra2_x": 0,
                "trafcrcl_x": 0,
                "rumblesp_x": 0,
                "spdbump_x": 0,
                "pbspothr_x": 0,
                "prctbldg_x": 1,
                "swptcoth_x": 0,
                "heatlamp_x": 0,
                "pedstreet_x": 0,
                "banners_x": 0,
                "multifamtot": 1,
                "school": 0,
                "retrest": 1,
                "sdwkbuff": 0,
                "vehlanestot": 2,
                "sixlnrd": 0,
                "sixlnrdrecoded": 0,
                "implndusrecoded": 0,
                "bldgstry": 0,
                "sizeparkimi1": 3,
                "crosswalktot": 0,
                "diffrdsftot": 0,
                "pedactsgntot": 0,
                "pedcssigntot": 0,
                "schooltot": 0,
                "officestot": 0,
                "liquorbaradultcheckcashing": 0,
                "markings": 1,
                "markings2": 0,
                "vehsigs": 0,
                "vehsigs2": 1,
                "vehlanestotrecoded": 2,
                "trafcalmtot": 0,
                "markingsint": 2,
                "markingsint2": 1,
                "vehsigsint": 1,
                "vehsigs2int": 0,
                "medianint": 0,
                "trafcalmtotint": -1,
                "midcrsmarkint": 0,
                "strpmalllnt": 1,
                "retrestint": 1,
                "commothrint": 0,
                "restarntint": 0,
                "coffshopint": 0,
                "cornerstint": 0,
                "moviethint": 0,
                "barsclubint": 0,
                "culsacpedptint": 0,
                "StreetName": "Annapolis Rd",
                "IntersectionA": "Annapolis Rd & 15500 Annapolis Rd",
                "IntersectionB": "Annapolis Rd & 15500 Annapolis Rd",
                "name_osm": null,
                "intersc1": "Annapolis Rd & 15500 Annapolis Rd",
                "intersc2": "Annapolis Rd & 15500 Annapolis Rd",
                "tract_geoid": "24033800402",
                "tract_name": "Census Tract 8004.02",
                "STATEFP": "24",
                "COUNTYFP": "033",
                "n_tracts": 1,
                "tract_share": 1.0,
                "match": "overlay",
                "total_pop": 5096.0,
                "median_hh_income": 121043.0,
                "median_home_value": 408100.0,
                "commuters_total": 2683.0,
                "commuters_transit": 131.0,
                "renter_no_vehicle": 35.0,
                "Unnamed: 0": 47,
                "form3norm": 26.44628334,
                "dens2norm": 55.40965652,
                "prox3norm": 2.794286013,
                "conn6norm": 80.5850296,
                "parks2norm": 0.0,
                "peds4norm": 30.26624107,
                "safenorm": 78.05537415000001,
                "traffic5norm": 45.11961856,
                "aesttot3norm": 43.13660431,
                "paf2norm": 8.0036898e-06,
                "sop7norm": 32.09721801,
                " ": 0,
                "arcades_y": 0,
                "attrtve_y": 1,
                "awnings_y": 0,
                "barsclub_y": 0,
                "beach_y": 0,
                "benches_y": 0,
                "bigbox_y": 1,
                "bikelane_y": 1,
                "bikerack_y": 0,
                "bikeretl_y": 0,
                "bikeshre_y": 0,
                "billbrd_y": 0,
                "bklntype_y": 2,
                "blnkwall_y": 0,
                "buffboll_y": 0,
                "bufffence_y": 0,
                "buffpkcr_y": 0,
                "buffsttr_y": 0,
                "busstops_y": 0,
                "cardeal_y": 0,
                "chainstre_y": 1,
                "chckcash_y": 0,
                "civother_y": 0,
                "coffshop_y": 0,
                "college_y": 0,
                "comctlib_y": 0,
                "condoapt_y": 0,
                "cornerst_y": 0,
                "crosing2_y": 0,
                "croswalk_y": 0,
                "dining_y": 0,
                "dogs_y": 0,
                "driveway_y": 0,
                "drivthru_y": 0,
                "dumpster_y": 0,
                "farnermk_y": 0,
                "fastfood_y": 0,
                "financl_y": 0,
                "flatslpe_y": 1,
                "gasserv_y": 0,
                "gated_y": 0,
                "grafitti_y": 0,
                "gymfitns_y": 0,
                "hardgood_y": 0,
                "highschl_y": 0,
                "hotelhos_y": 0,
                "indsothr_y": 0,
                "insother_y": 0,
                "kinder_y": 0,
                "libbkstr_y": 0,
                "lighting_y": 1,
                "liquorst_y": 0,
                "litter_y": 0,
                "localstre_y": 0,
                "mdhvind_y": 0,
                "medicine_y": 0,
                "midblock_y": 0,
                "mlgrcer_y": 0,
                "mntbuild_y": 0,
                "movieth_y": 0,
                "mustheat_y": 0,
                "offices_y": 0,
                "ofseroth_y": 0,
                "othrrtail_y": 0,
                "othrsdwk_y": 0,
                "parkplay_y": 0,
                "pedcrs2_y": 0,
                "pedcrssgn_y": 0,
                "playsprt_y": 0,
                "plazasq_y": 0,
                "prctpkng_y": 2,
                "prdusprk_y": 0,
                "primschl_y": 0,
                "prmntbldgh_y": 1,
                "pubart_y": 0,
                "pubcivic_y": 0,
                "pubgardn_y": 0,
                "pubrestr_y": 0,
                "recoher_y": 0,
                "religion_y": 0,
                "restarnt_y": 0,
                "restaurant_y": 0,
                "schother_y": 0,
                "scndschl_y": 0,
                "sdwkcomp_y": 0,
                "sdwkshde_y": 0,
                "service_y": 0,
                "sfhatach_y": 0,
                "shopmall_y": 0,
                "sidewalk_y": 1,
                "sizeparkimi2_y": 3,
                "softgood_y": 0,
                "stopsgn2_y": 1,
                "stopsign_y": 0,
                "strpmall_y": 1,
                "strttree_y": 1,
                "stvendor_y": 0,
                "surfpkng_y": 2,
                "townhome_y": 1,
                "traffsig_y": 0,
                "trafsgn2_y": 0,
                "trcmpark_y": 0,
                "undevlnd_y": 0,
                "vehlanes_y": 2,
                "vermixus_y": 0,
                "pedactsgn_y": 0,
                "pedact2_y": 0,
                "smlgrcer_y": 0,
                "gateaccs_y": 0,
                "sdwkpave_y": 0,
                "diffrdsf_y": 0,
                "dfrdsf2_y": 0,
                "cmother_y": 1,
                "zebrastp_y": 0,
                "crsothr2_y": 0,
                "zebra2_y": 0,
                "trafcrcl_y": 0,
                "rumblesp_y": 0,
                "spdbump_y": 0,
                "pbspothr_y": 0,
                "prctbldg_y": 1,
                "swptcoth_y": 0,
                "heatlamp_y": 0,
                "pedstreet_y": 0,
                "banners_y": 0
            },
            "geometry": {
                "type": "LineString",
                "coordinates": [
                    [
                        -76.734321680002992,
                        38.980864991455064
                    ],
                    [
                        -76.734875451994839,
                        38.981508081510121
                    ]
                ]
            }
        },
        {
            "type": "Feature",
            "properties": {
                "sgmntid": 50,
                "name_2": "15500 Annapolis Rd",
                "id": 50,
                "intersection_1_location": "38.980847127842424,-76.73433061180931",
                "intersection_2_location": "38.98001646985465,-76.73592940514062",
                "neighborhood": "Route 450 Mainstreet",
                "Group": "Route 450 Mainstreet",
                "layer": "Bowie_CustomMarked",
                "location_id": 50,
                "form3": 26.44628334,
                "dens2": 49.578125,
                "prox3": 2.794286013,
                "conn6": 80.5850296,
                "parks2": 0.0,
                "peds4": 30.26624107,
                "safe": 78.05537415000001,
                "traffic5": 49.31169891,
                "aesttot3": 43.13660431,
                "paf2": 8.0036898e-06,
                "sopindex7": 32.5220652,
                "zscored_form3": 19.83213043,
                "zscored_dens2": -0.03905797005,
                "zscored_prox3": -4.242321968,
                "zscored_conn6": -0.4574847817,
                "zscored_parks2": -1.480694154,
                "zscored_peds4": -1.882480621,
                "zscored_safe": -0.1753524542,
                "zscored_traffic5": -4.049834251,
                "zscored_aesttot3": -4.052316189,
                "zscored_paf2": -0.4590791464,
                "zscored_sopindex7": -35.75578175,
                "country": "USA",
                "state": "Maryland",
                "city": "Bowie",
                "surfpkng_x": 2,
                "sizeparkimi2_x": 3,
                "prctpkng_x": 2,
                "adultuse": 0,
                "arcades_x": 0,
                "attrtve_x": 1,
                "awnings_x": 0,
                "barsclub_x": 0,
                "beach_x": 0,
                "benches_x": 0,
                "bigbox_x": 1,
                "bikelane_x": 1,
                "bikerack_x": 0,
                "bikeretl_x": 0,
                "bikeshre_x": 0,
                "billbrd_x": 0,
                "bklntype_x": 2,
                "blnkwall_x": 0,
                "buffboll_x": 0,
                "bufffence_x": 0,
                "buffpkcr_x": 0,
                "buffsttr_x": 0,
                "busstops_x": 0,
                "cardeal_x": 0,
                "chainstre_x": 1,
                "chckcash_x": 0,
                "civother_x": 0,
                "coffshop_x": 0,
                "college_x": 0,
                "comctlib_x": 0,
                "condoapt_x": 0,
                "cornerst_x": 0,
                "crosing2_x": 0,
                "croswalk_x": 0,
                "dining_x": 0,
                "dogs_x": 0,
                "driveway_x": 0,
                "drivthru_x": 0,
                "dumpster_x": 0,
                "farnermk_x": 0,
                "fastfood_x": 0,
                "financl_x": 0,
                "flatslpe_x": 1,
                "gasserv_x": 0,
                "gated_x": 0,
                "grafitti_x": 0,
                "gymfitns_x": 0,
                "hardgood_x": 0,
                "highschl_x": 0,
                "hotelhos_x": 0,
                "indsothr_x": 0,
                "insother_x": 0,
                "kinder_x": 0,
                "libbkstr_x": 0,
                "lighting_x": 1,
                "liquorst_x": 0,
                "litter_x": 0,
                "localstre_x": 0,
                "mdhvind_x": 0,
                "medicine_x": 0,
                "midblock_x": 0,
                "mlgrcer_x": 0,
                "mntbuild_x": 0,
                "movieth_x": 0,
                "mustheat_x": 0,
                "offices_x": 0,
                "ofseroth_x": 0,
                "othrrtail_x": 0,
                "othrsdwk_x": 0,
                "parkplay_x": 0,
                "pedcrs2_x": 0,
                "pedcrssgn_x": 0,
                "playsprt_x": 0,
                "plazasq_x": 0,
                "prdusprk_x": 0,
                "primschl_x": 0,
                "prmntbldgh_x": 0,
                "pubart_x": 0,
                "pubcivic_x": 0,
                "pubgardn_x": 0,
                "pubrestr_x": 0,
                "recoher_x": 0,
                "religion_x": 0,
                "restarnt_x": 0,
                "restaurant_x": 0,
                "schother_x": 0,
                "scndschl_x": 0,
                "sdwkcomp_x": 0,
                "sdwkshde_x": 0,
                "service_x": 0,
                "sfhatach_x": 0,
                "shopmall_x": 0,
                "sidewalk_x": 1,
                "softgood_x": 0,
                "stopsgn2_x": 1,
                "stopsign_x": 0,
                "strpmall_x": 1,
                "strttree_x": 1,
                "stvendor_x": 0,
                "townhome_x": 1,
                "traffsig_x": 0,
                "trafsgn2_x": 0,
                "trcmpark_x": 1,
                "undevlnd_x": 0,
                "vehlanes_x": 2,
                "vermixus_x": 0,
                "pedactsgn_x": 0,
                "pedact2_x": 0,
                "smlgrcer_x": 0,
                "gateaccs_x": 0,
                "sdwkpave_x": 0,
                "diffrdsf_x": 0,
                "dfrdsf2_x": 0,
                "cmother_x": 0,
                "zebrastp_x": 0,
                "crsothr2_x": 1,
                "zebra2_x": 0,
                "trafcrcl_x": 0,
                "rumblesp_x": 0,
                "spdbump_x": 0,
                "pbspothr_x": 0,
                "prctbldg_x": 1,
                "swptcoth_x": 0,
                "heatlamp_x": 0,
                "pedstreet_x": 0,
                "banners_x": 0,
                "multifamtot": 1,
                "school": 0,
                "retrest": 1,
                "sdwkbuff": 0,
                "vehlanestot": 2,
                "sixlnrd": 0,
                "sixlnrdrecoded": 0,
                "implndusrecoded": 0,
                "bldgstry": 0,
                "sizeparkimi1": 3,
                "crosswalktot": 0,
                "diffrdsftot": 0,
                "pedactsgntot": 0,
                "pedcssigntot": 0,
                "schooltot": 0,
                "officestot": 0,
                "liquorbaradultcheckcashing": 0,
                "markings": 0,
                "markings2": 1,
                "vehsigs": 0,
                "vehsigs2": 1,
                "vehlanestotrecoded": 2,
                "trafcalmtot": 0,
                "markingsint": 1,
                "markingsint2": 2,
                "vehsigsint": 1,
                "vehsigs2int": 2,
                "medianint": 0,
                "trafcalmtotint": -1,
                "midcrsmarkint": 0,
                "strpmalllnt": 1,
                "retrestint": 1,
                "commothrint": 0,
                "restarntint": 0,
                "coffshopint": 0,
                "cornerstint": 0,
                "moviethint": 0,
                "barsclubint": 0,
                "culsacpedptint": 0,
                "StreetName": "15500 Annapolis Rd",
                "IntersectionA": "15500 Annapolis Rd",
                "IntersectionB": "15500 Annapolis Rd",
                "name_osm": null,
                "intersc1": "15500 Annapolis Rd",
                "intersc2": "15500 Annapolis Rd",
                "tract_geoid": "24033800402",
                "tract_name": "Census Tract 8004.02",
                "STATEFP": "24",
                "COUNTYFP": "033",
                "n_tracts": 1,
                "tract_share": 1.0,
                "match": "overlay",
                "total_pop": 5096.0,
                "median_hh_income": 121043.0,
                "median_home_value": 408100.0,
                "commuters_total": 2683.0,
                "commuters_transit": 131.0,
                "renter_no_vehicle": 35.0,
                "Unnamed: 0": 48,
                "form3norm": 23.31208992,
                "dens2norm": 40.46805954,
                "prox3norm": 2.794286013,
                "conn6norm": 80.5850296,
                "parks2norm": 0.0,
                "peds4norm": 30.26624107,
                "safenorm": 68.01690674,
                "traffic5norm": 43.23539494,
                "aesttot3norm": 39.97423935,
                "paf2norm": 8.0036898e-06,
                "sop7norm": 27.76824789,
                " ": 0,
                "arcades_y": 0,
                "attrtve_y": 1,
                "awnings_y": 0,
                "barsclub_y": 0,
                "beach_y": 0,
                "benches_y": 0,
                "bigbox_y": 1,
                "bikelane_y": 1,
                "bikerack_y": 0,
                "bikeretl_y": 0,
                "bikeshre_y": 0,
                "billbrd_y": 0,
                "bklntype_y": 2,
                "blnkwall_y": 0,
                "buffboll_y": 0,
                "bufffence_y": 0,
                "buffpkcr_y": 0,
                "buffsttr_y": 0,
                "busstops_y": 0,
                "cardeal_y": 0,
                "chainstre_y": 1,
                "chckcash_y": 0,
                "civother_y": 0,
                "coffshop_y": 0,
                "college_y": 0,
                "comctlib_y": 0,
                "condoapt_y": 0,
                "cornerst_y": 0,
                "crosing2_y": 0,
                "croswalk_y": 0,
                "dining_y": 0,
                "dogs_y": 0,
                "driveway_y": 0,
                "drivthru_y": 0,
                "dumpster_y": 1,
                "farnermk_y": 0,
                "fastfood_y": 0,
                "financl_y": 0,
                "flatslpe_y": 1,
                "gasserv_y": 0,
                "gated_y": 0,
                "grafitti_y": 0,
                "gymfitns_y": 0,
                "hardgood_y": 0,
                "highschl_y": 0,
                "hotelhos_y": 0,
                "indsothr_y": 0,
                "insother_y": 0,
                "kinder_y": 0,
                "libbkstr_y": 0,
                "lighting_y": 1,
                "liquorst_y": 0,
                "litter_y": 0,
                "localstre_y": 0,
                "mdhvind_y": 0,
                "medicine_y": 0,
                "midblock_y": 0,
                "mlgrcer_y": 0,
                "mntbuild_y": 0,
                "movieth_y": 0,
                "mustheat_y": 0,
                "offices_y": 0,
                "ofseroth_y": 0,
                "othrrtail_y": 0,
                "othrsdwk_y": 0,
                "parkplay_y": 0,
                "pedcrs2_y": 0,
                "pedcrssgn_y": 0,
                "playsprt_y": 0,
                "plazasq_y": 0,
                "prctpkng_y": 2,
                "prdusprk_y": 0,
                "primschl_y": 0,
                "prmntbldgh_y": 1,
                "pubart_y": 0,
                "pubcivic_y": 0,
                "pubgardn_y": 0,
                "pubrestr_y": 0,
                "recoher_y": 0,
                "religion_y": 0,
                "restarnt_y": 0,
                "restaurant_y": 0,
                "schother_y": 0,
                "scndschl_y": 0,
                "sdwkcomp_y": 0,
                "sdwkshde_y": 0,
                "service_y": 0,
                "sfhatach_y": 0,
                "shopmall_y": 0,
                "sidewalk_y": 1,
                "sizeparkimi2_y": 3,
                "softgood_y": 0,
                "stopsgn2_y": 1,
                "stopsign_y": 0,
                "strpmall_y": 1,
                "strttree_y": 1,
                "stvendor_y": 0,
                "surfpkng_y": 2,
                "townhome_y": 1,
                "traffsig_y": 0,
                "trafsgn2_y": 0,
                "trcmpark_y": 0,
                "undevlnd_y": 0,
                "vehlanes_y": 2,
                "vermixus_y": 0,
                "pedactsgn_y": 0,
                "pedact2_y": 0,
                "smlgrcer_y": 0,
                "gateaccs_y": 0,
                "sdwkpave_y": 0,
                "diffrdsf_y": 0,
                "dfrdsf2_y": 0,
                "cmother_y": 0,
                "zebrastp_y": 0,
                "crsothr2_y": 1,
                "zebra2_y": 0,
                "trafcrcl_y": 0,
                "rumblesp_y": 0,
                "spdbump_y": 0,
                "pbspothr_y": 0,
                "prctbldg_y": 0,
                "swptcoth_y": 0,
                "heatlamp_y": 0,
                "pedstreet_y": 0,
                "banners_y": 0
            },
            "geometry": {
                "type": "LineString",
                "coordinates": [
                    [
                        -76.734330611809312,
                        38.980847127842424
                    ],
                    [
                        -76.735929405140624,
                        38.980016469854647
                    ]
                ]
            }
        },
        {
            "type": "Feature",
            "properties": {
                "sgmntid": 51,
                "name_2": "15500 Annapolis Rd",
                "id": 51,
                "intersection_1_location": "38.98002540166097,-76.73594726875326",
                "intersection_2_location": "38.98004326527361,-76.73683151757896",
                "neighborhood": "Route 450 Mainstreet",
                "Group": "Route 450 Mainstreet",
                "layer": "Bowie_CustomMarked",
                "location_id": 51,
                "form3": 74.19416046000001,
                "dens2": 49.578125,
                "prox3": 19.04154587,
                "conn6": 80.5850296,
                "parks2": 0.0,
                "peds4": 5.79356432,
                "safe": 64.30107117,
                "traffic5": 58.30714035,
                "aesttot3": 43.10940933,
                "paf2": 8.0036898e-06,
                "sopindex7": 39.02394781,
                "zscored_form3": 1.262164831,
                "zscored_dens2": -0.03905797005,
                "zscored_prox3": 2.603236437,
                "zscored_conn6": -0.4574847817,
                "zscored_parks2": -1.480694154,
                "zscored_peds4": -14.73493671,
                "zscored_safe": -3.400320053,
                "zscored_traffic5": -0.2209210992,
                "zscored_aesttot3": -4.069602966,
                "zscored_paf2": -0.4590791464,
                "zscored_sopindex7": -22.60605578,
                "country": "USA",
                "state": "Maryland",
                "city": "Bowie",
                "surfpkng_x": 1,
                "sizeparkimi2_x": 2,
                "prctpkng_x": 2,
                "adultuse": 0,
                "arcades_x": 0,
                "attrtve_x": 1,
                "awnings_x": 0,
                "barsclub_x": 0,
                "beach_x": 0,
                "benches_x": 0,
                "bigbox_x": 0,
                "bikelane_x": 0,
                "bikerack_x": 0,
                "bikeretl_x": 0,
                "bikeshre_x": 0,
                "billbrd_x": 0,
                "bklntype_x": 0,
                "blnkwall_x": 0,
                "buffboll_x": 0,
                "bufffence_x": 0,
                "buffpkcr_x": 0,
                "buffsttr_x": 0,
                "busstops_x": 0,
                "cardeal_x": 0,
                "chainstre_x": 1,
                "chckcash_x": 0,
                "civother_x": 0,
                "coffshop_x": 0,
                "college_x": 0,
                "comctlib_x": 0,
                "condoapt_x": 0,
                "cornerst_x": 0,
                "crosing2_x": 0,
                "croswalk_x": 0,
                "dining_x": 0,
                "dogs_x": 0,
                "driveway_x": 0,
                "drivthru_x": 0,
                "dumpster_x": 0,
                "farnermk_x": 0,
                "fastfood_x": 1,
                "financl_x": 0,
                "flatslpe_x": 1,
                "gasserv_x": 0,
                "gated_x": 0,
                "grafitti_x": 1,
                "gymfitns_x": 0,
                "hardgood_x": 0,
                "highschl_x": 0,
                "hotelhos_x": 0,
                "indsothr_x": 0,
                "insother_x": 0,
                "kinder_x": 0,
                "libbkstr_x": 0,
                "lighting_x": 1,
                "liquorst_x": 0,
                "litter_x": 0,
                "localstre_x": 0,
                "mdhvind_x": 0,
                "medicine_x": 0,
                "midblock_x": 0,
                "mlgrcer_x": 0,
                "mntbuild_x": 0,
                "movieth_x": 0,
                "mustheat_x": 0,
                "offices_x": 0,
                "ofseroth_x": 0,
                "othrrtail_x": 0,
                "othrsdwk_x": 0,
                "parkplay_x": 0,
                "pedcrs2_x": 0,
                "pedcrssgn_x": 0,
                "playsprt_x": 0,
                "plazasq_x": 0,
                "prdusprk_x": 0,
                "primschl_x": 0,
                "prmntbldgh_x": 0,
                "pubart_x": 0,
                "pubcivic_x": 1,
                "pubgardn_x": 0,
                "pubrestr_x": 0,
                "recoher_x": 0,
                "religion_x": 0,
                "restarnt_x": 0,
                "restaurant_x": 0,
                "schother_x": 0,
                "scndschl_x": 0,
                "sdwkcomp_x": 0,
                "sdwkshde_x": 0,
                "service_x": 0,
                "sfhatach_x": 0,
                "shopmall_x": 0,
                "sidewalk_x": 0,
                "softgood_x": 0,
                "stopsgn2_x": 1,
                "stopsign_x": 1,
                "strpmall_x": 0,
                "strttree_x": 1,
                "stvendor_x": 0,
                "townhome_x": 1,
                "traffsig_x": 0,
                "trafsgn2_x": 0,
                "trcmpark_x": 0,
                "undevlnd_x": 0,
                "vehlanes_x": 2,
                "vermixus_x": 0,
                "pedactsgn_x": 0,
                "pedact2_x": 0,
                "smlgrcer_x": 0,
                "gateaccs_x": 0,
                "sdwkpave_x": 0,
                "diffrdsf_x": 0,
                "dfrdsf2_x": 0,
                "cmother_x": 0,
                "zebrastp_x": 0,
                "crsothr2_x": 0,
                "zebra2_x": 0,
                "trafcrcl_x": 0,
                "rumblesp_x": 0,
                "spdbump_x": 0,
                "pbspothr_x": 0,
                "prctbldg_x": 1,
                "swptcoth_x": 0,
                "heatlamp_x": 0,
                "pedstreet_x": 0,
                "banners_x": 0,
                "multifamtot": 1,
                "school": 0,
                "retrest": 1,
                "sdwkbuff": 0,
                "vehlanestot": 2,
                "sixlnrd": 0,
                "sixlnrdrecoded": 0,
                "implndusrecoded": 0,
                "bldgstry": 0,
                "sizeparkimi1": 2,
                "crosswalktot": 0,
                "diffrdsftot": 0,
                "pedactsgntot": 0,
                "pedcssigntot": 0,
                "schooltot": 0,
                "officestot": 0,
                "liquorbaradultcheckcashing": 0,
                "markings": 0,
                "markings2": 0,
                "vehsigs": 1,
                "vehsigs2": 1,
                "vehlanestotrecoded": 2,
                "trafcalmtot": 0,
                "markingsint": 1,
                "markingsint2": 1,
                "vehsigsint": 2,
                "vehsigs2int": 2,
                "medianint": 0,
                "trafcalmtotint": 1,
                "midcrsmarkint": 0,
                "strpmalllnt": 0,
                "retrestint": 2,
                "commothrint": 0,
                "restarntint": 0,
                "coffshopint": 0,
                "cornerstint": 0,
                "moviethint": 0,
                "barsclubint": 0,
                "culsacpedptint": 0,
                "StreetName": "15500 Annapolis Rd",
                "IntersectionA": "15500 Annapolis Rd",
                "IntersectionB": "15500 Annapolis Rd & Marquette Ln",
                "name_osm": "Marquette Lane",
                "intersc1": "15500 Annapolis Rd",
                "intersc2": "15500 Annapolis Rd & Marquette Ln",
                "tract_geoid": "24033800402",
                "tract_name": "Census Tract 8004.02",
                "STATEFP": "24",
                "COUNTYFP": "033",
                "n_tracts": 1,
                "tract_share": 1.0,
                "match": "overlay",
                "total_pop": 5096.0,
                "median_hh_income": 121043.0,
                "median_home_value": 408100.0,
                "commuters_total": 2683.0,
                "commuters_transit": 131.0,
                "renter_no_vehicle": 35.0,
                "Unnamed: 0": 49,
                "form3norm": 67.86248779,
                "dens2norm": 40.46805954,
                "prox3norm": 19.04154587,
                "conn6norm": 80.5850296,
                "parks2norm": 0.0,
                "peds4norm": 5.79356432,
                "safenorm": 78.05537415000001,
                "traffic5norm": 43.23539494,
                "aesttot3norm": 47.06646347,
                "paf2norm": 8.0036898e-06,
                "sop7norm": 36.75794301,
                " ": 0,
                "arcades_y": 0,
                "attrtve_y": 1,
                "awnings_y": 0,
                "barsclub_y": 0,
                "beach_y": 0,
                "benches_y": 0,
                "bigbox_y": 0,
                "bikelane_y": 0,
                "bikerack_y": 0,
                "bikeretl_y": 0,
                "bikeshre_y": 0,
                "billbrd_y": 0,
                "bklntype_y": 0,
                "blnkwall_y": 0,
                "buffboll_y": 0,
                "bufffence_y": 0,
                "buffpkcr_y": 0,
                "buffsttr_y": 0,
                "busstops_y": 0,
                "cardeal_y": 0,
                "chainstre_y": 1,
                "chckcash_y": 0,
                "civother_y": 0,
                "coffshop_y": 0,
                "college_y": 0,
                "comctlib_y": 0,
                "condoapt_y": 0,
                "cornerst_y": 0,
                "crosing2_y": 0,
                "croswalk_y": 0,
                "dining_y": 0,
                "dogs_y": 0,
                "driveway_y": 0,
                "drivthru_y": 0,
                "dumpster_y": 0,
                "farnermk_y": 0,
                "fastfood_y": 1,
                "financl_y": 0,
                "flatslpe_y": 1,
                "gasserv_y": 0,
                "gated_y": 0,
                "grafitti_y": 0,
                "gymfitns_y": 0,
                "hardgood_y": 0,
                "highschl_y": 0,
                "hotelhos_y": 0,
                "indsothr_y": 0,
                "insother_y": 0,
                "kinder_y": 0,
                "libbkstr_y": 0,
                "lighting_y": 1,
                "liquorst_y": 0,
                "litter_y": 0,
                "localstre_y": 0,
                "mdhvind_y": 0,
                "medicine_y": 0,
                "midblock_y": 0,
                "mlgrcer_y": 0,
                "mntbuild_y": 0,
                "movieth_y": 0,
                "mustheat_y": 0,
                "offices_y": 0,
                "ofseroth_y": 0,
                "othrrtail_y": 0,
                "othrsdwk_y": 0,
                "parkplay_y": 0,
                "pedcrs2_y": 0,
                "pedcrssgn_y": 0,
                "playsprt_y": 0,
                "plazasq_y": 0,
                "prctpkng_y": 2,
                "prdusprk_y": 0,
                "primschl_y": 0,
                "prmntbldgh_y": 1,
                "pubart_y": 0,
                "pubcivic_y": 1,
                "pubgardn_y": 0,
                "pubrestr_y": 0,
                "recoher_y": 0,
                "religion_y": 0,
                "restarnt_y": 0,
                "restaurant_y": 0,
                "schother_y": 0,
                "scndschl_y": 0,
                "sdwkcomp_y": 0,
                "sdwkshde_y": 0,
                "service_y": 0,
                "sfhatach_y": 0,
                "shopmall_y": 0,
                "sidewalk_y": 0,
                "sizeparkimi2_y": 2,
                "softgood_y": 0,
                "stopsgn2_y": 1,
                "stopsign_y": 1,
                "strpmall_y": 0,
                "strttree_y": 2,
                "stvendor_y": 0,
                "surfpkng_y": 1,
                "townhome_y": 1,
                "traffsig_y": 0,
                "trafsgn2_y": 0,
                "trcmpark_y": 0,
                "undevlnd_y": 0,
                "vehlanes_y": 2,
                "vermixus_y": 0,
                "pedactsgn_y": 0,
                "pedact2_y": 0,
                "smlgrcer_y": 0,
                "gateaccs_y": 0,
                "sdwkpave_y": 0,
                "diffrdsf_y": 0,
                "dfrdsf2_y": 0,
                "cmother_y": 0,
                "zebrastp_y": 0,
                "crsothr2_y": 0,
                "zebra2_y": 0,
                "trafcrcl_y": 0,
                "rumblesp_y": 0,
                "spdbump_y": 0,
                "pbspothr_y": 0,
                "prctbldg_y": 0,
                "swptcoth_y": 0,
                "heatlamp_y": 0,
                "pedstreet_y": 0,
                "banners_y": 0
            },
            "geometry": {
                "type": "LineString",
                "coordinates": [
                    [
                        -76.735947268753264,
                        38.980025401660967
                    ],
                    [
                        -76.736831517578963,
                        38.980043265273608
                    ]
                ]
            }
        },
        {
            "type": "Feature",
            "properties": {
                "sgmntid": 52,
                "name_2": "Superior Ln",
                "id": 52,
                "intersection_1_location": "38.979811038309286,-76.73330345408249",
                "intersection_2_location": "38.97856058542446,-76.73275861389696",
                "neighborhood": "Route 450 Mainstreet",
                "Group": "Route 450 Mainstreet",
                "layer": "Bowie_CustomMarked",
                "location_id": 52,
                "form3": 55.93424606,
                "dens2": 49.578125,
                "prox3": 9.525410652,
                "conn6": 76.89342499,
                "parks2": 0.0,
                "peds4": 26.25033569,
                "safe": 78.05537415000001,
                "traffic5": 59.83612061,
                "aesttot3": 38.73154068,
                "paf2": 8.0036898e-06,
                "sopindex7": 39.02231591,
                "zscored_form3": 8.363759995000001,
                "zscored_dens2": -0.03905797005,
                "zscored_prox3": -1.406255722,
                "zscored_conn6": 0.2712378204,
                "zscored_parks2": -1.480694154,
                "zscored_peds4": -3.99153471,
                "zscored_safe": -0.1753524542,
                "zscored_traffic5": 0.4298880696,
                "zscored_aesttot3": -6.852272987,
                "zscored_paf2": -0.4590791464,
                "zscored_sopindex7": -22.6093562,
                "country": "USA",
                "state": "Maryland",
                "city": "Bowie",
                "surfpkng_x": 2,
                "sizeparkimi2_x": 2,
                "prctpkng_x": 1,
                "adultuse": 0,
                "arcades_x": 0,
                "attrtve_x": 1,
                "awnings_x": 0,
                "barsclub_x": 0,
                "beach_x": 0,
                "benches_x": 0,
                "bigbox_x": 0,
                "bikelane_x": 0,
                "bikerack_x": 0,
                "bikeretl_x": 0,
                "bikeshre_x": 0,
                "billbrd_x": 1,
                "bklntype_x": 0,
                "blnkwall_x": 0,
                "buffboll_x": 0,
                "bufffence_x": 0,
                "buffpkcr_x": 0,
                "buffsttr_x": 0,
                "busstops_x": 0,
                "cardeal_x": 0,
                "chainstre_x": 1,
                "chckcash_x": 0,
                "civother_x": 0,
                "coffshop_x": 0,
                "college_x": 0,
                "comctlib_x": 0,
                "condoapt_x": 0,
                "cornerst_x": 0,
                "crosing2_x": 0,
                "croswalk_x": 1,
                "dining_x": 0,
                "dogs_x": 0,
                "driveway_x": 0,
                "drivthru_x": 0,
                "dumpster_x": 0,
                "farnermk_x": 0,
                "fastfood_x": 1,
                "financl_x": 0,
                "flatslpe_x": 1,
                "gasserv_x": 0,
                "gated_x": 0,
                "grafitti_x": 0,
                "gymfitns_x": 0,
                "hardgood_x": 0,
                "highschl_x": 0,
                "hotelhos_x": 0,
                "indsothr_x": 0,
                "insother_x": 0,
                "kinder_x": 0,
                "libbkstr_x": 0,
                "lighting_x": 1,
                "liquorst_x": 0,
                "litter_x": 0,
                "localstre_x": 0,
                "mdhvind_x": 0,
                "medicine_x": 0,
                "midblock_x": 0,
                "mlgrcer_x": 0,
                "mntbuild_x": 0,
                "movieth_x": 0,
                "mustheat_x": 0,
                "offices_x": 1,
                "ofseroth_x": 0,
                "othrrtail_x": 0,
                "othrsdwk_x": 0,
                "parkplay_x": 0,
                "pedcrs2_x": 0,
                "pedcrssgn_x": 0,
                "playsprt_x": 0,
                "plazasq_x": 0,
                "prdusprk_x": 0,
                "primschl_x": 0,
                "prmntbldgh_x": 0,
                "pubart_x": 0,
                "pubcivic_x": 0,
                "pubgardn_x": 0,
                "pubrestr_x": 0,
                "recoher_x": 0,
                "religion_x": 0,
                "restarnt_x": 0,
                "restaurant_x": 1,
                "schother_x": 0,
                "scndschl_x": 0,
                "sdwkcomp_x": 1,
                "sdwkshde_x": 0,
                "service_x": 0,
                "sfhatach_x": 0,
                "shopmall_x": 0,
                "sidewalk_x": 2,
                "softgood_x": 0,
                "stopsgn2_x": 1,
                "stopsign_x": 0,
                "strpmall_x": 1,
                "strttree_x": 1,
                "stvendor_x": 0,
                "townhome_x": 1,
                "traffsig_x": 1,
                "trafsgn2_x": 0,
                "trcmpark_x": 0,
                "undevlnd_x": 0,
                "vehlanes_x": 3,
                "vermixus_x": 0,
                "pedactsgn_x": 0,
                "pedact2_x": 0,
                "smlgrcer_x": 0,
                "gateaccs_x": 0,
                "sdwkpave_x": 0,
                "diffrdsf_x": 0,
                "dfrdsf2_x": 0,
                "cmother_x": 1,
                "zebrastp_x": 1,
                "crsothr2_x": 1,
                "zebra2_x": 0,
                "trafcrcl_x": 0,
                "rumblesp_x": 0,
                "spdbump_x": 0,
                "pbspothr_x": 0,
                "prctbldg_x": 1,
                "swptcoth_x": 0,
                "heatlamp_x": 0,
                "pedstreet_x": 0,
                "banners_x": 0,
                "multifamtot": 1,
                "school": 0,
                "retrest": 1,
                "sdwkbuff": 0,
                "vehlanestot": 3,
                "sixlnrd": 0,
                "sixlnrdrecoded": 0,
                "implndusrecoded": 0,
                "bldgstry": 0,
                "sizeparkimi1": 2,
                "crosswalktot": 1,
                "diffrdsftot": 0,
                "pedactsgntot": 0,
                "pedcssigntot": 0,
                "schooltot": 0,
                "officestot": 1,
                "liquorbaradultcheckcashing": 0,
                "markings": 1,
                "markings2": 1,
                "vehsigs": 1,
                "vehsigs2": 1,
                "vehlanestotrecoded": 3,
                "trafcalmtot": 0,
                "markingsint": 2,
                "markingsint2": 2,
                "vehsigsint": 2,
                "vehsigs2int": 0,
                "medianint": 0,
                "trafcalmtotint": 0,
                "midcrsmarkint": 0,
                "strpmalllnt": 1,
                "retrestint": 2,
                "commothrint": 0,
                "restarntint": 0,
                "coffshopint": 0,
                "cornerstint": 0,
                "moviethint": 0,
                "barsclubint": 0,
                "culsacpedptint": 0,
                "StreetName": "Superior Ln",
                "IntersectionA": "Superior Ln & 15660 Annapolis Rd",
                "IntersectionB": "Superior Ln & 15511 Annapolis Rd",
                "name_osm": "Superior Lane",
                "intersc1": "Superior Ln & 15660 Annapolis Rd",
                "intersc2": "Superior Ln & 15511 Annapolis Rd",
                "tract_geoid": "24033800504",
                "tract_name": "Census Tract 8005.04",
                "STATEFP": "24",
                "COUNTYFP": "033",
                "n_tracts": 1,
                "tract_share": 1.0,
                "match": "overlay",
                "total_pop": 4442.0,
                "median_hh_income": 140250.0,
                "median_home_value": 427100.0,
                "commuters_total": 2404.0,
                "commuters_transit": 74.0,
                "renter_no_vehicle": 32.0,
                "Unnamed: 0": 50,
                "form3norm": 55.93424606,
                "dens2norm": 61.36245728,
                "prox3norm": 16.09578705,
                "conn6norm": 76.89342499,
                "parks2norm": 0.0,
                "peds4norm": 26.25033569,
                "safenorm": 78.05537415000001,
                "traffic5norm": 52.02127878,
                "aesttot3norm": 38.73154068,
                "paf2norm": 8.0036898e-06,
                "sop7norm": 39.67075963,
                " ": 0,
                "arcades_y": 0,
                "attrtve_y": 1,
                "awnings_y": 0,
                "barsclub_y": 0,
                "beach_y": 0,
                "benches_y": 0,
                "bigbox_y": 0,
                "bikelane_y": 0,
                "bikerack_y": 0,
                "bikeretl_y": 0,
                "bikeshre_y": 0,
                "billbrd_y": 1,
                "bklntype_y": 0,
                "blnkwall_y": 0,
                "buffboll_y": 0,
                "bufffence_y": 0,
                "buffpkcr_y": 0,
                "buffsttr_y": 0,
                "busstops_y": 0,
                "cardeal_y": 0,
                "chainstre_y": 1,
                "chckcash_y": 0,
                "civother_y": 0,
                "coffshop_y": 0,
                "college_y": 0,
                "comctlib_y": 0,
                "condoapt_y": 0,
                "cornerst_y": 0,
                "crosing2_y": 0,
                "croswalk_y": 1,
                "dining_y": 0,
                "dogs_y": 0,
                "driveway_y": 0,
                "drivthru_y": 0,
                "dumpster_y": 0,
                "farnermk_y": 0,
                "fastfood_y": 1,
                "financl_y": 0,
                "flatslpe_y": 1,
                "gasserv_y": 0,
                "gated_y": 0,
                "grafitti_y": 0,
                "gymfitns_y": 0,
                "hardgood_y": 0,
                "highschl_y": 0,
                "hotelhos_y": 0,
                "indsothr_y": 0,
                "insother_y": 0,
                "kinder_y": 0,
                "libbkstr_y": 0,
                "lighting_y": 1,
                "liquorst_y": 0,
                "litter_y": 0,
                "localstre_y": 0,
                "mdhvind_y": 0,
                "medicine_y": 0,
                "midblock_y": 0,
                "mlgrcer_y": 0,
                "mntbuild_y": 0,
                "movieth_y": 0,
                "mustheat_y": 0,
                "offices_y": 1,
                "ofseroth_y": 0,
                "othrrtail_y": 0,
                "othrsdwk_y": 0,
                "parkplay_y": 0,
                "pedcrs2_y": 0,
                "pedcrssgn_y": 0,
                "playsprt_y": 0,
                "plazasq_y": 0,
                "prctpkng_y": 1,
                "prdusprk_y": 0,
                "primschl_y": 0,
                "prmntbldgh_y": 2,
                "pubart_y": 0,
                "pubcivic_y": 0,
                "pubgardn_y": 0,
                "pubrestr_y": 0,
                "recoher_y": 0,
                "religion_y": 0,
                "restarnt_y": 1,
                "restaurant_y": 1,
                "schother_y": 0,
                "scndschl_y": 0,
                "sdwkcomp_y": 2,
                "sdwkshde_y": 0,
                "service_y": 0,
                "sfhatach_y": 0,
                "shopmall_y": 0,
                "sidewalk_y": 2,
                "sizeparkimi2_y": 2,
                "softgood_y": 0,
                "stopsgn2_y": 1,
                "stopsign_y": 0,
                "strpmall_y": 1,
                "strttree_y": 1,
                "stvendor_y": 0,
                "surfpkng_y": 2,
                "townhome_y": 1,
                "traffsig_y": 1,
                "trafsgn2_y": 0,
                "trcmpark_y": 0,
                "undevlnd_y": 0,
                "vehlanes_y": 3,
                "vermixus_y": 0,
                "pedactsgn_y": 0,
                "pedact2_y": 0,
                "smlgrcer_y": 0,
                "gateaccs_y": 0,
                "sdwkpave_y": 0,
                "diffrdsf_y": 0,
                "dfrdsf2_y": 0,
                "cmother_y": 1,
                "zebrastp_y": 1,
                "crsothr2_y": 1,
                "zebra2_y": 0,
                "trafcrcl_y": 0,
                "rumblesp_y": 0,
                "spdbump_y": 0,
                "pbspothr_y": 0,
                "prctbldg_y": 1,
                "swptcoth_y": 0,
                "heatlamp_y": 0,
                "pedstreet_y": 0,
                "banners_y": 0
            },
            "geometry": {
                "type": "LineString",
                "coordinates": [
                    [
                        -76.733303454082488,
                        38.979811038309286
                    ],
                    [
                        -76.732758613896962,
                        38.978560585424461
                    ]
                ]
            }
        },
        {
            "type": "Feature",
            "properties": {
                "sgmntid": 53,
                "name_2": "Superior Ln",
                "id": 53,
                "intersection_1_location": "38.9785337900055,-76.73275861389696",
                "intersection_2_location": "38.97713149641323,-76.73294618182967",
                "neighborhood": "Route 450 Mainstreet",
                "Group": "Route 450 Mainstreet",
                "layer": "Bowie_CustomMarked",
                "location_id": 53,
                "form3": 55.93424606,
                "dens2": 36.92466736,
                "prox3": 22.96816444,
                "conn6": 80.5850296,
                "parks2": 0.0,
                "peds4": 31.73906517,
                "safe": 65.30477142,
                "traffic5": 54.64067459,
                "aesttot3": 38.73154068,
                "paf2": 8.0036898e-06,
                "sopindex7": 40.04421335,
                "zscored_form3": 8.363759995000001,
                "zscored_dens2": -2.046435595,
                "zscored_prox3": 4.257662773,
                "zscored_conn6": -0.4574847817,
                "zscored_parks2": -1.480694154,
                "zscored_peds4": -1.108988166,
                "zscored_safe": -3.164984226,
                "zscored_traffic5": -1.781554222,
                "zscored_aesttot3": -6.852272987,
                "zscored_paf2": -0.4590791464,
                "zscored_sopindex7": -20.54262076,
                "country": "USA",
                "state": "Maryland",
                "city": "Bowie",
                "surfpkng_x": 2,
                "sizeparkimi2_x": 2,
                "prctpkng_x": 1,
                "adultuse": 0,
                "arcades_x": 0,
                "attrtve_x": 1,
                "awnings_x": 0,
                "barsclub_x": 0,
                "beach_x": 0,
                "benches_x": 0,
                "bigbox_x": 0,
                "bikelane_x": 0,
                "bikerack_x": 0,
                "bikeretl_x": 0,
                "bikeshre_x": 0,
                "billbrd_x": 1,
                "bklntype_x": 0,
                "blnkwall_x": 0,
                "buffboll_x": 0,
                "bufffence_x": 0,
                "buffpkcr_x": 0,
                "buffsttr_x": 0,
                "busstops_x": 0,
                "cardeal_x": 0,
                "chainstre_x": 1,
                "chckcash_x": 0,
                "civother_x": 0,
                "coffshop_x": 0,
                "college_x": 0,
                "comctlib_x": 0,
                "condoapt_x": 0,
                "cornerst_x": 0,
                "crosing2_x": 0,
                "croswalk_x": 1,
                "dining_x": 0,
                "dogs_x": 0,
                "driveway_x": 0,
                "drivthru_x": 0,
                "dumpster_x": 0,
                "farnermk_x": 0,
                "fastfood_x": 0,
                "financl_x": 0,
                "flatslpe_x": 1,
                "gasserv_x": 0,
                "gated_x": 0,
                "grafitti_x": 0,
                "gymfitns_x": 0,
                "hardgood_x": 1,
                "highschl_x": 0,
                "hotelhos_x": 0,
                "indsothr_x": 0,
                "insother_x": 0,
                "kinder_x": 0,
                "libbkstr_x": 0,
                "lighting_x": 0,
                "liquorst_x": 0,
                "litter_x": 0,
                "localstre_x": 0,
                "mdhvind_x": 0,
                "medicine_x": 1,
                "midblock_x": 0,
                "mlgrcer_x": 0,
                "mntbuild_x": 0,
                "movieth_x": 0,
                "mustheat_x": 0,
                "offices_x": 1,
                "ofseroth_x": 0,
                "othrrtail_x": 0,
                "othrsdwk_x": 1,
                "parkplay_x": 0,
                "pedcrs2_x": 0,
                "pedcrssgn_x": 0,
                "playsprt_x": 0,
                "plazasq_x": 0,
                "prdusprk_x": 0,
                "primschl_x": 0,
                "prmntbldgh_x": 0,
                "pubart_x": 0,
                "pubcivic_x": 0,
                "pubgardn_x": 0,
                "pubrestr_x": 0,
                "recoher_x": 0,
                "religion_x": 0,
                "restarnt_x": 0,
                "restaurant_x": 0,
                "schother_x": 0,
                "scndschl_x": 0,
                "sdwkcomp_x": 1,
                "sdwkshde_x": 0,
                "service_x": 0,
                "sfhatach_x": 0,
                "shopmall_x": 0,
                "sidewalk_x": 2,
                "softgood_x": 0,
                "stopsgn2_x": 0,
                "stopsign_x": 1,
                "strpmall_x": 1,
                "strttree_x": 1,
                "stvendor_x": 0,
                "townhome_x": 0,
                "traffsig_x": 0,
                "trafsgn2_x": 0,
                "trcmpark_x": 1,
                "undevlnd_x": 0,
                "vehlanes_x": 2,
                "vermixus_x": 0,
                "pedactsgn_x": 0,
                "pedact2_x": 0,
                "smlgrcer_x": 0,
                "gateaccs_x": 0,
                "sdwkpave_x": 0,
                "diffrdsf_x": 0,
                "dfrdsf2_x": 0,
                "cmother_x": 1,
                "zebrastp_x": 0,
                "crsothr2_x": 1,
                "zebra2_x": 0,
                "trafcrcl_x": 0,
                "rumblesp_x": 0,
                "spdbump_x": 0,
                "pbspothr_x": 0,
                "prctbldg_x": 1,
                "swptcoth_x": 0,
                "heatlamp_x": 0,
                "pedstreet_x": 0,
                "banners_x": 0,
                "multifamtot": 0,
                "school": 0,
                "retrest": 1,
                "sdwkbuff": 0,
                "vehlanestot": 2,
                "sixlnrd": 0,
                "sixlnrdrecoded": 0,
                "implndusrecoded": 0,
                "bldgstry": 0,
                "sizeparkimi1": 2,
                "crosswalktot": 1,
                "diffrdsftot": 0,
                "pedactsgntot": 0,
                "pedcssigntot": 0,
                "schooltot": 0,
                "officestot": 1,
                "liquorbaradultcheckcashing": 0,
                "markings": 1,
                "markings2": 1,
                "vehsigs": 1,
                "vehsigs2": 0,
                "vehlanestotrecoded": 2,
                "trafcalmtot": 0,
                "markingsint": 2,
                "markingsint2": 2,
                "vehsigsint": 2,
                "vehsigs2int": 1,
                "medianint": 0,
                "trafcalmtotint": -1,
                "midcrsmarkint": 0,
                "strpmalllnt": 1,
                "retrestint": 2,
                "commothrint": 0,
                "restarntint": 0,
                "coffshopint": 0,
                "cornerstint": 0,
                "moviethint": 0,
                "barsclubint": 0,
                "culsacpedptint": 0,
                "StreetName": "Superior Ln",
                "IntersectionA": "Superior Ln & 15511 Annapolis Rd",
                "IntersectionB": "Superior Ln",
                "name_osm": "Superior Lane",
                "intersc1": "Superior Ln & 15511 Annapolis Rd",
                "intersc2": "Superior Ln",
                "tract_geoid": "24033800504",
                "tract_name": "Census Tract 8005.04",
                "STATEFP": "24",
                "COUNTYFP": "033",
                "n_tracts": 1,
                "tract_share": 1.0,
                "match": "overlay",
                "total_pop": 4442.0,
                "median_hh_income": 140250.0,
                "median_home_value": 427100.0,
                "commuters_total": 2404.0,
                "commuters_transit": 74.0,
                "renter_no_vehicle": 32.0,
                "Unnamed: 0": 51,
                "form3norm": 55.93424606,
                "dens2norm": 48.710495,
                "prox3norm": 25.19601631,
                "conn6norm": 80.5850296,
                "parks2norm": 0.0,
                "peds4norm": 31.73906517,
                "safenorm": 65.30477142,
                "traffic5norm": 56.75859852,
                "aesttot3norm": 38.73154068,
                "paf2norm": 8.0036898e-06,
                "sop7norm": 41.87857517,
                " ": 0,
                "arcades_y": 0,
                "attrtve_y": 1,
                "awnings_y": 0,
                "barsclub_y": 0,
                "beach_y": 0,
                "benches_y": 0,
                "bigbox_y": 0,
                "bikelane_y": 0,
                "bikerack_y": 0,
                "bikeretl_y": 0,
                "bikeshre_y": 0,
                "billbrd_y": 1,
                "bklntype_y": 0,
                "blnkwall_y": 0,
                "buffboll_y": 0,
                "bufffence_y": 0,
                "buffpkcr_y": 0,
                "buffsttr_y": 0,
                "busstops_y": 0,
                "cardeal_y": 0,
                "chainstre_y": 1,
                "chckcash_y": 0,
                "civother_y": 0,
                "coffshop_y": 0,
                "college_y": 0,
                "comctlib_y": 0,
                "condoapt_y": 0,
                "cornerst_y": 0,
                "crosing2_y": 0,
                "croswalk_y": 1,
                "dining_y": 0,
                "dogs_y": 0,
                "driveway_y": 0,
                "drivthru_y": 0,
                "dumpster_y": 0,
                "farnermk_y": 0,
                "fastfood_y": 0,
                "financl_y": 0,
                "flatslpe_y": 1,
                "gasserv_y": 0,
                "gated_y": 0,
                "grafitti_y": 0,
                "gymfitns_y": 0,
                "hardgood_y": 1,
                "highschl_y": 0,
                "hotelhos_y": 0,
                "indsothr_y": 0,
                "insother_y": 0,
                "kinder_y": 0,
                "libbkstr_y": 0,
                "lighting_y": 0,
                "liquorst_y": 0,
                "litter_y": 0,
                "localstre_y": 1,
                "mdhvind_y": 0,
                "medicine_y": 1,
                "midblock_y": 0,
                "mlgrcer_y": 0,
                "mntbuild_y": 0,
                "movieth_y": 0,
                "mustheat_y": 0,
                "offices_y": 1,
                "ofseroth_y": 0,
                "othrrtail_y": 0,
                "othrsdwk_y": 1,
                "parkplay_y": 0,
                "pedcrs2_y": 0,
                "pedcrssgn_y": 0,
                "playsprt_y": 0,
                "plazasq_y": 0,
                "prctpkng_y": 1,
                "prdusprk_y": 0,
                "primschl_y": 0,
                "prmntbldgh_y": 2,
                "pubart_y": 0,
                "pubcivic_y": 0,
                "pubgardn_y": 0,
                "pubrestr_y": 0,
                "recoher_y": 0,
                "religion_y": 0,
                "restarnt_y": 0,
                "restaurant_y": 0,
                "schother_y": 0,
                "scndschl_y": 0,
                "sdwkcomp_y": 2,
                "sdwkshde_y": 0,
                "service_y": 1,
                "sfhatach_y": 0,
                "shopmall_y": 0,
                "sidewalk_y": 2,
                "sizeparkimi2_y": 2,
                "softgood_y": 0,
                "stopsgn2_y": 0,
                "stopsign_y": 1,
                "strpmall_y": 1,
                "strttree_y": 1,
                "stvendor_y": 0,
                "surfpkng_y": 2,
                "townhome_y": 0,
                "traffsig_y": 0,
                "trafsgn2_y": 0,
                "trcmpark_y": 1,
                "undevlnd_y": 0,
                "vehlanes_y": 2,
                "vermixus_y": 0,
                "pedactsgn_y": 0,
                "pedact2_y": 0,
                "smlgrcer_y": 0,
                "gateaccs_y": 0,
                "sdwkpave_y": 0,
                "diffrdsf_y": 0,
                "dfrdsf2_y": 0,
                "cmother_y": 1,
                "zebrastp_y": 0,
                "crsothr2_y": 1,
                "zebra2_y": 0,
                "trafcrcl_y": 0,
                "rumblesp_y": 0,
                "spdbump_y": 0,
                "pbspothr_y": 0,
                "prctbldg_y": 1,
                "swptcoth_y": 0,
                "heatlamp_y": 0,
                "pedstreet_y": 0,
                "banners_y": 0
            },
            "geometry": {
                "type": "LineString",
                "coordinates": [
                    [
                        -76.732758613896962,
                        38.9785337900055
                    ],
                    [
                        -76.732946181829675,
                        38.977131496413229
                    ]
                ]
            }
        },
        {
            "type": "Feature",
            "properties": {
                "sgmntid": 54,
                "name_2": "15475 Annapolis Rd",
                "id": 54,
                "intersection_1_location": "38.97919474367319,-76.73533097411718",
                "intersection_2_location": "38.97741731421548,-76.73453604335467",
                "neighborhood": "Route 450 Mainstreet",
                "Group": "Route 450 Mainstreet",
                "layer": "Bowie_CustomMarked",
                "location_id": 54,
                "form3": 42.30924606,
                "dens2": 36.92466736,
                "prox3": 21.86003113,
                "conn6": 80.5850296,
                "parks2": 0.0,
                "peds4": 26.25033569,
                "safe": 52.29647827,
                "traffic5": 46.80819702,
                "aesttot3": 35.83328629,
                "paf2": 8.0036898e-06,
                "sopindex7": 31.70057554,
                "zscored_form3": 13.66275406,
                "zscored_dens2": -2.046435595,
                "zscored_prox3": 3.790765762,
                "zscored_conn6": -0.4574847817,
                "zscored_parks2": -1.480694154,
                "zscored_peds4": -3.99153471,
                "zscored_safe": -6.215035915,
                "zscored_traffic5": -5.115451813,
                "zscored_aesttot3": -8.694468498000001,
                "zscored_paf2": -0.4590791464,
                "zscored_sopindex7": -37.41720269,
                "country": "USA",
                "state": "Maryland",
                "city": "Bowie",
                "surfpkng_x": 2,
                "sizeparkimi2_x": 2,
                "prctpkng_x": 1,
                "adultuse": 0,
                "arcades_x": 0,
                "attrtve_x": 1,
                "awnings_x": 0,
                "barsclub_x": 0,
                "beach_x": 0,
                "benches_x": 0,
                "bigbox_x": 0,
                "bikelane_x": 0,
                "bikerack_x": 0,
                "bikeretl_x": 0,
                "bikeshre_x": 0,
                "billbrd_x": 1,
                "bklntype_x": 0,
                "blnkwall_x": 0,
                "buffboll_x": 0,
                "bufffence_x": 0,
                "buffpkcr_x": 0,
                "buffsttr_x": 0,
                "busstops_x": 0,
                "cardeal_x": 1,
                "chainstre_x": 1,
                "chckcash_x": 0,
                "civother_x": 0,
                "coffshop_x": 0,
                "college_x": 0,
                "comctlib_x": 1,
                "condoapt_x": 0,
                "cornerst_x": 0,
                "crosing2_x": 0,
                "croswalk_x": 1,
                "dining_x": 0,
                "dogs_x": 0,
                "driveway_x": 0,
                "drivthru_x": 0,
                "dumpster_x": 1,
                "farnermk_x": 0,
                "fastfood_x": 0,
                "financl_x": 0,
                "flatslpe_x": 1,
                "gasserv_x": 0,
                "gated_x": 0,
                "grafitti_x": 0,
                "gymfitns_x": 0,
                "hardgood_x": 1,
                "highschl_x": 0,
                "hotelhos_x": 0,
                "indsothr_x": 0,
                "insother_x": 0,
                "kinder_x": 0,
                "libbkstr_x": 0,
                "lighting_x": 0,
                "liquorst_x": 0,
                "litter_x": 0,
                "localstre_x": 0,
                "mdhvind_x": 0,
                "medicine_x": 0,
                "midblock_x": 0,
                "mlgrcer_x": 0,
                "mntbuild_x": 0,
                "movieth_x": 0,
                "mustheat_x": 0,
                "offices_x": 1,
                "ofseroth_x": 0,
                "othrrtail_x": 0,
                "othrsdwk_x": 0,
                "parkplay_x": 0,
                "pedcrs2_x": 0,
                "pedcrssgn_x": 0,
                "playsprt_x": 0,
                "plazasq_x": 0,
                "prdusprk_x": 0,
                "primschl_x": 0,
                "prmntbldgh_x": 0,
                "pubart_x": 0,
                "pubcivic_x": 0,
                "pubgardn_x": 0,
                "pubrestr_x": 0,
                "recoher_x": 0,
                "religion_x": 0,
                "restarnt_x": 0,
                "restaurant_x": 0,
                "schother_x": 0,
                "scndschl_x": 0,
                "sdwkcomp_x": 1,
                "sdwkshde_x": 0,
                "service_x": 0,
                "sfhatach_x": 0,
                "shopmall_x": 0,
                "sidewalk_x": 2,
                "softgood_x": 0,
                "stopsgn2_x": 0,
                "stopsign_x": 1,
                "strpmall_x": 1,
                "strttree_x": 1,
                "stvendor_x": 0,
                "townhome_x": 0,
                "traffsig_x": 0,
                "trafsgn2_x": 0,
                "trcmpark_x": 1,
                "undevlnd_x": 0,
                "vehlanes_x": 2,
                "vermixus_x": 0,
                "pedactsgn_x": 0,
                "pedact2_x": 0,
                "smlgrcer_x": 0,
                "gateaccs_x": 0,
                "sdwkpave_x": 0,
                "diffrdsf_x": 0,
                "dfrdsf2_x": 0,
                "cmother_x": 1,
                "zebrastp_x": 0,
                "crsothr2_x": 0,
                "zebra2_x": 0,
                "trafcrcl_x": 0,
                "rumblesp_x": 0,
                "spdbump_x": 0,
                "pbspothr_x": 0,
                "prctbldg_x": 1,
                "swptcoth_x": 0,
                "heatlamp_x": 0,
                "pedstreet_x": 0,
                "banners_x": 0,
                "multifamtot": 0,
                "school": 0,
                "retrest": 1,
                "sdwkbuff": 0,
                "vehlanestot": 2,
                "sixlnrd": 0,
                "sixlnrdrecoded": 0,
                "implndusrecoded": 0,
                "bldgstry": 0,
                "sizeparkimi1": 2,
                "crosswalktot": 1,
                "diffrdsftot": 0,
                "pedactsgntot": 0,
                "pedcssigntot": 0,
                "schooltot": 0,
                "officestot": 1,
                "liquorbaradultcheckcashing": 0,
                "markings": 1,
                "markings2": 0,
                "vehsigs": 1,
                "vehsigs2": 0,
                "vehlanestotrecoded": 2,
                "trafcalmtot": 0,
                "markingsint": 2,
                "markingsint2": -1,
                "vehsigsint": 2,
                "vehsigs2int": 1,
                "medianint": 0,
                "trafcalmtotint": -1,
                "midcrsmarkint": 0,
                "strpmalllnt": 1,
                "retrestint": 2,
                "commothrint": 0,
                "restarntint": 0,
                "coffshopint": 0,
                "cornerstint": 0,
                "moviethint": 0,
                "barsclubint": 0,
                "culsacpedptint": 0,
                "StreetName": "15475 Annapolis Rd",
                "IntersectionA": "15475 Annapolis Rd & Annapolis Rd",
                "IntersectionB": "15475 Annapolis Rd",
                "name_osm": "Annapolis Road",
                "intersc1": "15475 Annapolis Rd & Annapolis Rd",
                "intersc2": "15475 Annapolis Rd",
                "tract_geoid": "24033800504",
                "tract_name": "Census Tract 8005.04",
                "STATEFP": "24",
                "COUNTYFP": "033",
                "n_tracts": 1,
                "tract_share": 1.0,
                "match": "overlay",
                "total_pop": 4442.0,
                "median_hh_income": 140250.0,
                "median_home_value": 427100.0,
                "commuters_total": 2404.0,
                "commuters_transit": 74.0,
                "renter_no_vehicle": 32.0,
                "Unnamed: 0": 52,
                "form3norm": 42.30924606,
                "dens2norm": 36.92466736,
                "prox3norm": 21.86003113,
                "conn6norm": 80.5850296,
                "parks2norm": 0.0,
                "peds4norm": 26.25033569,
                "safenorm": 52.29647827,
                "traffic5norm": 56.48084266,
                "aesttot3norm": 35.83328629,
                "paf2norm": 8.0036898e-06,
                "sop7norm": 33.73630854,
                " ": 0,
                "arcades_y": 0,
                "attrtve_y": 1,
                "awnings_y": 0,
                "barsclub_y": 0,
                "beach_y": 0,
                "benches_y": 0,
                "bigbox_y": 0,
                "bikelane_y": 0,
                "bikerack_y": 0,
                "bikeretl_y": 0,
                "bikeshre_y": 0,
                "billbrd_y": 1,
                "bklntype_y": 0,
                "blnkwall_y": 0,
                "buffboll_y": 0,
                "bufffence_y": 0,
                "buffpkcr_y": 0,
                "buffsttr_y": 0,
                "busstops_y": 0,
                "cardeal_y": 1,
                "chainstre_y": 1,
                "chckcash_y": 0,
                "civother_y": 0,
                "coffshop_y": 0,
                "college_y": 0,
                "comctlib_y": 1,
                "condoapt_y": 0,
                "cornerst_y": 0,
                "crosing2_y": 0,
                "croswalk_y": 1,
                "dining_y": 0,
                "dogs_y": 0,
                "driveway_y": 0,
                "drivthru_y": 0,
                "dumpster_y": 1,
                "farnermk_y": 0,
                "fastfood_y": 0,
                "financl_y": 0,
                "flatslpe_y": 1,
                "gasserv_y": 0,
                "gated_y": 0,
                "grafitti_y": 0,
                "gymfitns_y": 0,
                "hardgood_y": 1,
                "highschl_y": 0,
                "hotelhos_y": 0,
                "indsothr_y": 0,
                "insother_y": 0,
                "kinder_y": 0,
                "libbkstr_y": 0,
                "lighting_y": 0,
                "liquorst_y": 0,
                "litter_y": 0,
                "localstre_y": 0,
                "mdhvind_y": 0,
                "medicine_y": 0,
                "midblock_y": 0,
                "mlgrcer_y": 0,
                "mntbuild_y": 0,
                "movieth_y": 0,
                "mustheat_y": 0,
                "offices_y": 1,
                "ofseroth_y": 0,
                "othrrtail_y": 0,
                "othrsdwk_y": 0,
                "parkplay_y": 0,
                "pedcrs2_y": 0,
                "pedcrssgn_y": 0,
                "playsprt_y": 0,
                "plazasq_y": 0,
                "prctpkng_y": 1,
                "prdusprk_y": 0,
                "primschl_y": 0,
                "prmntbldgh_y": 0,
                "pubart_y": 0,
                "pubcivic_y": 0,
                "pubgardn_y": 0,
                "pubrestr_y": 0,
                "recoher_y": 0,
                "religion_y": 0,
                "restarnt_y": 0,
                "restaurant_y": 0,
                "schother_y": 0,
                "scndschl_y": 0,
                "sdwkcomp_y": 2,
                "sdwkshde_y": 0,
                "service_y": 0,
                "sfhatach_y": 0,
                "shopmall_y": 0,
                "sidewalk_y": 2,
                "sizeparkimi2_y": 2,
                "softgood_y": 0,
                "stopsgn2_y": 0,
                "stopsign_y": 1,
                "strpmall_y": 1,
                "strttree_y": 1,
                "stvendor_y": 0,
                "surfpkng_y": 2,
                "townhome_y": 0,
                "traffsig_y": 0,
                "trafsgn2_y": 0,
                "trcmpark_y": 1,
                "undevlnd_y": 0,
                "vehlanes_y": 2,
                "vermixus_y": 0,
                "pedactsgn_y": 0,
                "pedact2_y": 0,
                "smlgrcer_y": 0,
                "gateaccs_y": 0,
                "sdwkpave_y": 0,
                "diffrdsf_y": 0,
                "dfrdsf2_y": 0,
                "cmother_y": 1,
                "zebrastp_y": 0,
                "crsothr2_y": 0,
                "zebra2_y": 0,
                "trafcrcl_y": 0,
                "rumblesp_y": 0,
                "spdbump_y": 0,
                "pbspothr_y": 0,
                "prctbldg_y": 1,
                "swptcoth_y": 0,
                "heatlamp_y": 0,
                "pedstreet_y": 0,
                "banners_y": 0
            },
            "geometry": {
                "type": "LineString",
                "coordinates": [
                    [
                        -76.735330974117176,
                        38.97919474367319
                    ],
                    [
                        -76.734536043354666,
                        38.977417314215479
                    ]
                ]
            }
        },
        {
            "type": "Feature",
            "properties": {
                "sgmntid": 55,
                "name_2": "Stonybrook Dr",
                "id": 55,
                "intersection_1_location": "38.97856951723078,-76.73758178930986",
                "intersection_2_location": "38.977774586468286,-76.73717092621912",
                "neighborhood": "Route 450 Mainstreet",
                "Group": "Route 450 Mainstreet",
                "layer": "Bowie_CustomMarked",
                "location_id": 55,
                "form3": 80.64781189,
                "dens2": 36.92466736,
                "prox3": 14.35516453,
                "conn6": 73.1760025,
                "parks2": 0.0,
                "peds4": 31.73906517,
                "safe": 78.05537415000001,
                "traffic5": 43.71530533,
                "aesttot3": 51.53576279,
                "paf2": 8.0036898e-06,
                "sopindex7": 45.48213358,
                "zscored_form3": -1.24777019,
                "zscored_dens2": -2.046435595,
                "zscored_prox3": 0.6286947727,
                "zscored_conn6": 1.005057454,
                "zscored_parks2": -1.480694154,
                "zscored_peds4": -1.108988166,
                "zscored_safe": -0.1753524542,
                "zscored_traffic5": -6.431939125,
                "zscored_aesttot3": 1.286376715,
                "zscored_paf2": -0.4590791464,
                "zscored_sopindex7": -9.544704417,
                "country": "USA",
                "state": "Maryland",
                "city": "Bowie",
                "surfpkng_x": 1,
                "sizeparkimi2_x": 1,
                "prctpkng_x": 1,
                "adultuse": 0,
                "arcades_x": 0,
                "attrtve_x": 1,
                "awnings_x": 0,
                "barsclub_x": 0,
                "beach_x": 0,
                "benches_x": 0,
                "bigbox_x": 0,
                "bikelane_x": 0,
                "bikerack_x": 0,
                "bikeretl_x": 0,
                "bikeshre_x": 0,
                "billbrd_x": 0,
                "bklntype_x": 0,
                "blnkwall_x": 0,
                "buffboll_x": 0,
                "bufffence_x": 0,
                "buffpkcr_x": 0,
                "buffsttr_x": 0,
                "busstops_x": 0,
                "cardeal_x": 0,
                "chainstre_x": 1,
                "chckcash_x": 0,
                "civother_x": 0,
                "coffshop_x": 0,
                "college_x": 0,
                "comctlib_x": 0,
                "condoapt_x": 0,
                "cornerst_x": 0,
                "crosing2_x": 0,
                "croswalk_x": 2,
                "dining_x": 0,
                "dogs_x": 0,
                "driveway_x": 0,
                "drivthru_x": 0,
                "dumpster_x": 0,
                "farnermk_x": 0,
                "fastfood_x": 0,
                "financl_x": 1,
                "flatslpe_x": 1,
                "gasserv_x": 0,
                "gated_x": 0,
                "grafitti_x": 0,
                "gymfitns_x": 0,
                "hardgood_x": 0,
                "highschl_x": 0,
                "hotelhos_x": 0,
                "indsothr_x": 0,
                "insother_x": 0,
                "kinder_x": 0,
                "libbkstr_x": 0,
                "lighting_x": 1,
                "liquorst_x": 0,
                "litter_x": 0,
                "localstre_x": 0,
                "mdhvind_x": 0,
                "medicine_x": 0,
                "midblock_x": 0,
                "mlgrcer_x": 0,
                "mntbuild_x": 0,
                "movieth_x": 0,
                "mustheat_x": 0,
                "offices_x": 0,
                "ofseroth_x": 0,
                "othrrtail_x": 0,
                "othrsdwk_x": 1,
                "parkplay_x": 0,
                "pedcrs2_x": 0,
                "pedcrssgn_x": 0,
                "playsprt_x": 0,
                "plazasq_x": 0,
                "prdusprk_x": 0,
                "primschl_x": 0,
                "prmntbldgh_x": 0,
                "pubart_x": 0,
                "pubcivic_x": 0,
                "pubgardn_x": 0,
                "pubrestr_x": 0,
                "recoher_x": 0,
                "religion_x": 0,
                "restarnt_x": 0,
                "restaurant_x": 0,
                "schother_x": 0,
                "scndschl_x": 0,
                "sdwkcomp_x": 1,
                "sdwkshde_x": 0,
                "service_x": 0,
                "sfhatach_x": 0,
                "shopmall_x": 0,
                "sidewalk_x": 2,
                "softgood_x": 0,
                "stopsgn2_x": 0,
                "stopsign_x": 0,
                "strpmall_x": 1,
                "strttree_x": 1,
                "stvendor_x": 0,
                "townhome_x": 0,
                "traffsig_x": 1,
                "trafsgn2_x": 0,
                "trcmpark_x": 0,
                "undevlnd_x": 0,
                "vehlanes_x": 4,
                "vermixus_x": 0,
                "pedactsgn_x": 0,
                "pedact2_x": 0,
                "smlgrcer_x": 1,
                "gateaccs_x": 0,
                "sdwkpave_x": 0,
                "diffrdsf_x": 0,
                "dfrdsf2_x": 0,
                "cmother_x": 1,
                "zebrastp_x": 0,
                "crsothr2_x": 1,
                "zebra2_x": 0,
                "trafcrcl_x": 0,
                "rumblesp_x": 0,
                "spdbump_x": 0,
                "pbspothr_x": 0,
                "prctbldg_x": 1,
                "swptcoth_x": 0,
                "heatlamp_x": 0,
                "pedstreet_x": 0,
                "banners_x": 0,
                "multifamtot": 0,
                "school": 0,
                "retrest": 1,
                "sdwkbuff": 0,
                "vehlanestot": 4,
                "sixlnrd": 0,
                "sixlnrdrecoded": 0,
                "implndusrecoded": 0,
                "bldgstry": 0,
                "sizeparkimi1": 1,
                "crosswalktot": 2,
                "diffrdsftot": 0,
                "pedactsgntot": 0,
                "pedcssigntot": 0,
                "schooltot": 0,
                "officestot": 0,
                "liquorbaradultcheckcashing": 0,
                "markings": 1,
                "markings2": 1,
                "vehsigs": 1,
                "vehsigs2": 0,
                "vehlanestotrecoded": 4,
                "trafcalmtot": 0,
                "markingsint": 2,
                "markingsint2": 2,
                "vehsigsint": 2,
                "vehsigs2int": 1,
                "medianint": 0,
                "trafcalmtotint": -1,
                "midcrsmarkint": 0,
                "strpmalllnt": 0,
                "retrestint": 2,
                "commothrint": 0,
                "restarntint": 0,
                "coffshopint": 0,
                "cornerstint": 0,
                "moviethint": 0,
                "barsclubint": 0,
                "culsacpedptint": 0,
                "StreetName": "Stonybrook Dr",
                "IntersectionA": "Stonybrook Dr & Annapolis Rd",
                "IntersectionB": "Stonybrook Dr & Plaza Way",
                "name_osm": "Annapolis Road",
                "intersc1": "Stonybrook Dr & Annapolis Rd",
                "intersc2": "Stonybrook Dr & Plaza Way",
                "tract_geoid": "24033800504",
                "tract_name": "Census Tract 8005.04",
                "STATEFP": "24",
                "COUNTYFP": "033",
                "n_tracts": 1,
                "tract_share": 1.0,
                "match": "overlay",
                "total_pop": 4442.0,
                "median_hh_income": 140250.0,
                "median_home_value": 427100.0,
                "commuters_total": 2404.0,
                "commuters_transit": 74.0,
                "renter_no_vehicle": 32.0,
                "Unnamed: 0": 53,
                "form3norm": 74.56008148,
                "dens2norm": 27.79145241,
                "prox3norm": 14.35516453,
                "conn6norm": 73.1760025,
                "parks2norm": 0.0,
                "peds4norm": 31.73906517,
                "safenorm": 78.05537415000001,
                "traffic5norm": 61.15965367,
                "aesttot3norm": 51.53576279,
                "paf2norm": 8.0036898e-06,
                "sop7norm": 47.26643035,
                " ": 0,
                "arcades_y": 0,
                "attrtve_y": 1,
                "awnings_y": 0,
                "barsclub_y": 0,
                "beach_y": 0,
                "benches_y": 0,
                "bigbox_y": 0,
                "bikelane_y": 0,
                "bikerack_y": 0,
                "bikeretl_y": 0,
                "bikeshre_y": 0,
                "billbrd_y": 0,
                "bklntype_y": 0,
                "blnkwall_y": 0,
                "buffboll_y": 0,
                "bufffence_y": 0,
                "buffpkcr_y": 0,
                "buffsttr_y": 0,
                "busstops_y": 0,
                "cardeal_y": 0,
                "chainstre_y": 1,
                "chckcash_y": 0,
                "civother_y": 0,
                "coffshop_y": 0,
                "college_y": 0,
                "comctlib_y": 0,
                "condoapt_y": 0,
                "cornerst_y": 0,
                "crosing2_y": 0,
                "croswalk_y": 2,
                "dining_y": 0,
                "dogs_y": 0,
                "driveway_y": 0,
                "drivthru_y": 0,
                "dumpster_y": 0,
                "farnermk_y": 0,
                "fastfood_y": 0,
                "financl_y": 1,
                "flatslpe_y": 1,
                "gasserv_y": 0,
                "gated_y": 0,
                "grafitti_y": 0,
                "gymfitns_y": 0,
                "hardgood_y": 0,
                "highschl_y": 0,
                "hotelhos_y": 0,
                "indsothr_y": 0,
                "insother_y": 0,
                "kinder_y": 0,
                "libbkstr_y": 0,
                "lighting_y": 1,
                "liquorst_y": 0,
                "litter_y": 0,
                "localstre_y": 0,
                "mdhvind_y": 0,
                "medicine_y": 0,
                "midblock_y": 0,
                "mlgrcer_y": 0,
                "mntbuild_y": 0,
                "movieth_y": 0,
                "mustheat_y": 0,
                "offices_y": 0,
                "ofseroth_y": 0,
                "othrrtail_y": 0,
                "othrsdwk_y": 1,
                "parkplay_y": 0,
                "pedcrs2_y": 0,
                "pedcrssgn_y": 0,
                "playsprt_y": 0,
                "plazasq_y": 0,
                "prctpkng_y": 1,
                "prdusprk_y": 0,
                "primschl_y": 0,
                "prmntbldgh_y": 1,
                "pubart_y": 0,
                "pubcivic_y": 0,
                "pubgardn_y": 0,
                "pubrestr_y": 0,
                "recoher_y": 0,
                "religion_y": 0,
                "restarnt_y": 0,
                "restaurant_y": 0,
                "schother_y": 0,
                "scndschl_y": 0,
                "sdwkcomp_y": 2,
                "sdwkshde_y": 0,
                "service_y": 0,
                "sfhatach_y": 0,
                "shopmall_y": 0,
                "sidewalk_y": 2,
                "sizeparkimi2_y": 1,
                "softgood_y": 0,
                "stopsgn2_y": 0,
                "stopsign_y": 0,
                "strpmall_y": 1,
                "strttree_y": 1,
                "stvendor_y": 0,
                "surfpkng_y": 1,
                "townhome_y": 0,
                "traffsig_y": 1,
                "trafsgn2_y": 0,
                "trcmpark_y": 0,
                "undevlnd_y": 0,
                "vehlanes_y": 4,
                "vermixus_y": 0,
                "pedactsgn_y": 0,
                "pedact2_y": 0,
                "smlgrcer_y": 1,
                "gateaccs_y": 0,
                "sdwkpave_y": 0,
                "diffrdsf_y": 0,
                "dfrdsf2_y": 0,
                "cmother_y": 1,
                "zebrastp_y": 0,
                "crsothr2_y": 1,
                "zebra2_y": 0,
                "trafcrcl_y": 0,
                "rumblesp_y": 0,
                "spdbump_y": 0,
                "pbspothr_y": 0,
                "prctbldg_y": 0,
                "swptcoth_y": 0,
                "heatlamp_y": 0,
                "pedstreet_y": 0,
                "banners_y": 0
            },
            "geometry": {
                "type": "LineString",
                "coordinates": [
                    [
                        -76.737581789309857,
                        38.978569517230781
                    ],
                    [
                        -76.737170926219122,
                        38.977774586468286
                    ]
                ]
            }
        },
        {
            "type": "Feature",
            "properties": {
                "sgmntid": 56,
                "name_2": "Plaza Way",
                "id": 56,
                "intersection_1_location": "38.977944290788365,-76.73655463158303",
                "intersection_2_location": "38.97669383790354,-76.73533097411718",
                "neighborhood": "Route 450 Mainstreet",
                "Group": "Route 450 Mainstreet",
                "layer": "Bowie_CustomMarked",
                "location_id": 56,
                "form3": 30.81913376,
                "dens2": 49.578125,
                "prox3": 16.91430092,
                "conn6": 80.5850296,
                "parks2": 0.0,
                "peds4": 5.79356432,
                "safe": 64.30107117,
                "traffic5": 37.4271431,
                "aesttot3": 32.884758,
                "paf2": 8.0036898e-06,
                "sopindex7": 22.63185708,
                "zscored_form3": 18.13145447,
                "zscored_dens2": -0.03905797005,
                "zscored_prox3": 1.706950903,
                "zscored_conn6": -0.4574847817,
                "zscored_parks2": -1.480694154,
                "zscored_peds4": -14.73493671,
                "zscored_safe": -3.400320053,
                "zscored_traffic5": -9.108500481,
                "zscored_aesttot3": -10.56861591,
                "zscored_paf2": -0.4590791464,
                "zscored_sopindex7": -55.75822327,
                "country": "USA",
                "state": "Maryland",
                "city": "Bowie",
                "surfpkng_x": 2,
                "sizeparkimi2_x": 2,
                "prctpkng_x": 1,
                "adultuse": 0,
                "arcades_x": 0,
                "attrtve_x": 1,
                "awnings_x": 0,
                "barsclub_x": 0,
                "beach_x": 0,
                "benches_x": 0,
                "bigbox_x": 1,
                "bikelane_x": 0,
                "bikerack_x": 0,
                "bikeretl_x": 0,
                "bikeshre_x": 0,
                "billbrd_x": 1,
                "bklntype_x": 0,
                "blnkwall_x": 0,
                "buffboll_x": 0,
                "bufffence_x": 0,
                "buffpkcr_x": 0,
                "buffsttr_x": 0,
                "busstops_x": 0,
                "cardeal_x": 0,
                "chainstre_x": 1,
                "chckcash_x": 0,
                "civother_x": 0,
                "coffshop_x": 0,
                "college_x": 0,
                "comctlib_x": 0,
                "condoapt_x": 0,
                "cornerst_x": 0,
                "crosing2_x": 0,
                "croswalk_x": 0,
                "dining_x": 0,
                "dogs_x": 0,
                "driveway_x": 0,
                "drivthru_x": 0,
                "dumpster_x": 0,
                "farnermk_x": 0,
                "fastfood_x": 0,
                "financl_x": 0,
                "flatslpe_x": 1,
                "gasserv_x": 0,
                "gated_x": 0,
                "grafitti_x": 1,
                "gymfitns_x": 0,
                "hardgood_x": 0,
                "highschl_x": 0,
                "hotelhos_x": 0,
                "indsothr_x": 0,
                "insother_x": 0,
                "kinder_x": 0,
                "libbkstr_x": 0,
                "lighting_x": 1,
                "liquorst_x": 0,
                "litter_x": 0,
                "localstre_x": 0,
                "mdhvind_x": 0,
                "medicine_x": 0,
                "midblock_x": 0,
                "mlgrcer_x": 0,
                "mntbuild_x": 0,
                "movieth_x": 0,
                "mustheat_x": 0,
                "offices_x": 0,
                "ofseroth_x": 0,
                "othrrtail_x": 0,
                "othrsdwk_x": 0,
                "parkplay_x": 0,
                "pedcrs2_x": 0,
                "pedcrssgn_x": 0,
                "playsprt_x": 0,
                "plazasq_x": 0,
                "prdusprk_x": 0,
                "primschl_x": 0,
                "prmntbldgh_x": 0,
                "pubart_x": 0,
                "pubcivic_x": 0,
                "pubgardn_x": 0,
                "pubrestr_x": 0,
                "recoher_x": 0,
                "religion_x": 0,
                "restarnt_x": 0,
                "restaurant_x": 0,
                "schother_x": 1,
                "scndschl_x": 0,
                "sdwkcomp_x": 0,
                "sdwkshde_x": 0,
                "service_x": 0,
                "sfhatach_x": 0,
                "shopmall_x": 0,
                "sidewalk_x": 0,
                "softgood_x": 0,
                "stopsgn2_x": 0,
                "stopsign_x": 0,
                "strpmall_x": 1,
                "strttree_x": 1,
                "stvendor_x": 0,
                "townhome_x": 1,
                "traffsig_x": 0,
                "trafsgn2_x": 0,
                "trcmpark_x": 0,
                "undevlnd_x": 0,
                "vehlanes_x": 2,
                "vermixus_x": 0,
                "pedactsgn_x": 0,
                "pedact2_x": 0,
                "smlgrcer_x": 0,
                "gateaccs_x": 0,
                "sdwkpave_x": 0,
                "diffrdsf_x": 0,
                "dfrdsf2_x": 0,
                "cmother_x": 0,
                "zebrastp_x": 0,
                "crsothr2_x": 1,
                "zebra2_x": 0,
                "trafcrcl_x": 0,
                "rumblesp_x": 0,
                "spdbump_x": 0,
                "pbspothr_x": 0,
                "prctbldg_x": 1,
                "swptcoth_x": 0,
                "heatlamp_x": 0,
                "pedstreet_x": 0,
                "banners_x": 0,
                "multifamtot": 1,
                "school": 1,
                "retrest": 1,
                "sdwkbuff": 0,
                "vehlanestot": 2,
                "sixlnrd": 0,
                "sixlnrdrecoded": 0,
                "implndusrecoded": 0,
                "bldgstry": 0,
                "sizeparkimi1": 2,
                "crosswalktot": 0,
                "diffrdsftot": 0,
                "pedactsgntot": 0,
                "pedcssigntot": 0,
                "schooltot": 2,
                "officestot": 0,
                "liquorbaradultcheckcashing": 0,
                "markings": 0,
                "markings2": 1,
                "vehsigs": 0,
                "vehsigs2": 0,
                "vehlanestotrecoded": 2,
                "trafcalmtot": 0,
                "markingsint": 1,
                "markingsint2": 0,
                "vehsigsint": 1,
                "vehsigs2int": 1,
                "medianint": 0,
                "trafcalmtotint": -1,
                "midcrsmarkint": 0,
                "strpmalllnt": 1,
                "retrestint": 1,
                "commothrint": 0,
                "restarntint": 0,
                "coffshopint": 0,
                "cornerstint": 0,
                "moviethint": 0,
                "barsclubint": 0,
                "culsacpedptint": 0,
                "StreetName": "Plaza Way",
                "IntersectionA": "Plaza Way & Stonybrook Dr",
                "IntersectionB": "Plaza Way & Sage Lane",
                "name_osm": null,
                "intersc1": "Plaza Way & Stonybrook Dr",
                "intersc2": "Plaza Way & Sage Lane",
                "tract_geoid": "24033800504",
                "tract_name": "Census Tract 8005.04",
                "STATEFP": "24",
                "COUNTYFP": "033",
                "n_tracts": 1,
                "tract_share": 1.0,
                "match": "overlay",
                "total_pop": 4442.0,
                "median_hh_income": 140250.0,
                "median_home_value": 427100.0,
                "commuters_total": 2404.0,
                "commuters_transit": 74.0,
                "renter_no_vehicle": 32.0,
                "Unnamed: 0": 54,
                "form3norm": 29.35414886,
                "dens2norm": 46.33876038,
                "prox3norm": 16.91430092,
                "conn6norm": 80.5850296,
                "parks2norm": 0.0,
                "peds4norm": 5.79356432,
                "safenorm": 64.30107117,
                "traffic5norm": 43.02787818,
                "aesttot3norm": 32.884758,
                "paf2norm": 8.0036898e-06,
                "sop7norm": 23.2747891,
                " ": 0,
                "arcades_y": 0,
                "attrtve_y": 1,
                "awnings_y": 0,
                "barsclub_y": 0,
                "beach_y": 0,
                "benches_y": 0,
                "bigbox_y": 1,
                "bikelane_y": 0,
                "bikerack_y": 0,
                "bikeretl_y": 0,
                "bikeshre_y": 0,
                "billbrd_y": 1,
                "bklntype_y": 0,
                "blnkwall_y": 0,
                "buffboll_y": 0,
                "bufffence_y": 0,
                "buffpkcr_y": 0,
                "buffsttr_y": 0,
                "busstops_y": 0,
                "cardeal_y": 0,
                "chainstre_y": 1,
                "chckcash_y": 0,
                "civother_y": 0,
                "coffshop_y": 0,
                "college_y": 0,
                "comctlib_y": 0,
                "condoapt_y": 0,
                "cornerst_y": 0,
                "crosing2_y": 0,
                "croswalk_y": 0,
                "dining_y": 0,
                "dogs_y": 0,
                "driveway_y": 0,
                "drivthru_y": 0,
                "dumpster_y": 0,
                "farnermk_y": 0,
                "fastfood_y": 0,
                "financl_y": 0,
                "flatslpe_y": 1,
                "gasserv_y": 0,
                "gated_y": 0,
                "grafitti_y": 1,
                "gymfitns_y": 0,
                "hardgood_y": 0,
                "highschl_y": 0,
                "hotelhos_y": 0,
                "indsothr_y": 0,
                "insother_y": 0,
                "kinder_y": 0,
                "libbkstr_y": 0,
                "lighting_y": 1,
                "liquorst_y": 0,
                "litter_y": 0,
                "localstre_y": 0,
                "mdhvind_y": 0,
                "medicine_y": 0,
                "midblock_y": 0,
                "mlgrcer_y": 0,
                "mntbuild_y": 0,
                "movieth_y": 0,
                "mustheat_y": 0,
                "offices_y": 0,
                "ofseroth_y": 0,
                "othrrtail_y": 0,
                "othrsdwk_y": 0,
                "parkplay_y": 0,
                "pedcrs2_y": 0,
                "pedcrssgn_y": 0,
                "playsprt_y": 0,
                "plazasq_y": 0,
                "prctpkng_y": 1,
                "prdusprk_y": 0,
                "primschl_y": 0,
                "prmntbldgh_y": 2,
                "pubart_y": 0,
                "pubcivic_y": 0,
                "pubgardn_y": 0,
                "pubrestr_y": 0,
                "recoher_y": 0,
                "religion_y": 0,
                "restarnt_y": 0,
                "restaurant_y": 0,
                "schother_y": 1,
                "scndschl_y": 0,
                "sdwkcomp_y": 0,
                "sdwkshde_y": 0,
                "service_y": 0,
                "sfhatach_y": 0,
                "shopmall_y": 0,
                "sidewalk_y": 0,
                "sizeparkimi2_y": 2,
                "softgood_y": 0,
                "stopsgn2_y": 0,
                "stopsign_y": 0,
                "strpmall_y": 1,
                "strttree_y": 1,
                "stvendor_y": 0,
                "surfpkng_y": 2,
                "townhome_y": 1,
                "traffsig_y": 0,
                "trafsgn2_y": 0,
                "trcmpark_y": 0,
                "undevlnd_y": 0,
                "vehlanes_y": 2,
                "vermixus_y": 0,
                "pedactsgn_y": 0,
                "pedact2_y": 0,
                "smlgrcer_y": 0,
                "gateaccs_y": 0,
                "sdwkpave_y": 0,
                "diffrdsf_y": 0,
                "dfrdsf2_y": 0,
                "cmother_y": 0,
                "zebrastp_y": 0,
                "crsothr2_y": 1,
                "zebra2_y": 0,
                "trafcrcl_y": 0,
                "rumblesp_y": 0,
                "spdbump_y": 0,
                "pbspothr_y": 0,
                "prctbldg_y": 0,
                "swptcoth_y": 0,
                "heatlamp_y": 0,
                "pedstreet_y": 0,
                "banners_y": 0
            },
            "geometry": {
                "type": "LineString",
                "coordinates": [
                    [
                        -76.736554631583033,
                        38.977944290788365
                    ],
                    [
                        -76.735330974117176,
                        38.976693837903539
                    ]
                ]
            }
        },
        {
            "type": "Feature",
            "properties": {
                "sgmntid": 57,
                "name_2": "8th Street",
                "id": 57,
                "intersection_1_location": "39.00910736303948,-76.7803874710993",
                "intersection_2_location": "39.009169885683725,-76.77889585944384",
                "neighborhood": "Old Town Bowie",
                "Group": "Old Town Bowie",
                "layer": "Bowie_CustomMarked",
                "location_id": 57,
                "form3": 87.19783783,
                "dens2": 65.2858429,
                "prox3": 0.0,
                "conn6": 80.5850296,
                "parks2": 0.0,
                "peds4": 45.03988266,
                "safe": 55.04088593,
                "traffic5": 55.08897781,
                "aesttot3": 57.99232101,
                "paf2": 8.0036898e-06,
                "sopindex7": 51.90756338,
                "zscored_form3": -3.795188904,
                "zscored_dens2": 2.452855587,
                "zscored_prox3": -5.4196558,
                "zscored_conn6": -0.4574847817,
                "zscored_parks2": -1.480694154,
                "zscored_peds4": 5.876280308,
                "zscored_safe": -5.571555614,
                "zscored_traffic5": -1.590732098,
                "zscored_aesttot3": 5.39030695,
                "zscored_paf2": -0.4590791464,
                "zscored_sopindex7": 3.450399658,
                "country": "USA",
                "state": "Maryland",
                "city": "Bowie",
                "surfpkng_x": 0,
                "sizeparkimi2_x": 0,
                "prctpkng_x": 0,
                "adultuse": 0,
                "arcades_x": 0,
                "attrtve_x": 1,
                "awnings_x": 0,
                "barsclub_x": 0,
                "beach_x": 0,
                "benches_x": 1,
                "bigbox_x": 0,
                "bikelane_x": 0,
                "bikerack_x": 0,
                "bikeretl_x": 0,
                "bikeshre_x": 0,
                "billbrd_x": 0,
                "bklntype_x": 0,
                "blnkwall_x": 1,
                "buffboll_x": 0,
                "bufffence_x": 1,
                "buffpkcr_x": 0,
                "buffsttr_x": 0,
                "busstops_x": 0,
                "cardeal_x": 0,
                "chainstre_x": 0,
                "chckcash_x": 0,
                "civother_x": 0,
                "coffshop_x": 0,
                "college_x": 0,
                "comctlib_x": 0,
                "condoapt_x": 0,
                "cornerst_x": 0,
                "crosing2_x": 0,
                "croswalk_x": 0,
                "dining_x": 0,
                "dogs_x": 0,
                "driveway_x": 0,
                "drivthru_x": 0,
                "dumpster_x": 0,
                "farnermk_x": 0,
                "fastfood_x": 0,
                "financl_x": 0,
                "flatslpe_x": 1,
                "gasserv_x": 0,
                "gated_x": 0,
                "grafitti_x": 0,
                "gymfitns_x": 0,
                "hardgood_x": 0,
                "highschl_x": 0,
                "hotelhos_x": 0,
                "indsothr_x": 0,
                "insother_x": 0,
                "kinder_x": 0,
                "libbkstr_x": 0,
                "lighting_x": 0,
                "liquorst_x": 0,
                "litter_x": 1,
                "localstre_x": 0,
                "mdhvind_x": 0,
                "medicine_x": 0,
                "midblock_x": 0,
                "mlgrcer_x": 0,
                "mntbuild_x": 0,
                "movieth_x": 0,
                "mustheat_x": 0,
                "offices_x": 0,
                "ofseroth_x": 0,
                "othrrtail_x": 0,
                "othrsdwk_x": 1,
                "parkplay_x": 0,
                "pedcrs2_x": 0,
                "pedcrssgn_x": 0,
                "playsprt_x": 0,
                "plazasq_x": 0,
                "prdusprk_x": 0,
                "primschl_x": 0,
                "prmntbldgh_x": 0,
                "pubart_x": 0,
                "pubcivic_x": 0,
                "pubgardn_x": 0,
                "pubrestr_x": 0,
                "recoher_x": 0,
                "religion_x": 0,
                "restarnt_x": 0,
                "restaurant_x": 0,
                "schother_x": 0,
                "scndschl_x": 0,
                "sdwkcomp_x": 1,
                "sdwkshde_x": 1,
                "service_x": 0,
                "sfhatach_x": 1,
                "shopmall_x": 0,
                "sidewalk_x": 2,
                "softgood_x": 0,
                "stopsgn2_x": 1,
                "stopsign_x": 0,
                "strpmall_x": 0,
                "strttree_x": 1,
                "stvendor_x": 0,
                "townhome_x": 1,
                "traffsig_x": 0,
                "trafsgn2_x": 0,
                "trcmpark_x": 0,
                "undevlnd_x": 0,
                "vehlanes_x": 2,
                "vermixus_x": 0,
                "pedactsgn_x": 0,
                "pedact2_x": 0,
                "smlgrcer_x": 0,
                "gateaccs_x": 0,
                "sdwkpave_x": 0,
                "diffrdsf_x": 0,
                "dfrdsf2_x": 0,
                "cmother_x": 0,
                "zebrastp_x": 0,
                "crsothr2_x": 0,
                "zebra2_x": 0,
                "trafcrcl_x": 0,
                "rumblesp_x": 0,
                "spdbump_x": 0,
                "pbspothr_x": 0,
                "prctbldg_x": 1,
                "swptcoth_x": 0,
                "heatlamp_x": 0,
                "pedstreet_x": 0,
                "banners_x": 0,
                "multifamtot": 1,
                "school": 0,
                "retrest": 0,
                "sdwkbuff": 1,
                "vehlanestot": 2,
                "sixlnrd": 0,
                "sixlnrdrecoded": 0,
                "implndusrecoded": 0,
                "bldgstry": 0,
                "sizeparkimi1": 0,
                "crosswalktot": 0,
                "diffrdsftot": 0,
                "pedactsgntot": 0,
                "pedcssigntot": 0,
                "schooltot": 0,
                "officestot": 0,
                "liquorbaradultcheckcashing": 0,
                "markings": 0,
                "markings2": 0,
                "vehsigs": 0,
                "vehsigs2": 1,
                "vehlanestotrecoded": 2,
                "trafcalmtot": 0,
                "markingsint": 1,
                "markingsint2": 1,
                "vehsigsint": 1,
                "vehsigs2int": 2,
                "medianint": 0,
                "trafcalmtotint": 1,
                "midcrsmarkint": 0,
                "strpmalllnt": 0,
                "retrestint": 0,
                "commothrint": 0,
                "restarntint": 0,
                "coffshopint": 0,
                "cornerstint": 0,
                "moviethint": 0,
                "barsclubint": 0,
                "culsacpedptint": 0,
                "StreetName": "8th Street",
                "IntersectionA": "8th Street & Chapel Ave",
                "IntersectionB": "8th Street & Chestnut Ave",
                "name_osm": "Chestnut Avenue",
                "intersc1": "8th Street & Chapel Ave",
                "intersc2": "8th Street & Chestnut Ave",
                "tract_geoid": "24033800410",
                "tract_name": "Census Tract 8004.10",
                "STATEFP": "24",
                "COUNTYFP": "033",
                "n_tracts": 1,
                "tract_share": 1.0,
                "match": "overlay",
                "total_pop": 6681.0,
                "median_hh_income": 173611.0,
                "median_home_value": 561200.0,
                "commuters_total": 3319.0,
                "commuters_transit": 102.0,
                "renter_no_vehicle": 0.0,
                "Unnamed: 0": 55,
                "form3norm": 80.15849304,
                "dens2norm": 62.04291534,
                "prox3norm": 14.19805908,
                "conn6norm": 80.5850296,
                "parks2norm": 0.0,
                "peds4norm": 45.03988266,
                "safenorm": 65.30477142,
                "traffic5norm": 43.23539494,
                "aesttot3norm": 59.49041748,
                "paf2norm": 34.52737808,
                "sop7norm": 56.17398436,
                " ": 0,
                "arcades_y": 0,
                "attrtve_y": 1,
                "awnings_y": 0,
                "barsclub_y": 0,
                "beach_y": 0,
                "benches_y": 1,
                "bigbox_y": 0,
                "bikelane_y": 0,
                "bikerack_y": 0,
                "bikeretl_y": 0,
                "bikeshre_y": 0,
                "billbrd_y": 0,
                "bklntype_y": 0,
                "blnkwall_y": 1,
                "buffboll_y": 0,
                "bufffence_y": 1,
                "buffpkcr_y": 0,
                "buffsttr_y": 0,
                "busstops_y": 0,
                "cardeal_y": 0,
                "chainstre_y": 0,
                "chckcash_y": 0,
                "civother_y": 0,
                "coffshop_y": 0,
                "college_y": 0,
                "comctlib_y": 1,
                "condoapt_y": 0,
                "cornerst_y": 0,
                "crosing2_y": 0,
                "croswalk_y": 0,
                "dining_y": 0,
                "dogs_y": 0,
                "driveway_y": 0,
                "drivthru_y": 0,
                "dumpster_y": 0,
                "farnermk_y": 0,
                "fastfood_y": 0,
                "financl_y": 0,
                "flatslpe_y": 1,
                "gasserv_y": 0,
                "gated_y": 0,
                "grafitti_y": 0,
                "gymfitns_y": 0,
                "hardgood_y": 0,
                "highschl_y": 0,
                "hotelhos_y": 0,
                "indsothr_y": 0,
                "insother_y": 0,
                "kinder_y": 0,
                "libbkstr_y": 0,
                "lighting_y": 0,
                "liquorst_y": 0,
                "litter_y": 0,
                "localstre_y": 0,
                "mdhvind_y": 0,
                "medicine_y": 0,
                "midblock_y": 0,
                "mlgrcer_y": 0,
                "mntbuild_y": 0,
                "movieth_y": 0,
                "mustheat_y": 0,
                "offices_y": 0,
                "ofseroth_y": 0,
                "othrrtail_y": 0,
                "othrsdwk_y": 1,
                "parkplay_y": 0,
                "pedcrs2_y": 0,
                "pedcrssgn_y": 0,
                "playsprt_y": 0,
                "plazasq_y": 0,
                "prctpkng_y": 0,
                "prdusprk_y": 0,
                "primschl_y": 0,
                "prmntbldgh_y": 2,
                "pubart_y": 0,
                "pubcivic_y": 0,
                "pubgardn_y": 0,
                "pubrestr_y": 0,
                "recoher_y": 1,
                "religion_y": 0,
                "restarnt_y": 0,
                "restaurant_y": 0,
                "schother_y": 0,
                "scndschl_y": 0,
                "sdwkcomp_y": 1,
                "sdwkshde_y": 2,
                "service_y": 0,
                "sfhatach_y": 1,
                "shopmall_y": 0,
                "sidewalk_y": 2,
                "sizeparkimi2_y": 0,
                "softgood_y": 0,
                "stopsgn2_y": 1,
                "stopsign_y": 0,
                "strpmall_y": 0,
                "strttree_y": 1,
                "stvendor_y": 0,
                "surfpkng_y": 0,
                "townhome_y": 1,
                "traffsig_y": 0,
                "trafsgn2_y": 0,
                "trcmpark_y": 0,
                "undevlnd_y": 0,
                "vehlanes_y": 2,
                "vermixus_y": 0,
                "pedactsgn_y": 0,
                "pedact2_y": 0,
                "smlgrcer_y": 0,
                "gateaccs_y": 0,
                "sdwkpave_y": 0,
                "diffrdsf_y": 0,
                "dfrdsf2_y": 0,
                "cmother_y": 0,
                "zebrastp_y": 0,
                "crsothr2_y": 0,
                "zebra2_y": 0,
                "trafcrcl_y": 0,
                "rumblesp_y": 0,
                "spdbump_y": 0,
                "pbspothr_y": 0,
                "prctbldg_y": 0,
                "swptcoth_y": 0,
                "heatlamp_y": 0,
                "pedstreet_y": 0,
                "banners_y": 0
            },
            "geometry": {
                "type": "LineString",
                "coordinates": [
                    [
                        -76.780387471099303,
                        39.009107363039483
                    ],
                    [
                        -76.778895859443836,
                        39.009169885683725
                    ]
                ]
            }
        },
        {
            "type": "Feature",
            "properties": {
                "sgmntid": 58,
                "name_2": "Chestnut Ave",
                "id": 58,
                "intersection_1_location": "39.009169885683725,-76.77889585944384",
                "intersection_2_location": "39.00804447808738,-76.77928885892193",
                "neighborhood": "Old Town Bowie",
                "Group": "Old Town Bowie",
                "layer": "Bowie_CustomMarked",
                "location_id": 58,
                "form3": 91.21427155000001,
                "dens2": 65.2858429,
                "prox3": 24.09648132,
                "conn6": 80.5850296,
                "parks2": 0.0,
                "peds4": 27.44846916,
                "safe": 78.05537415000001,
                "traffic5": 59.48482895,
                "aesttot3": 56.06998825,
                "paf2": 8.0036898e-06,
                "sopindex7": 56.1210732,
                "zscored_form3": -5.357245922,
                "zscored_dens2": 2.452855587,
                "zscored_prox3": 4.733064175,
                "zscored_conn6": -0.4574847817,
                "zscored_parks2": -1.480694154,
                "zscored_peds4": -3.36230588,
                "zscored_safe": -0.1753524542,
                "zscored_traffic5": 0.2803611755,
                "zscored_aesttot3": 4.168428421,
                "zscored_paf2": -0.4590791464,
                "zscored_sopindex7": 11.97200837,
                "country": "USA",
                "state": "Maryland",
                "city": "Bowie",
                "surfpkng_x": 0,
                "sizeparkimi2_x": 0,
                "prctpkng_x": 0,
                "adultuse": 0,
                "arcades_x": 0,
                "attrtve_x": 1,
                "awnings_x": 0,
                "barsclub_x": 0,
                "beach_x": 0,
                "benches_x": 0,
                "bigbox_x": 0,
                "bikelane_x": 0,
                "bikerack_x": 0,
                "bikeretl_x": 0,
                "bikeshre_x": 0,
                "billbrd_x": 0,
                "bklntype_x": 0,
                "blnkwall_x": 0,
                "buffboll_x": 1,
                "bufffence_x": 0,
                "buffpkcr_x": 0,
                "buffsttr_x": 0,
                "busstops_x": 0,
                "cardeal_x": 0,
                "chainstre_x": 0,
                "chckcash_x": 0,
                "civother_x": 0,
                "coffshop_x": 0,
                "college_x": 0,
                "comctlib_x": 0,
                "condoapt_x": 0,
                "cornerst_x": 0,
                "crosing2_x": 0,
                "croswalk_x": 0,
                "dining_x": 0,
                "dogs_x": 0,
                "driveway_x": 0,
                "drivthru_x": 0,
                "dumpster_x": 0,
                "farnermk_x": 0,
                "fastfood_x": 0,
                "financl_x": 0,
                "flatslpe_x": 1,
                "gasserv_x": 0,
                "gated_x": 0,
                "grafitti_x": 0,
                "gymfitns_x": 0,
                "hardgood_x": 0,
                "highschl_x": 0,
                "hotelhos_x": 0,
                "indsothr_x": 0,
                "insother_x": 0,
                "kinder_x": 0,
                "libbkstr_x": 0,
                "lighting_x": 1,
                "liquorst_x": 0,
                "litter_x": 0,
                "localstre_x": 1,
                "mdhvind_x": 0,
                "medicine_x": 0,
                "midblock_x": 0,
                "mlgrcer_x": 0,
                "mntbuild_x": 0,
                "movieth_x": 0,
                "mustheat_x": 0,
                "offices_x": 0,
                "ofseroth_x": 0,
                "othrrtail_x": 0,
                "othrsdwk_x": 0,
                "parkplay_x": 0,
                "pedcrs2_x": 0,
                "pedcrssgn_x": 0,
                "playsprt_x": 0,
                "plazasq_x": 0,
                "prdusprk_x": 0,
                "primschl_x": 0,
                "prmntbldgh_x": 0,
                "pubart_x": 0,
                "pubcivic_x": 0,
                "pubgardn_x": 0,
                "pubrestr_x": 0,
                "recoher_x": 0,
                "religion_x": 0,
                "restarnt_x": 0,
                "restaurant_x": 1,
                "schother_x": 1,
                "scndschl_x": 0,
                "sdwkcomp_x": 1,
                "sdwkshde_x": 0,
                "service_x": 1,
                "sfhatach_x": 1,
                "shopmall_x": 0,
                "sidewalk_x": 1,
                "softgood_x": 0,
                "stopsgn2_x": 1,
                "stopsign_x": 1,
                "strpmall_x": 0,
                "strttree_x": 1,
                "stvendor_x": 0,
                "townhome_x": 1,
                "traffsig_x": 0,
                "trafsgn2_x": 0,
                "trcmpark_x": 0,
                "undevlnd_x": 0,
                "vehlanes_x": 2,
                "vermixus_x": 0,
                "pedactsgn_x": 0,
                "pedact2_x": 0,
                "smlgrcer_x": 0,
                "gateaccs_x": 0,
                "sdwkpave_x": 0,
                "diffrdsf_x": 0,
                "dfrdsf2_x": 0,
                "cmother_x": 0,
                "zebrastp_x": 0,
                "crsothr2_x": 1,
                "zebra2_x": 0,
                "trafcrcl_x": 0,
                "rumblesp_x": 0,
                "spdbump_x": 0,
                "pbspothr_x": 0,
                "prctbldg_x": 1,
                "swptcoth_x": 0,
                "heatlamp_x": 0,
                "pedstreet_x": 0,
                "banners_x": 0,
                "multifamtot": 1,
                "school": 1,
                "retrest": 1,
                "sdwkbuff": 1,
                "vehlanestot": 2,
                "sixlnrd": 0,
                "sixlnrdrecoded": 0,
                "implndusrecoded": 0,
                "bldgstry": 0,
                "sizeparkimi1": 0,
                "crosswalktot": 0,
                "diffrdsftot": 0,
                "pedactsgntot": 0,
                "pedcssigntot": 0,
                "schooltot": 2,
                "officestot": 1,
                "liquorbaradultcheckcashing": 0,
                "markings": 0,
                "markings2": 1,
                "vehsigs": 1,
                "vehsigs2": 1,
                "vehlanestotrecoded": 2,
                "trafcalmtot": 0,
                "markingsint": 1,
                "markingsint2": 2,
                "vehsigsint": 2,
                "vehsigs2int": 2,
                "medianint": 0,
                "trafcalmtotint": 1,
                "midcrsmarkint": 0,
                "strpmalllnt": 0,
                "retrestint": 2,
                "commothrint": 0,
                "restarntint": 0,
                "coffshopint": 0,
                "cornerstint": 0,
                "moviethint": 0,
                "barsclubint": 0,
                "culsacpedptint": 0,
                "StreetName": "Chestnut Ave",
                "IntersectionA": "Chestnut Ave & 8th Street",
                "IntersectionB": "Chestnut Ave & 9th Street",
                "name_osm": "9th Street",
                "intersc1": "Chestnut Ave & 8th Street",
                "intersc2": "Chestnut Ave & 9th Street",
                "tract_geoid": "24033800410",
                "tract_name": "Census Tract 8004.10",
                "STATEFP": "24",
                "COUNTYFP": "033",
                "n_tracts": 1,
                "tract_share": 1.0,
                "match": "overlay",
                "total_pop": 6681.0,
                "median_hh_income": 173611.0,
                "median_home_value": 561200.0,
                "commuters_total": 3319.0,
                "commuters_transit": 102.0,
                "renter_no_vehicle": 0.0,
                "Unnamed: 0": 56,
                "form3norm": 91.21427155000001,
                "dens2norm": 77.07122803,
                "prox3norm": 34.66890335,
                "conn6norm": 80.5850296,
                "parks2norm": 0.0,
                "peds4norm": 27.44846916,
                "safenorm": 78.05537415000001,
                "traffic5norm": 43.23539494,
                "aesttot3norm": 56.06998825,
                "paf2norm": 8.0036898e-06,
                "sop7norm": 55.8281771,
                " ": 0,
                "arcades_y": 0,
                "attrtve_y": 1,
                "awnings_y": 0,
                "barsclub_y": 0,
                "beach_y": 0,
                "benches_y": 0,
                "bigbox_y": 0,
                "bikelane_y": 0,
                "bikerack_y": 0,
                "bikeretl_y": 0,
                "bikeshre_y": 0,
                "billbrd_y": 0,
                "bklntype_y": 0,
                "blnkwall_y": 0,
                "buffboll_y": 1,
                "bufffence_y": 0,
                "buffpkcr_y": 0,
                "buffsttr_y": 0,
                "busstops_y": 0,
                "cardeal_y": 0,
                "chainstre_y": 0,
                "chckcash_y": 0,
                "civother_y": 0,
                "coffshop_y": 0,
                "college_y": 0,
                "comctlib_y": 0,
                "condoapt_y": 0,
                "cornerst_y": 0,
                "crosing2_y": 0,
                "croswalk_y": 0,
                "dining_y": 0,
                "dogs_y": 0,
                "driveway_y": 0,
                "drivthru_y": 0,
                "dumpster_y": 0,
                "farnermk_y": 0,
                "fastfood_y": 0,
                "financl_y": 0,
                "flatslpe_y": 1,
                "gasserv_y": 0,
                "gated_y": 0,
                "grafitti_y": 0,
                "gymfitns_y": 0,
                "hardgood_y": 0,
                "highschl_y": 0,
                "hotelhos_y": 0,
                "indsothr_y": 0,
                "insother_y": 0,
                "kinder_y": 0,
                "libbkstr_y": 0,
                "lighting_y": 1,
                "liquorst_y": 0,
                "litter_y": 0,
                "localstre_y": 1,
                "mdhvind_y": 0,
                "medicine_y": 0,
                "midblock_y": 0,
                "mlgrcer_y": 0,
                "mntbuild_y": 0,
                "movieth_y": 0,
                "mustheat_y": 0,
                "offices_y": 0,
                "ofseroth_y": 0,
                "othrrtail_y": 0,
                "othrsdwk_y": 0,
                "parkplay_y": 0,
                "pedcrs2_y": 0,
                "pedcrssgn_y": 0,
                "playsprt_y": 0,
                "plazasq_y": 0,
                "prctpkng_y": 0,
                "prdusprk_y": 0,
                "primschl_y": 0,
                "prmntbldgh_y": 2,
                "pubart_y": 0,
                "pubcivic_y": 0,
                "pubgardn_y": 0,
                "pubrestr_y": 0,
                "recoher_y": 0,
                "religion_y": 0,
                "restarnt_y": 1,
                "restaurant_y": 1,
                "schother_y": 1,
                "scndschl_y": 0,
                "sdwkcomp_y": 1,
                "sdwkshde_y": 0,
                "service_y": 1,
                "sfhatach_y": 1,
                "shopmall_y": 0,
                "sidewalk_y": 1,
                "sizeparkimi2_y": 0,
                "softgood_y": 0,
                "stopsgn2_y": 1,
                "stopsign_y": 1,
                "strpmall_y": 0,
                "strttree_y": 1,
                "stvendor_y": 0,
                "surfpkng_y": 0,
                "townhome_y": 1,
                "traffsig_y": 0,
                "trafsgn2_y": 0,
                "trcmpark_y": 0,
                "undevlnd_y": 0,
                "vehlanes_y": 2,
                "vermixus_y": 0,
                "pedactsgn_y": 0,
                "pedact2_y": 0,
                "smlgrcer_y": 0,
                "gateaccs_y": 0,
                "sdwkpave_y": 0,
                "diffrdsf_y": 0,
                "dfrdsf2_y": 0,
                "cmother_y": 0,
                "zebrastp_y": 0,
                "crsothr2_y": 1,
                "zebra2_y": 0,
                "trafcrcl_y": 0,
                "rumblesp_y": 0,
                "spdbump_y": 0,
                "pbspothr_y": 0,
                "prctbldg_y": 1,
                "swptcoth_y": 0,
                "heatlamp_y": 0,
                "pedstreet_y": 0,
                "banners_y": 0
            },
            "geometry": {
                "type": "LineString",
                "coordinates": [
                    [
                        -76.778895859443836,
                        39.009169885683725
                    ],
                    [
                        -76.77928885892193,
                        39.008044478087378
                    ]
                ]
            }
        },
        {
            "type": "Feature",
            "properties": {
                "sgmntid": 59,
                "name_2": "Chapel Ave",
                "id": 59,
                "intersection_1_location": "39.00909843123316,-76.78044106193722",
                "intersection_2_location": "39.008276705051706,-76.78033388026138",
                "neighborhood": "Old Town Bowie",
                "Group": "Old Town Bowie",
                "layer": "Bowie_CustomMarked",
                "location_id": 59,
                "form3": 64.12750244,
                "dens2": 49.578125,
                "prox3": 49.93673706,
                "conn6": 80.5850296,
                "parks2": 0.0,
                "peds4": 29.87524223,
                "safe": 55.10148239,
                "traffic5": 53.04776382,
                "aesttot3": 42.24349594,
                "paf2": 8.0036898e-06,
                "sopindex7": 47.33229167,
                "zscored_form3": 5.177260876,
                "zscored_dens2": -0.03905797005,
                "zscored_prox3": 15.62049675,
                "zscored_conn6": -0.4574847817,
                "zscored_parks2": -1.480694154,
                "zscored_peds4": -2.087822676,
                "zscored_safe": -5.557346344,
                "zscored_traffic5": -2.45957756,
                "zscored_aesttot3": -4.619997025,
                "zscored_paf2": -0.4590791464,
                "zscored_sopindex7": -5.802854041,
                "country": "USA",
                "state": "Maryland",
                "city": "Bowie",
                "surfpkng_x": 1,
                "sizeparkimi2_x": 1,
                "prctpkng_x": 1,
                "adultuse": 0,
                "arcades_x": 0,
                "attrtve_x": 0,
                "awnings_x": 0,
                "barsclub_x": 0,
                "beach_x": 0,
                "benches_x": 0,
                "bigbox_x": 1,
                "bikelane_x": 0,
                "bikerack_x": 0,
                "bikeretl_x": 0,
                "bikeshre_x": 0,
                "billbrd_x": 0,
                "bklntype_x": 0,
                "blnkwall_x": 0,
                "buffboll_x": 0,
                "bufffence_x": 0,
                "buffpkcr_x": 0,
                "buffsttr_x": 0,
                "busstops_x": 0,
                "cardeal_x": 0,
                "chainstre_x": 1,
                "chckcash_x": 0,
                "civother_x": 0,
                "coffshop_x": 0,
                "college_x": 0,
                "comctlib_x": 0,
                "condoapt_x": 0,
                "cornerst_x": 0,
                "crosing2_x": 0,
                "croswalk_x": 0,
                "dining_x": 0,
                "dogs_x": 0,
                "driveway_x": 0,
                "drivthru_x": 0,
                "dumpster_x": 0,
                "farnermk_x": 0,
                "fastfood_x": 0,
                "financl_x": 0,
                "flatslpe_x": 1,
                "gasserv_x": 0,
                "gated_x": 0,
                "grafitti_x": 1,
                "gymfitns_x": 0,
                "hardgood_x": 1,
                "highschl_x": 0,
                "hotelhos_x": 0,
                "indsothr_x": 0,
                "insother_x": 0,
                "kinder_x": 0,
                "libbkstr_x": 0,
                "lighting_x": 0,
                "liquorst_x": 0,
                "litter_x": 0,
                "localstre_x": 1,
                "mdhvind_x": 0,
                "medicine_x": 0,
                "midblock_x": 0,
                "mlgrcer_x": 0,
                "mntbuild_x": 0,
                "movieth_x": 0,
                "mustheat_x": 1,
                "offices_x": 0,
                "ofseroth_x": 0,
                "othrrtail_x": 0,
                "othrsdwk_x": 1,
                "parkplay_x": 0,
                "pedcrs2_x": 0,
                "pedcrssgn_x": 0,
                "playsprt_x": 0,
                "plazasq_x": 0,
                "prdusprk_x": 0,
                "primschl_x": 0,
                "prmntbldgh_x": 0,
                "pubart_x": 0,
                "pubcivic_x": 1,
                "pubgardn_x": 0,
                "pubrestr_x": 0,
                "recoher_x": 0,
                "religion_x": 0,
                "restarnt_x": 0,
                "restaurant_x": 0,
                "schother_x": 1,
                "scndschl_x": 0,
                "sdwkcomp_x": 1,
                "sdwkshde_x": 0,
                "service_x": 1,
                "sfhatach_x": 0,
                "shopmall_x": 0,
                "sidewalk_x": 1,
                "softgood_x": 0,
                "stopsgn2_x": 1,
                "stopsign_x": 1,
                "strpmall_x": 0,
                "strttree_x": 1,
                "stvendor_x": 0,
                "townhome_x": 1,
                "traffsig_x": 0,
                "trafsgn2_x": 0,
                "trcmpark_x": 0,
                "undevlnd_x": 0,
                "vehlanes_x": 1,
                "vermixus_x": 0,
                "pedactsgn_x": 0,
                "pedact2_x": 0,
                "smlgrcer_x": 1,
                "gateaccs_x": 0,
                "sdwkpave_x": 0,
                "diffrdsf_x": 0,
                "dfrdsf2_x": 0,
                "cmother_x": 0,
                "zebrastp_x": 0,
                "crsothr2_x": 0,
                "zebra2_x": 0,
                "trafcrcl_x": 0,
                "rumblesp_x": 0,
                "spdbump_x": 0,
                "pbspothr_x": 0,
                "prctbldg_x": 1,
                "swptcoth_x": 0,
                "heatlamp_x": 0,
                "pedstreet_x": 0,
                "banners_x": 0,
                "multifamtot": 1,
                "school": 1,
                "retrest": 1,
                "sdwkbuff": 0,
                "vehlanestot": 1,
                "sixlnrd": 0,
                "sixlnrdrecoded": 0,
                "implndusrecoded": 0,
                "bldgstry": 0,
                "sizeparkimi1": 1,
                "crosswalktot": 0,
                "diffrdsftot": 0,
                "pedactsgntot": 0,
                "pedcssigntot": 0,
                "schooltot": 2,
                "officestot": 1,
                "liquorbaradultcheckcashing": 0,
                "markings": 0,
                "markings2": 0,
                "vehsigs": 1,
                "vehsigs2": 1,
                "vehlanestotrecoded": 2,
                "trafcalmtot": 0,
                "markingsint": 1,
                "markingsint2": 1,
                "vehsigsint": 0,
                "vehsigs2int": 0,
                "medianint": 0,
                "trafcalmtotint": 1,
                "midcrsmarkint": 0,
                "strpmalllnt": 0,
                "retrestint": 1,
                "commothrint": 0,
                "restarntint": 0,
                "coffshopint": 0,
                "cornerstint": 0,
                "moviethint": 0,
                "barsclubint": 0,
                "culsacpedptint": 0,
                "StreetName": "Chapel Ave",
                "IntersectionA": "Chapel Ave & 8th Street",
                "IntersectionB": "Chapel Ave & 9th Street",
                "name_osm": "9th Street",
                "intersc1": "Chapel Ave & 8th Street",
                "intersc2": "Chapel Ave & 9th Street",
                "tract_geoid": "24033800410",
                "tract_name": "Census Tract 8004.10",
                "STATEFP": "24",
                "COUNTYFP": "033",
                "n_tracts": 1,
                "tract_share": 1.0,
                "match": "overlay",
                "total_pop": 6681.0,
                "median_hh_income": 173611.0,
                "median_home_value": 561200.0,
                "commuters_total": 3319.0,
                "commuters_transit": 102.0,
                "renter_no_vehicle": 0.0,
                "Unnamed: 0": 57,
                "form3norm": 64.12750244,
                "dens2norm": 61.36245728,
                "prox3norm": 49.93673706,
                "conn6norm": 80.5850296,
                "parks2norm": 0.0,
                "peds4norm": 29.87524223,
                "safenorm": 55.04088593,
                "traffic5norm": 43.94553342,
                "aesttot3norm": 45.2305336,
                "paf2norm": 8.0036898e-06,
                "sop7norm": 47.27273424,
                " ": 0,
                "arcades_y": 0,
                "attrtve_y": 0,
                "awnings_y": 0,
                "barsclub_y": 0,
                "beach_y": 0,
                "benches_y": 0,
                "bigbox_y": 1,
                "bikelane_y": 0,
                "bikerack_y": 0,
                "bikeretl_y": 0,
                "bikeshre_y": 0,
                "billbrd_y": 0,
                "bklntype_y": 0,
                "blnkwall_y": 0,
                "buffboll_y": 0,
                "bufffence_y": 0,
                "buffpkcr_y": 0,
                "buffsttr_y": 0,
                "busstops_y": 0,
                "cardeal_y": 0,
                "chainstre_y": 1,
                "chckcash_y": 0,
                "civother_y": 0,
                "coffshop_y": 0,
                "college_y": 0,
                "comctlib_y": 0,
                "condoapt_y": 0,
                "cornerst_y": 0,
                "crosing2_y": 0,
                "croswalk_y": 0,
                "dining_y": 0,
                "dogs_y": 0,
                "driveway_y": 0,
                "drivthru_y": 0,
                "dumpster_y": 0,
                "farnermk_y": 0,
                "fastfood_y": 0,
                "financl_y": 0,
                "flatslpe_y": 1,
                "gasserv_y": 0,
                "gated_y": 0,
                "grafitti_y": 0,
                "gymfitns_y": 0,
                "hardgood_y": 1,
                "highschl_y": 0,
                "hotelhos_y": 0,
                "indsothr_y": 0,
                "insother_y": 0,
                "kinder_y": 0,
                "libbkstr_y": 0,
                "lighting_y": 0,
                "liquorst_y": 0,
                "litter_y": 1,
                "localstre_y": 1,
                "mdhvind_y": 0,
                "medicine_y": 0,
                "midblock_y": 0,
                "mlgrcer_y": 0,
                "mntbuild_y": 0,
                "movieth_y": 0,
                "mustheat_y": 1,
                "offices_y": 0,
                "ofseroth_y": 0,
                "othrrtail_y": 0,
                "othrsdwk_y": 1,
                "parkplay_y": 0,
                "pedcrs2_y": 0,
                "pedcrssgn_y": 0,
                "playsprt_y": 0,
                "plazasq_y": 0,
                "prctpkng_y": 1,
                "prdusprk_y": 0,
                "primschl_y": 0,
                "prmntbldgh_y": 2,
                "pubart_y": 0,
                "pubcivic_y": 1,
                "pubgardn_y": 0,
                "pubrestr_y": 0,
                "recoher_y": 0,
                "religion_y": 0,
                "restarnt_y": 0,
                "restaurant_y": 0,
                "schother_y": 1,
                "scndschl_y": 0,
                "sdwkcomp_y": 1,
                "sdwkshde_y": 0,
                "service_y": 1,
                "sfhatach_y": 0,
                "shopmall_y": 0,
                "sidewalk_y": 1,
                "sizeparkimi2_y": 1,
                "softgood_y": 0,
                "stopsgn2_y": 1,
                "stopsign_y": 1,
                "strpmall_y": 0,
                "strttree_y": 1,
                "stvendor_y": 0,
                "surfpkng_y": 1,
                "townhome_y": 1,
                "traffsig_y": 0,
                "trafsgn2_y": 0,
                "trcmpark_y": 0,
                "undevlnd_y": 0,
                "vehlanes_y": 1,
                "vermixus_y": 0,
                "pedactsgn_y": 0,
                "pedact2_y": 0,
                "smlgrcer_y": 1,
                "gateaccs_y": 0,
                "sdwkpave_y": 0,
                "diffrdsf_y": 0,
                "dfrdsf2_y": 0,
                "cmother_y": 0,
                "zebrastp_y": 0,
                "crsothr2_y": 0,
                "zebra2_y": 0,
                "trafcrcl_y": 0,
                "rumblesp_y": 0,
                "spdbump_y": 0,
                "pbspothr_y": 0,
                "prctbldg_y": 1,
                "swptcoth_y": 0,
                "heatlamp_y": 0,
                "pedstreet_y": 0,
                "banners_y": 0
            },
            "geometry": {
                "type": "LineString",
                "coordinates": [
                    [
                        -76.780441061937225,
                        39.009098431233163
                    ],
                    [
                        -76.780333880261381,
                        39.008276705051706
                    ]
                ]
            }
        },
        {
            "type": "Feature",
            "properties": {
                "sgmntid": 60,
                "name_2": "9th Street",
                "id": 60,
                "intersection_1_location": "39.00819631879482,-76.78165578759678",
                "intersection_2_location": "39.008240977826425,-76.78032494845506",
                "neighborhood": "Old Town Bowie",
                "Group": "Old Town Bowie",
                "layer": "Bowie_CustomMarked",
                "location_id": 60,
                "form3": 71.81330109,
                "dens2": 49.578125,
                "prox3": 65.57967377,
                "conn6": 80.5850296,
                "parks2": 0.0,
                "peds4": 31.73906517,
                "safe": 78.05537415000001,
                "traffic5": 39.12641907,
                "aesttot3": 47.95296097,
                "paf2": 8.0036898e-06,
                "sopindex7": 54.0787367,
                "zscored_form3": 2.188122988,
                "zscored_dens2": -0.03905797005,
                "zscored_prox3": 22.21143341,
                "zscored_conn6": -0.4574847817,
                "zscored_parks2": -1.480694154,
                "zscored_peds4": -1.108988166,
                "zscored_safe": -0.1753524542,
                "zscored_traffic5": -8.385203362,
                "zscored_aesttot3": -0.9909338951,
                "zscored_paf2": -0.4590791464,
                "zscored_sopindex7": 7.841486951,
                "country": "USA",
                "state": "Maryland",
                "city": "Bowie",
                "surfpkng_x": 0,
                "sizeparkimi2_x": 0,
                "prctpkng_x": 0,
                "adultuse": 0,
                "arcades_x": 0,
                "attrtve_x": 1,
                "awnings_x": 0,
                "barsclub_x": 0,
                "beach_x": 0,
                "benches_x": 0,
                "bigbox_x": 1,
                "bikelane_x": 0,
                "bikerack_x": 0,
                "bikeretl_x": 0,
                "bikeshre_x": 0,
                "billbrd_x": 1,
                "bklntype_x": 0,
                "blnkwall_x": 0,
                "buffboll_x": 0,
                "bufffence_x": 0,
                "buffpkcr_x": 0,
                "buffsttr_x": 0,
                "busstops_x": 0,
                "cardeal_x": 0,
                "chainstre_x": 1,
                "chckcash_x": 0,
                "civother_x": 0,
                "coffshop_x": 0,
                "college_x": 0,
                "comctlib_x": 0,
                "condoapt_x": 0,
                "cornerst_x": 0,
                "crosing2_x": 0,
                "croswalk_x": 1,
                "dining_x": 0,
                "dogs_x": 0,
                "driveway_x": 1,
                "drivthru_x": 0,
                "dumpster_x": 0,
                "farnermk_x": 0,
                "fastfood_x": 0,
                "financl_x": 0,
                "flatslpe_x": 1,
                "gasserv_x": 0,
                "gated_x": 0,
                "grafitti_x": 0,
                "gymfitns_x": 0,
                "hardgood_x": 1,
                "highschl_x": 0,
                "hotelhos_x": 1,
                "indsothr_x": 0,
                "insother_x": 0,
                "kinder_x": 0,
                "libbkstr_x": 0,
                "lighting_x": 1,
                "liquorst_x": 0,
                "litter_x": 0,
                "localstre_x": 1,
                "mdhvind_x": 0,
                "medicine_x": 0,
                "midblock_x": 0,
                "mlgrcer_x": 0,
                "mntbuild_x": 0,
                "movieth_x": 0,
                "mustheat_x": 1,
                "offices_x": 0,
                "ofseroth_x": 0,
                "othrrtail_x": 0,
                "othrsdwk_x": 1,
                "parkplay_x": 0,
                "pedcrs2_x": 0,
                "pedcrssgn_x": 0,
                "playsprt_x": 0,
                "plazasq_x": 0,
                "prdusprk_x": 0,
                "primschl_x": 0,
                "prmntbldgh_x": 0,
                "pubart_x": 0,
                "pubcivic_x": 1,
                "pubgardn_x": 0,
                "pubrestr_x": 0,
                "recoher_x": 0,
                "religion_x": 1,
                "restarnt_x": 0,
                "restaurant_x": 0,
                "schother_x": 1,
                "scndschl_x": 0,
                "sdwkcomp_x": 1,
                "sdwkshde_x": 0,
                "service_x": 1,
                "sfhatach_x": 0,
                "shopmall_x": 0,
                "sidewalk_x": 2,
                "softgood_x": 0,
                "stopsgn2_x": 0,
                "stopsign_x": 1,
                "strpmall_x": 0,
                "strttree_x": 1,
                "stvendor_x": 0,
                "townhome_x": 1,
                "traffsig_x": 0,
                "trafsgn2_x": 0,
                "trcmpark_x": 0,
                "undevlnd_x": 0,
                "vehlanes_x": 2,
                "vermixus_x": 0,
                "pedactsgn_x": 0,
                "pedact2_x": 0,
                "smlgrcer_x": 1,
                "gateaccs_x": 0,
                "sdwkpave_x": 0,
                "diffrdsf_x": 0,
                "dfrdsf2_x": 0,
                "cmother_x": 1,
                "zebrastp_x": 0,
                "crsothr2_x": 0,
                "zebra2_x": 0,
                "trafcrcl_x": 0,
                "rumblesp_x": 0,
                "spdbump_x": 0,
                "pbspothr_x": 0,
                "prctbldg_x": 1,
                "swptcoth_x": 0,
                "heatlamp_x": 0,
                "pedstreet_x": 0,
                "banners_x": 0,
                "multifamtot": 1,
                "school": 1,
                "retrest": 1,
                "sdwkbuff": 0,
                "vehlanestot": 2,
                "sixlnrd": 0,
                "sixlnrdrecoded": 0,
                "implndusrecoded": 0,
                "bldgstry": 0,
                "sizeparkimi1": 0,
                "crosswalktot": 1,
                "diffrdsftot": 0,
                "pedactsgntot": 0,
                "pedcssigntot": 0,
                "schooltot": 2,
                "officestot": 1,
                "liquorbaradultcheckcashing": 0,
                "markings": 1,
                "markings2": 0,
                "vehsigs": 1,
                "vehsigs2": 0,
                "vehlanestotrecoded": 2,
                "trafcalmtot": 0,
                "markingsint": 2,
                "markingsint2": -1,
                "vehsigsint": 0,
                "vehsigs2int": 1,
                "medianint": 0,
                "trafcalmtotint": 1,
                "midcrsmarkint": 0,
                "strpmalllnt": 0,
                "retrestint": 1,
                "commothrint": 0,
                "restarntint": 0,
                "coffshopint": 0,
                "cornerstint": 0,
                "moviethint": 0,
                "barsclubint": 0,
                "culsacpedptint": 0,
                "StreetName": "9th Street",
                "IntersectionA": "9th Street & Mapel Ave",
                "IntersectionB": "9th Street & Chapel Ave",
                "name_osm": "Maple Avenue",
                "intersc1": "9th Street & Mapel Ave",
                "intersc2": "9th Street & Chapel Ave",
                "tract_geoid": "24033800410",
                "tract_name": "Census Tract 8004.10",
                "STATEFP": "24",
                "COUNTYFP": "033",
                "n_tracts": 1,
                "tract_share": 1.0,
                "match": "overlay",
                "total_pop": 6681.0,
                "median_hh_income": 173611.0,
                "median_home_value": 561200.0,
                "commuters_total": 3319.0,
                "commuters_transit": 102.0,
                "renter_no_vehicle": 0.0,
                "Unnamed: 0": 58,
                "form3norm": 71.81330109,
                "dens2norm": 61.36245728,
                "prox3norm": 65.57967377,
                "conn6norm": 80.5850296,
                "parks2norm": 0.0,
                "peds4norm": 38.14711761,
                "safenorm": 78.05537415000001,
                "traffic5norm": 51.90202099,
                "aesttot3norm": 54.97288513,
                "paf2norm": 8.0036898e-06,
                "sop7norm": 61.56214562,
                " ": 0,
                "arcades_y": 0,
                "attrtve_y": 1,
                "awnings_y": 0,
                "barsclub_y": 0,
                "beach_y": 0,
                "benches_y": 1,
                "bigbox_y": 1,
                "bikelane_y": 0,
                "bikerack_y": 0,
                "bikeretl_y": 0,
                "bikeshre_y": 0,
                "billbrd_y": 1,
                "bklntype_y": 0,
                "blnkwall_y": 0,
                "buffboll_y": 0,
                "bufffence_y": 0,
                "buffpkcr_y": 0,
                "buffsttr_y": 0,
                "busstops_y": 0,
                "cardeal_y": 0,
                "chainstre_y": 1,
                "chckcash_y": 0,
                "civother_y": 0,
                "coffshop_y": 0,
                "college_y": 0,
                "comctlib_y": 0,
                "condoapt_y": 0,
                "cornerst_y": 0,
                "crosing2_y": 0,
                "croswalk_y": 1,
                "dining_y": 0,
                "dogs_y": 0,
                "driveway_y": 1,
                "drivthru_y": 0,
                "dumpster_y": 0,
                "farnermk_y": 0,
                "fastfood_y": 0,
                "financl_y": 0,
                "flatslpe_y": 1,
                "gasserv_y": 0,
                "gated_y": 0,
                "grafitti_y": 0,
                "gymfitns_y": 0,
                "hardgood_y": 1,
                "highschl_y": 0,
                "hotelhos_y": 1,
                "indsothr_y": 0,
                "insother_y": 0,
                "kinder_y": 0,
                "libbkstr_y": 0,
                "lighting_y": 1,
                "liquorst_y": 0,
                "litter_y": 0,
                "localstre_y": 1,
                "mdhvind_y": 0,
                "medicine_y": 0,
                "midblock_y": 0,
                "mlgrcer_y": 0,
                "mntbuild_y": 0,
                "movieth_y": 0,
                "mustheat_y": 1,
                "offices_y": 0,
                "ofseroth_y": 0,
                "othrrtail_y": 0,
                "othrsdwk_y": 1,
                "parkplay_y": 0,
                "pedcrs2_y": 0,
                "pedcrssgn_y": 0,
                "playsprt_y": 0,
                "plazasq_y": 0,
                "prctpkng_y": 0,
                "prdusprk_y": 0,
                "primschl_y": 0,
                "prmntbldgh_y": 2,
                "pubart_y": 0,
                "pubcivic_y": 1,
                "pubgardn_y": 0,
                "pubrestr_y": 0,
                "recoher_y": 0,
                "religion_y": 1,
                "restarnt_y": 0,
                "restaurant_y": 0,
                "schother_y": 1,
                "scndschl_y": 0,
                "sdwkcomp_y": 2,
                "sdwkshde_y": 0,
                "service_y": 1,
                "sfhatach_y": 0,
                "shopmall_y": 0,
                "sidewalk_y": 2,
                "sizeparkimi2_y": 0,
                "softgood_y": 0,
                "stopsgn2_y": 0,
                "stopsign_y": 1,
                "strpmall_y": 0,
                "strttree_y": 1,
                "stvendor_y": 0,
                "surfpkng_y": 0,
                "townhome_y": 1,
                "traffsig_y": 0,
                "trafsgn2_y": 0,
                "trcmpark_y": 0,
                "undevlnd_y": 0,
                "vehlanes_y": 2,
                "vermixus_y": 0,
                "pedactsgn_y": 0,
                "pedact2_y": 0,
                "smlgrcer_y": 1,
                "gateaccs_y": 0,
                "sdwkpave_y": 0,
                "diffrdsf_y": 0,
                "dfrdsf2_y": 0,
                "cmother_y": 1,
                "zebrastp_y": 0,
                "crsothr2_y": 0,
                "zebra2_y": 0,
                "trafcrcl_y": 0,
                "rumblesp_y": 0,
                "spdbump_y": 0,
                "pbspothr_y": 0,
                "prctbldg_y": 1,
                "swptcoth_y": 0,
                "heatlamp_y": 0,
                "pedstreet_y": 0,
                "banners_y": 0
            },
            "geometry": {
                "type": "LineString",
                "coordinates": [
                    [
                        -76.781655787596776,
                        39.008196318794823
                    ],
                    [
                        -76.780324948455061,
                        39.008240977826425
                    ]
                ]
            }
        },
        {
            "type": "Feature",
            "properties": {
                "sgmntid": 61,
                "name_2": "9th Street",
                "id": 61,
                "intersection_1_location": "39.008240977826425,-76.78032494845506",
                "intersection_2_location": "39.00803554628106,-76.77931565434089",
                "neighborhood": "Old Town Bowie",
                "Group": "Old Town Bowie",
                "layer": "Bowie_CustomMarked",
                "location_id": 61,
                "form3": 71.06182861000001,
                "dens2": 49.578125,
                "prox3": 54.65075302,
                "conn6": 80.5850296,
                "parks2": 0.0,
                "peds4": 34.55033112,
                "safe": 64.30107117,
                "traffic5": 41.83470917,
                "aesttot3": 45.14974213,
                "paf2": 8.0036898e-06,
                "sopindex7": 50.48182594,
                "zscored_form3": 2.480384111,
                "zscored_dens2": -0.03905797005,
                "zscored_prox3": 17.60668564,
                "zscored_conn6": -0.4574847817,
                "zscored_parks2": -1.480694154,
                "zscored_peds4": 0.3674218655,
                "zscored_safe": -3.400320053,
                "zscored_traffic5": -7.23241806,
                "zscored_aesttot3": -2.772721291,
                "zscored_paf2": -0.4590791464,
                "zscored_sopindex7": 0.5669183937,
                "country": "USA",
                "state": "Maryland",
                "city": "Bowie",
                "surfpkng_x": 0,
                "sizeparkimi2_x": 0,
                "prctpkng_x": 0,
                "adultuse": 0,
                "arcades_x": 0,
                "attrtve_x": 1,
                "awnings_x": 1,
                "barsclub_x": 0,
                "beach_x": 0,
                "benches_x": 0,
                "bigbox_x": 1,
                "bikelane_x": 0,
                "bikerack_x": 0,
                "bikeretl_x": 0,
                "bikeshre_x": 0,
                "billbrd_x": 1,
                "bklntype_x": 0,
                "blnkwall_x": 0,
                "buffboll_x": 0,
                "bufffence_x": 0,
                "buffpkcr_x": 0,
                "buffsttr_x": 0,
                "busstops_x": 0,
                "cardeal_x": 0,
                "chainstre_x": 1,
                "chckcash_x": 0,
                "civother_x": 0,
                "coffshop_x": 0,
                "college_x": 0,
                "comctlib_x": 1,
                "condoapt_x": 0,
                "cornerst_x": 0,
                "crosing2_x": 0,
                "croswalk_x": 0,
                "dining_x": 0,
                "dogs_x": 0,
                "driveway_x": 0,
                "drivthru_x": 0,
                "dumpster_x": 0,
                "farnermk_x": 0,
                "fastfood_x": 0,
                "financl_x": 0,
                "flatslpe_x": 1,
                "gasserv_x": 0,
                "gated_x": 0,
                "grafitti_x": 1,
                "gymfitns_x": 0,
                "hardgood_x": 1,
                "highschl_x": 0,
                "hotelhos_x": 0,
                "indsothr_x": 0,
                "insother_x": 0,
                "kinder_x": 0,
                "libbkstr_x": 0,
                "lighting_x": 1,
                "liquorst_x": 0,
                "litter_x": 0,
                "localstre_x": 0,
                "mdhvind_x": 0,
                "medicine_x": 0,
                "midblock_x": 0,
                "mlgrcer_x": 0,
                "mntbuild_x": 0,
                "movieth_x": 0,
                "mustheat_x": 1,
                "offices_x": 0,
                "ofseroth_x": 0,
                "othrrtail_x": 0,
                "othrsdwk_x": 1,
                "parkplay_x": 0,
                "pedcrs2_x": 0,
                "pedcrssgn_x": 0,
                "playsprt_x": 0,
                "plazasq_x": 0,
                "prdusprk_x": 0,
                "primschl_x": 0,
                "prmntbldgh_x": 0,
                "pubart_x": 0,
                "pubcivic_x": 1,
                "pubgardn_x": 0,
                "pubrestr_x": 0,
                "recoher_x": 0,
                "religion_x": 0,
                "restarnt_x": 0,
                "restaurant_x": 0,
                "schother_x": 1,
                "scndschl_x": 0,
                "sdwkcomp_x": 1,
                "sdwkshde_x": 1,
                "service_x": 1,
                "sfhatach_x": 0,
                "shopmall_x": 0,
                "sidewalk_x": 2,
                "softgood_x": 0,
                "stopsgn2_x": 1,
                "stopsign_x": 0,
                "strpmall_x": 0,
                "strttree_x": 1,
                "stvendor_x": 0,
                "townhome_x": 1,
                "traffsig_x": 0,
                "trafsgn2_x": 0,
                "trcmpark_x": 0,
                "undevlnd_x": 0,
                "vehlanes_x": 2,
                "vermixus_x": 0,
                "pedactsgn_x": 0,
                "pedact2_x": 0,
                "smlgrcer_x": 0,
                "gateaccs_x": 0,
                "sdwkpave_x": 0,
                "diffrdsf_x": 0,
                "dfrdsf2_x": 0,
                "cmother_x": 1,
                "zebrastp_x": 0,
                "crsothr2_x": 0,
                "zebra2_x": 0,
                "trafcrcl_x": 0,
                "rumblesp_x": 0,
                "spdbump_x": 0,
                "pbspothr_x": 0,
                "prctbldg_x": 1,
                "swptcoth_x": 0,
                "heatlamp_x": 0,
                "pedstreet_x": 0,
                "banners_x": 0,
                "multifamtot": 1,
                "school": 1,
                "retrest": 1,
                "sdwkbuff": 0,
                "vehlanestot": 2,
                "sixlnrd": 0,
                "sixlnrdrecoded": 0,
                "implndusrecoded": 0,
                "bldgstry": 0,
                "sizeparkimi1": 0,
                "crosswalktot": 0,
                "diffrdsftot": 0,
                "pedactsgntot": 0,
                "pedcssigntot": 0,
                "schooltot": 2,
                "officestot": 1,
                "liquorbaradultcheckcashing": 0,
                "markings": 1,
                "markings2": 0,
                "vehsigs": 0,
                "vehsigs2": 1,
                "vehlanestotrecoded": 2,
                "trafcalmtot": 0,
                "markingsint": 2,
                "markingsint2": -1,
                "vehsigsint": 1,
                "vehsigs2int": 0,
                "medianint": 0,
                "trafcalmtotint": 1,
                "midcrsmarkint": 0,
                "strpmalllnt": 0,
                "retrestint": 1,
                "commothrint": 0,
                "restarntint": 0,
                "coffshopint": 0,
                "cornerstint": 0,
                "moviethint": 0,
                "barsclubint": 0,
                "culsacpedptint": 0,
                "StreetName": "9th Street",
                "IntersectionA": "9th Street & Chapel Ave",
                "IntersectionB": "9th Street & Chestnut Ave",
                "name_osm": "9th Street",
                "intersc1": "9th Street & Chapel Ave",
                "intersc2": "9th Street & Chestnut Ave",
                "tract_geoid": "24033800410",
                "tract_name": "Census Tract 8004.10",
                "STATEFP": "24",
                "COUNTYFP": "033",
                "n_tracts": 1,
                "tract_share": 1.0,
                "match": "overlay",
                "total_pop": 6681.0,
                "median_hh_income": 173611.0,
                "median_home_value": 561200.0,
                "commuters_total": 3319.0,
                "commuters_transit": 102.0,
                "renter_no_vehicle": 0.0,
                "Unnamed: 0": 59,
                "form3norm": 71.06182861000001,
                "dens2norm": 55.40965652,
                "prox3norm": 54.65075302,
                "conn6norm": 80.5850296,
                "parks2norm": 0.0,
                "peds4norm": 34.55033112,
                "safenorm": 78.05537415000001,
                "traffic5norm": 45.11961856,
                "aesttot3norm": 48.78800201,
                "paf2norm": 8.0036898e-06,
                "sop7norm": 54.3686376,
                " ": 0,
                "arcades_y": 0,
                "attrtve_y": 1,
                "awnings_y": 1,
                "barsclub_y": 0,
                "beach_y": 0,
                "benches_y": 0,
                "bigbox_y": 1,
                "bikelane_y": 0,
                "bikerack_y": 0,
                "bikeretl_y": 0,
                "bikeshre_y": 0,
                "billbrd_y": 1,
                "bklntype_y": 0,
                "blnkwall_y": 0,
                "buffboll_y": 0,
                "bufffence_y": 0,
                "buffpkcr_y": 0,
                "buffsttr_y": 0,
                "busstops_y": 0,
                "cardeal_y": 0,
                "chainstre_y": 1,
                "chckcash_y": 0,
                "civother_y": 0,
                "coffshop_y": 0,
                "college_y": 0,
                "comctlib_y": 1,
                "condoapt_y": 0,
                "cornerst_y": 0,
                "crosing2_y": 0,
                "croswalk_y": 0,
                "dining_y": 0,
                "dogs_y": 0,
                "driveway_y": 0,
                "drivthru_y": 0,
                "dumpster_y": 0,
                "farnermk_y": 0,
                "fastfood_y": 0,
                "financl_y": 0,
                "flatslpe_y": 1,
                "gasserv_y": 0,
                "gated_y": 0,
                "grafitti_y": 0,
                "gymfitns_y": 0,
                "hardgood_y": 1,
                "highschl_y": 0,
                "hotelhos_y": 0,
                "indsothr_y": 0,
                "insother_y": 0,
                "kinder_y": 0,
                "libbkstr_y": 0,
                "lighting_y": 1,
                "liquorst_y": 0,
                "litter_y": 0,
                "localstre_y": 0,
                "mdhvind_y": 0,
                "medicine_y": 0,
                "midblock_y": 0,
                "mlgrcer_y": 0,
                "mntbuild_y": 0,
                "movieth_y": 0,
                "mustheat_y": 1,
                "offices_y": 0,
                "ofseroth_y": 0,
                "othrrtail_y": 0,
                "othrsdwk_y": 1,
                "parkplay_y": 0,
                "pedcrs2_y": 0,
                "pedcrssgn_y": 0,
                "playsprt_y": 0,
                "plazasq_y": 0,
                "prctpkng_y": 0,
                "prdusprk_y": 0,
                "primschl_y": 0,
                "prmntbldgh_y": 1,
                "pubart_y": 0,
                "pubcivic_y": 1,
                "pubgardn_y": 0,
                "pubrestr_y": 0,
                "recoher_y": 0,
                "religion_y": 0,
                "restarnt_y": 0,
                "restaurant_y": 0,
                "schother_y": 1,
                "scndschl_y": 0,
                "sdwkcomp_y": 2,
                "sdwkshde_y": 0,
                "service_y": 1,
                "sfhatach_y": 0,
                "shopmall_y": 0,
                "sidewalk_y": 2,
                "sizeparkimi2_y": 0,
                "softgood_y": 0,
                "stopsgn2_y": 1,
                "stopsign_y": 0,
                "strpmall_y": 0,
                "strttree_y": 1,
                "stvendor_y": 0,
                "surfpkng_y": 0,
                "townhome_y": 1,
                "traffsig_y": 0,
                "trafsgn2_y": 0,
                "trcmpark_y": 0,
                "undevlnd_y": 0,
                "vehlanes_y": 2,
                "vermixus_y": 0,
                "pedactsgn_y": 0,
                "pedact2_y": 0,
                "smlgrcer_y": 0,
                "gateaccs_y": 0,
                "sdwkpave_y": 0,
                "diffrdsf_y": 0,
                "dfrdsf2_y": 0,
                "cmother_y": 1,
                "zebrastp_y": 0,
                "crsothr2_y": 0,
                "zebra2_y": 0,
                "trafcrcl_y": 0,
                "rumblesp_y": 0,
                "spdbump_y": 0,
                "pbspothr_y": 0,
                "prctbldg_y": 1,
                "swptcoth_y": 0,
                "heatlamp_y": 0,
                "pedstreet_y": 0,
                "banners_y": 0
            },
            "geometry": {
                "type": "LineString",
                "coordinates": [
                    [
                        -76.780324948455061,
                        39.008240977826425
                    ],
                    [
                        -76.779315654340891,
                        39.008035546281057
                    ]
                ]
            }
        },
        {
            "type": "Feature",
            "properties": {
                "sgmntid": 62,
                "name_2": "9th Street",
                "id": 62,
                "intersection_1_location": "39.00802661447474,-76.77926206350297",
                "intersection_2_location": "39.00665111630143,-76.77829742842039",
                "neighborhood": "Old Town Bowie",
                "Group": "Old Town Bowie",
                "layer": "Bowie_CustomMarked",
                "location_id": 62,
                "form3": 87.19783783,
                "dens2": 49.578125,
                "prox3": 19.16552734,
                "conn6": 80.5850296,
                "parks2": 0.0,
                "peds4": 46.96241379,
                "safe": 78.05537415000001,
                "traffic5": 41.48035431,
                "aesttot3": 47.29022217,
                "paf2": 8.0036898e-06,
                "sopindex7": 51.60796594,
                "zscored_form3": -3.795188904,
                "zscored_dens2": -0.03905797005,
                "zscored_prox3": 2.655474901,
                "zscored_conn6": -0.4574847817,
                "zscored_parks2": -1.480694154,
                "zscored_peds4": 6.885946751,
                "zscored_safe": -0.1753524542,
                "zscored_traffic5": -7.383249283,
                "zscored_aesttot3": -1.412183166,
                "zscored_paf2": -0.4590791464,
                "zscored_sopindex7": 2.844479105,
                "country": "USA",
                "state": "Maryland",
                "city": "Bowie",
                "surfpkng_x": 0,
                "sizeparkimi2_x": 0,
                "prctpkng_x": 0,
                "adultuse": 0,
                "arcades_x": 0,
                "attrtve_x": 1,
                "awnings_x": 0,
                "barsclub_x": 0,
                "beach_x": 0,
                "benches_x": 0,
                "bigbox_x": 0,
                "bikelane_x": 1,
                "bikerack_x": 0,
                "bikeretl_x": 0,
                "bikeshre_x": 0,
                "billbrd_x": 1,
                "bklntype_x": 2,
                "blnkwall_x": 1,
                "buffboll_x": 0,
                "bufffence_x": 2,
                "buffpkcr_x": 0,
                "buffsttr_x": 0,
                "busstops_x": 0,
                "cardeal_x": 0,
                "chainstre_x": 0,
                "chckcash_x": 0,
                "civother_x": 0,
                "coffshop_x": 0,
                "college_x": 0,
                "comctlib_x": 0,
                "condoapt_x": 0,
                "cornerst_x": 0,
                "crosing2_x": 0,
                "croswalk_x": 0,
                "dining_x": 0,
                "dogs_x": 0,
                "driveway_x": 0,
                "drivthru_x": 0,
                "dumpster_x": 0,
                "farnermk_x": 0,
                "fastfood_x": 0,
                "financl_x": 0,
                "flatslpe_x": 1,
                "gasserv_x": 0,
                "gated_x": 0,
                "grafitti_x": 0,
                "gymfitns_x": 0,
                "hardgood_x": 0,
                "highschl_x": 0,
                "hotelhos_x": 0,
                "indsothr_x": 0,
                "insother_x": 0,
                "kinder_x": 0,
                "libbkstr_x": 0,
                "lighting_x": 1,
                "liquorst_x": 0,
                "litter_x": 0,
                "localstre_x": 0,
                "mdhvind_x": 0,
                "medicine_x": 0,
                "midblock_x": 0,
                "mlgrcer_x": 0,
                "mntbuild_x": 0,
                "movieth_x": 0,
                "mustheat_x": 1,
                "offices_x": 0,
                "ofseroth_x": 0,
                "othrrtail_x": 0,
                "othrsdwk_x": 0,
                "parkplay_x": 0,
                "pedcrs2_x": 0,
                "pedcrssgn_x": 0,
                "playsprt_x": 0,
                "plazasq_x": 0,
                "prdusprk_x": 0,
                "primschl_x": 0,
                "prmntbldgh_x": 0,
                "pubart_x": 0,
                "pubcivic_x": 0,
                "pubgardn_x": 0,
                "pubrestr_x": 0,
                "recoher_x": 0,
                "religion_x": 0,
                "restarnt_x": 0,
                "restaurant_x": 0,
                "schother_x": 0,
                "scndschl_x": 0,
                "sdwkcomp_x": 1,
                "sdwkshde_x": 0,
                "service_x": 0,
                "sfhatach_x": 0,
                "shopmall_x": 0,
                "sidewalk_x": 1,
                "softgood_x": 0,
                "stopsgn2_x": 1,
                "stopsign_x": 1,
                "strpmall_x": 0,
                "strttree_x": 1,
                "stvendor_x": 0,
                "townhome_x": 1,
                "traffsig_x": 0,
                "trafsgn2_x": 0,
                "trcmpark_x": 0,
                "undevlnd_x": 0,
                "vehlanes_x": 2,
                "vermixus_x": 0,
                "pedactsgn_x": 0,
                "pedact2_x": 0,
                "smlgrcer_x": 0,
                "gateaccs_x": 0,
                "sdwkpave_x": 1,
                "diffrdsf_x": 0,
                "dfrdsf2_x": 0,
                "cmother_x": 0,
                "zebrastp_x": 0,
                "crsothr2_x": 0,
                "zebra2_x": 0,
                "trafcrcl_x": 0,
                "rumblesp_x": 0,
                "spdbump_x": 0,
                "pbspothr_x": 0,
                "prctbldg_x": 1,
                "swptcoth_x": 0,
                "heatlamp_x": 0,
                "pedstreet_x": 0,
                "banners_x": 0,
                "multifamtot": 1,
                "school": 0,
                "retrest": 0,
                "sdwkbuff": 1,
                "vehlanestot": 2,
                "sixlnrd": 0,
                "sixlnrdrecoded": 0,
                "implndusrecoded": 0,
                "bldgstry": 0,
                "sizeparkimi1": 0,
                "crosswalktot": 0,
                "diffrdsftot": 0,
                "pedactsgntot": 0,
                "pedcssigntot": 0,
                "schooltot": 0,
                "officestot": 0,
                "liquorbaradultcheckcashing": 0,
                "markings": 0,
                "markings2": 0,
                "vehsigs": 1,
                "vehsigs2": 1,
                "vehlanestotrecoded": 2,
                "trafcalmtot": 0,
                "markingsint": 1,
                "markingsint2": -1,
                "vehsigsint": 2,
                "vehsigs2int": 0,
                "medianint": 0,
                "trafcalmtotint": 1,
                "midcrsmarkint": 0,
                "strpmalllnt": 0,
                "retrestint": 0,
                "commothrint": 0,
                "restarntint": 0,
                "coffshopint": 0,
                "cornerstint": 0,
                "moviethint": 0,
                "barsclubint": 0,
                "culsacpedptint": 0,
                "StreetName": "9th Street",
                "IntersectionA": "9th Street & Chestnut Ave",
                "IntersectionB": "9th Street & 11th Street",
                "name_osm": "9th Street",
                "intersc1": "9th Street & Chestnut Ave",
                "intersc2": "9th Street & 11th Street",
                "tract_geoid": "24033800410",
                "tract_name": "Census Tract 8004.10",
                "STATEFP": "24",
                "COUNTYFP": "033",
                "n_tracts": 1,
                "tract_share": 1.0,
                "match": "overlay",
                "total_pop": 6681.0,
                "median_hh_income": 173611.0,
                "median_home_value": 561200.0,
                "commuters_total": 3319.0,
                "commuters_transit": 102.0,
                "renter_no_vehicle": 0.0,
                "Unnamed: 0": 60,
                "form3norm": 87.19783783,
                "dens2norm": 49.578125,
                "prox3norm": 19.16552734,
                "conn6norm": 80.5850296,
                "parks2norm": 0.0,
                "peds4norm": 46.96241379,
                "safenorm": 78.05537415000001,
                "traffic5norm": 43.23539494,
                "aesttot3norm": 47.29022217,
                "paf2norm": 8.0036898e-06,
                "sop7norm": 51.97733685,
                " ": 0,
                "arcades_y": 0,
                "attrtve_y": 1,
                "awnings_y": 0,
                "barsclub_y": 0,
                "beach_y": 0,
                "benches_y": 0,
                "bigbox_y": 0,
                "bikelane_y": 1,
                "bikerack_y": 0,
                "bikeretl_y": 0,
                "bikeshre_y": 0,
                "billbrd_y": 1,
                "bklntype_y": 2,
                "blnkwall_y": 1,
                "buffboll_y": 0,
                "bufffence_y": 2,
                "buffpkcr_y": 0,
                "buffsttr_y": 0,
                "busstops_y": 0,
                "cardeal_y": 0,
                "chainstre_y": 0,
                "chckcash_y": 0,
                "civother_y": 0,
                "coffshop_y": 0,
                "college_y": 0,
                "comctlib_y": 0,
                "condoapt_y": 0,
                "cornerst_y": 0,
                "crosing2_y": 0,
                "croswalk_y": 0,
                "dining_y": 0,
                "dogs_y": 0,
                "driveway_y": 0,
                "drivthru_y": 0,
                "dumpster_y": 0,
                "farnermk_y": 0,
                "fastfood_y": 0,
                "financl_y": 0,
                "flatslpe_y": 1,
                "gasserv_y": 0,
                "gated_y": 0,
                "grafitti_y": 0,
                "gymfitns_y": 0,
                "hardgood_y": 0,
                "highschl_y": 0,
                "hotelhos_y": 0,
                "indsothr_y": 0,
                "insother_y": 0,
                "kinder_y": 0,
                "libbkstr_y": 0,
                "lighting_y": 1,
                "liquorst_y": 0,
                "litter_y": 0,
                "localstre_y": 0,
                "mdhvind_y": 0,
                "medicine_y": 0,
                "midblock_y": 0,
                "mlgrcer_y": 0,
                "mntbuild_y": 0,
                "movieth_y": 0,
                "mustheat_y": 1,
                "offices_y": 0,
                "ofseroth_y": 0,
                "othrrtail_y": 0,
                "othrsdwk_y": 0,
                "parkplay_y": 0,
                "pedcrs2_y": 0,
                "pedcrssgn_y": 0,
                "playsprt_y": 0,
                "plazasq_y": 0,
                "prctpkng_y": 0,
                "prdusprk_y": 0,
                "primschl_y": 0,
                "prmntbldgh_y": 0,
                "pubart_y": 0,
                "pubcivic_y": 0,
                "pubgardn_y": 0,
                "pubrestr_y": 0,
                "recoher_y": 0,
                "religion_y": 0,
                "restarnt_y": 0,
                "restaurant_y": 0,
                "schother_y": 0,
                "scndschl_y": 0,
                "sdwkcomp_y": 1,
                "sdwkshde_y": 0,
                "service_y": 0,
                "sfhatach_y": 0,
                "shopmall_y": 0,
                "sidewalk_y": 1,
                "sizeparkimi2_y": 0,
                "softgood_y": 0,
                "stopsgn2_y": 1,
                "stopsign_y": 1,
                "strpmall_y": 0,
                "strttree_y": 1,
                "stvendor_y": 0,
                "surfpkng_y": 0,
                "townhome_y": 1,
                "traffsig_y": 0,
                "trafsgn2_y": 0,
                "trcmpark_y": 0,
                "undevlnd_y": 0,
                "vehlanes_y": 2,
                "vermixus_y": 0,
                "pedactsgn_y": 0,
                "pedact2_y": 0,
                "smlgrcer_y": 0,
                "gateaccs_y": 0,
                "sdwkpave_y": 1,
                "diffrdsf_y": 0,
                "dfrdsf2_y": 0,
                "cmother_y": 0,
                "zebrastp_y": 0,
                "crsothr2_y": 0,
                "zebra2_y": 0,
                "trafcrcl_y": 0,
                "rumblesp_y": 0,
                "spdbump_y": 0,
                "pbspothr_y": 0,
                "prctbldg_y": 1,
                "swptcoth_y": 0,
                "heatlamp_y": 0,
                "pedstreet_y": 0,
                "banners_y": 0
            },
            "geometry": {
                "type": "LineString",
                "coordinates": [
                    [
                        -76.779262063502969,
                        39.008026614474737
                    ],
                    [
                        -76.778297428420387,
                        39.006651116301427
                    ]
                ]
            }
        },
        {
            "type": "Feature",
            "properties": {
                "sgmntid": 63,
                "name_2": "Chapel Ave",
                "id": 63,
                "intersection_1_location": "39.008205250601144,-76.78018203955395",
                "intersection_2_location": "39.00741925164497,-76.7798515627201",
                "neighborhood": "Old Town Bowie",
                "Group": "Old Town Bowie",
                "layer": "Bowie_CustomMarked",
                "location_id": 63,
                "form3": 80.64781189,
                "dens2": 49.578125,
                "prox3": 30.13062477,
                "conn6": 80.5850296,
                "parks2": 0.0,
                "peds4": 21.87975121,
                "safe": 68.01690674,
                "traffic5": 56.14783859,
                "aesttot3": 41.43758774,
                "paf2": 8.0036898e-06,
                "sopindex7": 46.2032314,
                "zscored_form3": -1.24777019,
                "zscored_dens2": -0.03905797005,
                "zscored_prox3": 7.275465965,
                "zscored_conn6": -0.4574847817,
                "zscored_parks2": -1.480694154,
                "zscored_peds4": -6.28686142,
                "zscored_safe": -2.529069901,
                "zscored_traffic5": -1.140029192,
                "zscored_aesttot3": -5.132250786,
                "zscored_paf2": -0.4590791464,
                "zscored_sopindex7": -8.086320857,
                "country": "USA",
                "state": "Maryland",
                "city": "Bowie",
                "surfpkng_x": 1,
                "sizeparkimi2_x": 1,
                "prctpkng_x": 1,
                "adultuse": 0,
                "arcades_x": 0,
                "attrtve_x": 0,
                "awnings_x": 0,
                "barsclub_x": 0,
                "beach_x": 0,
                "benches_x": 0,
                "bigbox_x": 0,
                "bikelane_x": 0,
                "bikerack_x": 0,
                "bikeretl_x": 0,
                "bikeshre_x": 0,
                "billbrd_x": 0,
                "bklntype_x": 0,
                "blnkwall_x": 0,
                "buffboll_x": 0,
                "bufffence_x": 0,
                "buffpkcr_x": 0,
                "buffsttr_x": 0,
                "busstops_x": 0,
                "cardeal_x": 0,
                "chainstre_x": 0,
                "chckcash_x": 0,
                "civother_x": 0,
                "coffshop_x": 0,
                "college_x": 0,
                "comctlib_x": 0,
                "condoapt_x": 0,
                "cornerst_x": 0,
                "crosing2_x": 0,
                "croswalk_x": 0,
                "dining_x": 0,
                "dogs_x": 0,
                "driveway_x": 0,
                "drivthru_x": 0,
                "dumpster_x": 1,
                "farnermk_x": 0,
                "fastfood_x": 0,
                "financl_x": 0,
                "flatslpe_x": 1,
                "gasserv_x": 0,
                "gated_x": 0,
                "grafitti_x": 0,
                "gymfitns_x": 0,
                "hardgood_x": 0,
                "highschl_x": 0,
                "hotelhos_x": 0,
                "indsothr_x": 0,
                "insother_x": 0,
                "kinder_x": 0,
                "libbkstr_x": 0,
                "lighting_x": 1,
                "liquorst_x": 0,
                "litter_x": 0,
                "localstre_x": 1,
                "mdhvind_x": 0,
                "medicine_x": 0,
                "midblock_x": 0,
                "mlgrcer_x": 1,
                "mntbuild_x": 0,
                "movieth_x": 0,
                "mustheat_x": 0,
                "offices_x": 0,
                "ofseroth_x": 0,
                "othrrtail_x": 0,
                "othrsdwk_x": 1,
                "parkplay_x": 0,
                "pedcrs2_x": 0,
                "pedcrssgn_x": 0,
                "playsprt_x": 0,
                "plazasq_x": 0,
                "prdusprk_x": 0,
                "primschl_x": 0,
                "prmntbldgh_x": 0,
                "pubart_x": 0,
                "pubcivic_x": 1,
                "pubgardn_x": 0,
                "pubrestr_x": 0,
                "recoher_x": 0,
                "religion_x": 0,
                "restarnt_x": 0,
                "restaurant_x": 0,
                "schother_x": 1,
                "scndschl_x": 0,
                "sdwkcomp_x": 0,
                "sdwkshde_x": 0,
                "service_x": 0,
                "sfhatach_x": 0,
                "shopmall_x": 0,
                "sidewalk_x": 1,
                "softgood_x": 0,
                "stopsgn2_x": 0,
                "stopsign_x": 1,
                "strpmall_x": 0,
                "strttree_x": 1,
                "stvendor_x": 0,
                "townhome_x": 1,
                "traffsig_x": 0,
                "trafsgn2_x": 0,
                "trcmpark_x": 0,
                "undevlnd_x": 0,
                "vehlanes_x": 1,
                "vermixus_x": 0,
                "pedactsgn_x": 0,
                "pedact2_x": 0,
                "smlgrcer_x": 0,
                "gateaccs_x": 0,
                "sdwkpave_x": 0,
                "diffrdsf_x": 0,
                "dfrdsf2_x": 0,
                "cmother_x": 0,
                "zebrastp_x": 0,
                "crsothr2_x": 0,
                "zebra2_x": 0,
                "trafcrcl_x": 0,
                "rumblesp_x": 0,
                "spdbump_x": 0,
                "pbspothr_x": 0,
                "prctbldg_x": 1,
                "swptcoth_x": 0,
                "heatlamp_x": 0,
                "pedstreet_x": 0,
                "banners_x": 0,
                "multifamtot": 1,
                "school": 1,
                "retrest": 1,
                "sdwkbuff": 0,
                "vehlanestot": 1,
                "sixlnrd": 0,
                "sixlnrdrecoded": 0,
                "implndusrecoded": 0,
                "bldgstry": 0,
                "sizeparkimi1": 1,
                "crosswalktot": 0,
                "diffrdsftot": 0,
                "pedactsgntot": 0,
                "pedcssigntot": 0,
                "schooltot": 2,
                "officestot": 0,
                "liquorbaradultcheckcashing": 0,
                "markings": 0,
                "markings2": 0,
                "vehsigs": 1,
                "vehsigs2": 0,
                "vehlanestotrecoded": 2,
                "trafcalmtot": 0,
                "markingsint": 1,
                "markingsint2": 1,
                "vehsigsint": 2,
                "vehsigs2int": 1,
                "medianint": 0,
                "trafcalmtotint": 1,
                "midcrsmarkint": 0,
                "strpmalllnt": 0,
                "retrestint": 2,
                "commothrint": 0,
                "restarntint": 0,
                "coffshopint": 0,
                "cornerstint": 0,
                "moviethint": 0,
                "barsclubint": 0,
                "culsacpedptint": 0,
                "StreetName": "Chapel Ave",
                "IntersectionA": "Chapel Ave & 9th Street",
                "IntersectionB": "Chapel Ave & Railroad Ave",
                "name_osm": "9th Street",
                "intersc1": "Chapel Ave & 9th Street",
                "intersc2": "Chapel Ave & Railroad Ave",
                "tract_geoid": "24033800410",
                "tract_name": "Census Tract 8004.10",
                "STATEFP": "24",
                "COUNTYFP": "033",
                "n_tracts": 1,
                "tract_share": 1.0,
                "match": "overlay",
                "total_pop": 6681.0,
                "median_hh_income": 173611.0,
                "median_home_value": 561200.0,
                "commuters_total": 3319.0,
                "commuters_transit": 102.0,
                "renter_no_vehicle": 0.0,
                "Unnamed: 0": 61,
                "form3norm": 80.64781189,
                "dens2norm": 55.40965652,
                "prox3norm": 30.13062477,
                "conn6norm": 80.5850296,
                "parks2norm": 0.0,
                "peds4norm": 21.87975121,
                "safenorm": 68.01690674,
                "traffic5norm": 43.77428923,
                "aesttot3norm": 41.43758774,
                "paf2norm": 8.0036898e-06,
                "sop7norm": 44.05648913,
                " ": 0,
                "arcades_y": 0,
                "attrtve_y": 0,
                "awnings_y": 0,
                "barsclub_y": 0,
                "beach_y": 0,
                "benches_y": 0,
                "bigbox_y": 0,
                "bikelane_y": 0,
                "bikerack_y": 0,
                "bikeretl_y": 0,
                "bikeshre_y": 0,
                "billbrd_y": 0,
                "bklntype_y": 0,
                "blnkwall_y": 0,
                "buffboll_y": 0,
                "bufffence_y": 0,
                "buffpkcr_y": 0,
                "buffsttr_y": 0,
                "busstops_y": 0,
                "cardeal_y": 0,
                "chainstre_y": 0,
                "chckcash_y": 0,
                "civother_y": 0,
                "coffshop_y": 0,
                "college_y": 0,
                "comctlib_y": 0,
                "condoapt_y": 0,
                "cornerst_y": 0,
                "crosing2_y": 0,
                "croswalk_y": 0,
                "dining_y": 0,
                "dogs_y": 0,
                "driveway_y": 0,
                "drivthru_y": 0,
                "dumpster_y": 1,
                "farnermk_y": 0,
                "fastfood_y": 0,
                "financl_y": 0,
                "flatslpe_y": 1,
                "gasserv_y": 0,
                "gated_y": 0,
                "grafitti_y": 0,
                "gymfitns_y": 0,
                "hardgood_y": 0,
                "highschl_y": 0,
                "hotelhos_y": 0,
                "indsothr_y": 0,
                "insother_y": 0,
                "kinder_y": 0,
                "libbkstr_y": 0,
                "lighting_y": 1,
                "liquorst_y": 0,
                "litter_y": 0,
                "localstre_y": 1,
                "mdhvind_y": 0,
                "medicine_y": 0,
                "midblock_y": 0,
                "mlgrcer_y": 1,
                "mntbuild_y": 0,
                "movieth_y": 0,
                "mustheat_y": 0,
                "offices_y": 0,
                "ofseroth_y": 0,
                "othrrtail_y": 0,
                "othrsdwk_y": 1,
                "parkplay_y": 0,
                "pedcrs2_y": 0,
                "pedcrssgn_y": 0,
                "playsprt_y": 0,
                "plazasq_y": 0,
                "prctpkng_y": 1,
                "prdusprk_y": 0,
                "primschl_y": 0,
                "prmntbldgh_y": 1,
                "pubart_y": 0,
                "pubcivic_y": 1,
                "pubgardn_y": 0,
                "pubrestr_y": 0,
                "recoher_y": 0,
                "religion_y": 0,
                "restarnt_y": 0,
                "restaurant_y": 0,
                "schother_y": 1,
                "scndschl_y": 0,
                "sdwkcomp_y": 0,
                "sdwkshde_y": 0,
                "service_y": 0,
                "sfhatach_y": 0,
                "shopmall_y": 0,
                "sidewalk_y": 1,
                "sizeparkimi2_y": 1,
                "softgood_y": 0,
                "stopsgn2_y": 0,
                "stopsign_y": 1,
                "strpmall_y": 0,
                "strttree_y": 1,
                "stvendor_y": 0,
                "surfpkng_y": 1,
                "townhome_y": 1,
                "traffsig_y": 0,
                "trafsgn2_y": 0,
                "trcmpark_y": 0,
                "undevlnd_y": 0,
                "vehlanes_y": 1,
                "vermixus_y": 0,
                "pedactsgn_y": 0,
                "pedact2_y": 0,
                "smlgrcer_y": 0,
                "gateaccs_y": 0,
                "sdwkpave_y": 0,
                "diffrdsf_y": 0,
                "dfrdsf2_y": 0,
                "cmother_y": 0,
                "zebrastp_y": 0,
                "crsothr2_y": 0,
                "zebra2_y": 0,
                "trafcrcl_y": 0,
                "rumblesp_y": 0,
                "spdbump_y": 0,
                "pbspothr_y": 0,
                "prctbldg_y": 1,
                "swptcoth_y": 0,
                "heatlamp_y": 0,
                "pedstreet_y": 0,
                "banners_y": 0
            },
            "geometry": {
                "type": "LineString",
                "coordinates": [
                    [
                        -76.780182039553949,
                        39.008205250601144
                    ],
                    [
                        -76.779851562720097,
                        39.007419251644968
                    ]
                ]
            }
        },
        {
            "type": "Feature",
            "properties": {
                "sgmntid": 64,
                "name_2": "Railroad Ave",
                "id": 64,
                "intersection_1_location": "39.006615389076146,-76.78132531076292",
                "intersection_2_location": "39.00741925164497,-76.7798962217517",
                "neighborhood": "Old Town Bowie",
                "Group": "Old Town Bowie",
                "layer": "Bowie_CustomMarked",
                "location_id": 64,
                "form3": 80.64781189,
                "dens2": 36.92466736,
                "prox3": 0.0,
                "conn6": 80.5850296,
                "parks2": 0.0,
                "peds4": 12.23231602,
                "safe": 71.5803299,
                "traffic5": 53.04776382,
                "aesttot3": 45.2305336,
                "paf2": 8.0036898e-06,
                "sopindex7": 37.38112896,
                "zscored_form3": -1.24777019,
                "zscored_dens2": -2.046435595,
                "zscored_prox3": -5.4196558,
                "zscored_conn6": -0.4574847817,
                "zscored_parks2": -1.480694154,
                "zscored_peds4": -11.35346031,
                "zscored_safe": -1.693555593,
                "zscored_traffic5": -2.45957756,
                "zscored_aesttot3": -2.721369743,
                "zscored_paf2": -0.4590791464,
                "zscored_sopindex7": -25.92857311,
                "country": "USA",
                "state": "Maryland",
                "city": "Bowie",
                "surfpkng_x": 1,
                "sizeparkimi2_x": 1,
                "prctpkng_x": 1,
                "adultuse": 0,
                "arcades_x": 0,
                "attrtve_x": 0,
                "awnings_x": 0,
                "barsclub_x": 0,
                "beach_x": 0,
                "benches_x": 0,
                "bigbox_x": 0,
                "bikelane_x": 0,
                "bikerack_x": 0,
                "bikeretl_x": 0,
                "bikeshre_x": 0,
                "billbrd_x": 0,
                "bklntype_x": 0,
                "blnkwall_x": 0,
                "buffboll_x": 0,
                "bufffence_x": 0,
                "buffpkcr_x": 0,
                "buffsttr_x": 0,
                "busstops_x": 0,
                "cardeal_x": 0,
                "chainstre_x": 0,
                "chckcash_x": 0,
                "civother_x": 0,
                "coffshop_x": 0,
                "college_x": 0,
                "comctlib_x": 0,
                "condoapt_x": 0,
                "cornerst_x": 0,
                "crosing2_x": 0,
                "croswalk_x": 0,
                "dining_x": 0,
                "dogs_x": 0,
                "driveway_x": 0,
                "drivthru_x": 0,
                "dumpster_x": 0,
                "farnermk_x": 0,
                "fastfood_x": 0,
                "financl_x": 0,
                "flatslpe_x": 1,
                "gasserv_x": 0,
                "gated_x": 0,
                "grafitti_x": 0,
                "gymfitns_x": 0,
                "hardgood_x": 0,
                "highschl_x": 0,
                "hotelhos_x": 0,
                "indsothr_x": 0,
                "insother_x": 0,
                "kinder_x": 0,
                "libbkstr_x": 0,
                "lighting_x": 1,
                "liquorst_x": 0,
                "litter_x": 1,
                "localstre_x": 0,
                "mdhvind_x": 0,
                "medicine_x": 0,
                "midblock_x": 0,
                "mlgrcer_x": 0,
                "mntbuild_x": 0,
                "movieth_x": 0,
                "mustheat_x": 0,
                "offices_x": 0,
                "ofseroth_x": 0,
                "othrrtail_x": 0,
                "othrsdwk_x": 1,
                "parkplay_x": 0,
                "pedcrs2_x": 0,
                "pedcrssgn_x": 0,
                "playsprt_x": 0,
                "plazasq_x": 0,
                "prdusprk_x": 0,
                "primschl_x": 0,
                "prmntbldgh_x": 0,
                "pubart_x": 0,
                "pubcivic_x": 0,
                "pubgardn_x": 0,
                "pubrestr_x": 0,
                "recoher_x": 0,
                "religion_x": 0,
                "restarnt_x": 0,
                "restaurant_x": 0,
                "schother_x": 0,
                "scndschl_x": 0,
                "sdwkcomp_x": 0,
                "sdwkshde_x": 0,
                "service_x": 0,
                "sfhatach_x": 0,
                "shopmall_x": 0,
                "sidewalk_x": 0,
                "softgood_x": 0,
                "stopsgn2_x": 0,
                "stopsign_x": 0,
                "strpmall_x": 0,
                "strttree_x": 1,
                "stvendor_x": 0,
                "townhome_x": 0,
                "traffsig_x": 0,
                "trafsgn2_x": 0,
                "trcmpark_x": 0,
                "undevlnd_x": 0,
                "vehlanes_x": 2,
                "vermixus_x": 0,
                "pedactsgn_x": 0,
                "pedact2_x": 0,
                "smlgrcer_x": 0,
                "gateaccs_x": 0,
                "sdwkpave_x": 0,
                "diffrdsf_x": 0,
                "dfrdsf2_x": 0,
                "cmother_x": 0,
                "zebrastp_x": 0,
                "crsothr2_x": 0,
                "zebra2_x": 0,
                "trafcrcl_x": 0,
                "rumblesp_x": 0,
                "spdbump_x": 0,
                "pbspothr_x": 0,
                "prctbldg_x": 1,
                "swptcoth_x": 0,
                "heatlamp_x": 0,
                "pedstreet_x": 0,
                "banners_x": 0,
                "multifamtot": 0,
                "school": 0,
                "retrest": 0,
                "sdwkbuff": 0,
                "vehlanestot": 2,
                "sixlnrd": 0,
                "sixlnrdrecoded": 0,
                "implndusrecoded": 0,
                "bldgstry": 0,
                "sizeparkimi1": 1,
                "crosswalktot": 0,
                "diffrdsftot": 0,
                "pedactsgntot": 0,
                "pedcssigntot": 0,
                "schooltot": 0,
                "officestot": 0,
                "liquorbaradultcheckcashing": 0,
                "markings": 0,
                "markings2": 0,
                "vehsigs": 0,
                "vehsigs2": 0,
                "vehlanestotrecoded": 2,
                "trafcalmtot": 0,
                "markingsint": 1,
                "markingsint2": 1,
                "vehsigsint": 1,
                "vehsigs2int": 1,
                "medianint": 0,
                "trafcalmtotint": 1,
                "midcrsmarkint": 0,
                "strpmalllnt": 0,
                "retrestint": 0,
                "commothrint": 0,
                "restarntint": 0,
                "coffshopint": 0,
                "cornerstint": 0,
                "moviethint": 0,
                "barsclubint": 0,
                "culsacpedptint": 0,
                "StreetName": "Railroad Ave",
                "IntersectionA": "Railroad Ave & Mapel Ave",
                "IntersectionB": "Railroad Ave & Chapel Ave",
                "name_osm": "Chapel Avenue,Maple Avenue,Railroad Avenue",
                "intersc1": "Railroad Ave & Mapel Ave",
                "intersc2": "Railroad Ave & Chapel Ave",
                "tract_geoid": "24033800410",
                "tract_name": "Census Tract 8004.10",
                "STATEFP": "24",
                "COUNTYFP": "033",
                "n_tracts": 1,
                "tract_share": 1.0,
                "match": "overlay",
                "total_pop": 6681.0,
                "median_hh_income": 173611.0,
                "median_home_value": 561200.0,
                "commuters_total": 3319.0,
                "commuters_transit": 102.0,
                "renter_no_vehicle": 0.0,
                "Unnamed: 0": 62,
                "form3norm": 80.64781189,
                "dens2norm": 36.92466736,
                "prox3norm": 0.0,
                "conn6norm": 80.5850296,
                "parks2norm": 0.0,
                "peds4norm": 12.23231602,
                "safenorm": 71.5803299,
                "traffic5norm": 43.02787818,
                "aesttot3norm": 45.2305336,
                "paf2norm": 8.0036898e-06,
                "sop7norm": 35.2723156,
                " ": 0,
                "arcades_y": 0,
                "attrtve_y": 0,
                "awnings_y": 0,
                "barsclub_y": 0,
                "beach_y": 0,
                "benches_y": 0,
                "bigbox_y": 0,
                "bikelane_y": 0,
                "bikerack_y": 0,
                "bikeretl_y": 0,
                "bikeshre_y": 0,
                "billbrd_y": 0,
                "bklntype_y": 0,
                "blnkwall_y": 0,
                "buffboll_y": 0,
                "bufffence_y": 0,
                "buffpkcr_y": 0,
                "buffsttr_y": 0,
                "busstops_y": 0,
                "cardeal_y": 0,
                "chainstre_y": 0,
                "chckcash_y": 0,
                "civother_y": 0,
                "coffshop_y": 0,
                "college_y": 0,
                "comctlib_y": 0,
                "condoapt_y": 0,
                "cornerst_y": 0,
                "crosing2_y": 0,
                "croswalk_y": 0,
                "dining_y": 0,
                "dogs_y": 0,
                "driveway_y": 0,
                "drivthru_y": 0,
                "dumpster_y": 0,
                "farnermk_y": 0,
                "fastfood_y": 0,
                "financl_y": 0,
                "flatslpe_y": 1,
                "gasserv_y": 0,
                "gated_y": 0,
                "grafitti_y": 0,
                "gymfitns_y": 0,
                "hardgood_y": 0,
                "highschl_y": 0,
                "hotelhos_y": 0,
                "indsothr_y": 0,
                "insother_y": 0,
                "kinder_y": 0,
                "libbkstr_y": 0,
                "lighting_y": 1,
                "liquorst_y": 0,
                "litter_y": 1,
                "localstre_y": 0,
                "mdhvind_y": 0,
                "medicine_y": 0,
                "midblock_y": 0,
                "mlgrcer_y": 0,
                "mntbuild_y": 0,
                "movieth_y": 0,
                "mustheat_y": 0,
                "offices_y": 0,
                "ofseroth_y": 0,
                "othrrtail_y": 0,
                "othrsdwk_y": 1,
                "parkplay_y": 0,
                "pedcrs2_y": 0,
                "pedcrssgn_y": 0,
                "playsprt_y": 0,
                "plazasq_y": 0,
                "prctpkng_y": 1,
                "prdusprk_y": 0,
                "primschl_y": 0,
                "prmntbldgh_y": 0,
                "pubart_y": 0,
                "pubcivic_y": 0,
                "pubgardn_y": 0,
                "pubrestr_y": 0,
                "recoher_y": 0,
                "religion_y": 0,
                "restarnt_y": 0,
                "restaurant_y": 0,
                "schother_y": 0,
                "scndschl_y": 0,
                "sdwkcomp_y": 0,
                "sdwkshde_y": 0,
                "service_y": 0,
                "sfhatach_y": 0,
                "shopmall_y": 0,
                "sidewalk_y": 0,
                "sizeparkimi2_y": 1,
                "softgood_y": 0,
                "stopsgn2_y": 0,
                "stopsign_y": 0,
                "strpmall_y": 0,
                "strttree_y": 1,
                "stvendor_y": 0,
                "surfpkng_y": 1,
                "townhome_y": 0,
                "traffsig_y": 0,
                "trafsgn2_y": 0,
                "trcmpark_y": 0,
                "undevlnd_y": 0,
                "vehlanes_y": 2,
                "vermixus_y": 0,
                "pedactsgn_y": 0,
                "pedact2_y": 0,
                "smlgrcer_y": 0,
                "gateaccs_y": 0,
                "sdwkpave_y": 0,
                "diffrdsf_y": 0,
                "dfrdsf2_y": 0,
                "cmother_y": 0,
                "zebrastp_y": 0,
                "crsothr2_y": 0,
                "zebra2_y": 0,
                "trafcrcl_y": 0,
                "rumblesp_y": 0,
                "spdbump_y": 0,
                "pbspothr_y": 0,
                "prctbldg_y": 1,
                "swptcoth_y": 0,
                "heatlamp_y": 0,
                "pedstreet_y": 0,
                "banners_y": 0
            },
            "geometry": {
                "type": "LineString",
                "coordinates": [
                    [
                        -76.781325310762924,
                        39.006615389076146
                    ],
                    [
                        -76.779896221751699,
                        39.007419251644968
                    ]
                ]
            }
        },
        {
            "type": "Feature",
            "properties": {
                "sgmntid": 65,
                "name_2": "Chestnut Ave",
                "id": 65,
                "intersection_1_location": "39.0071245020364,-76.77876188234903",
                "intersection_2_location": "39.006597525463505,-76.77869042789847",
                "neighborhood": "Old Town Bowie",
                "Group": "Old Town Bowie",
                "layer": "Bowie_CustomMarked",
                "location_id": 65,
                "form3": 80.64781189,
                "dens2": 49.578125,
                "prox3": 45.40219879,
                "conn6": 80.5850296,
                "parks2": 0.0,
                "peds4": 28.78187943,
                "safe": 65.30477142,
                "traffic5": 62.95329285,
                "aesttot3": 45.84462738,
                "paf2": 8.0036898e-06,
                "sopindex7": 53.67998003,
                "zscored_form3": -1.24777019,
                "zscored_dens2": -0.03905797005,
                "zscored_prox3": 13.70993423,
                "zscored_conn6": -0.4574847817,
                "zscored_parks2": -1.480694154,
                "zscored_peds4": -2.66203022,
                "zscored_safe": -3.164984226,
                "zscored_traffic5": 1.75671494,
                "zscored_aesttot3": -2.331037283,
                "zscored_paf2": -0.4590791464,
                "zscored_sopindex7": 7.035021922,
                "country": "USA",
                "state": "Maryland",
                "city": "Bowie",
                "surfpkng_x": 1,
                "sizeparkimi2_x": 1,
                "prctpkng_x": 1,
                "adultuse": 0,
                "arcades_x": 0,
                "attrtve_x": 0,
                "awnings_x": 1,
                "barsclub_x": 0,
                "beach_x": 0,
                "benches_x": 0,
                "bigbox_x": 0,
                "bikelane_x": 0,
                "bikerack_x": 0,
                "bikeretl_x": 0,
                "bikeshre_x": 0,
                "billbrd_x": 0,
                "bklntype_x": 0,
                "blnkwall_x": 0,
                "buffboll_x": 0,
                "bufffence_x": 0,
                "buffpkcr_x": 0,
                "buffsttr_x": 0,
                "busstops_x": 0,
                "cardeal_x": 0,
                "chainstre_x": 0,
                "chckcash_x": 0,
                "civother_x": 0,
                "coffshop_x": 0,
                "college_x": 0,
                "comctlib_x": 0,
                "condoapt_x": 0,
                "cornerst_x": 0,
                "crosing2_x": 1,
                "croswalk_x": 1,
                "dining_x": 0,
                "dogs_x": 0,
                "driveway_x": 0,
                "drivthru_x": 0,
                "dumpster_x": 0,
                "farnermk_x": 0,
                "fastfood_x": 0,
                "financl_x": 0,
                "flatslpe_x": 1,
                "gasserv_x": 0,
                "gated_x": 0,
                "grafitti_x": 0,
                "gymfitns_x": 0,
                "hardgood_x": 0,
                "highschl_x": 0,
                "hotelhos_x": 0,
                "indsothr_x": 0,
                "insother_x": 0,
                "kinder_x": 0,
                "libbkstr_x": 0,
                "lighting_x": 0,
                "liquorst_x": 0,
                "litter_x": 0,
                "localstre_x": 1,
                "mdhvind_x": 0,
                "medicine_x": 0,
                "midblock_x": 0,
                "mlgrcer_x": 0,
                "mntbuild_x": 0,
                "movieth_x": 0,
                "mustheat_x": 1,
                "offices_x": 1,
                "ofseroth_x": 0,
                "othrrtail_x": 0,
                "othrsdwk_x": 0,
                "parkplay_x": 0,
                "pedcrs2_x": 0,
                "pedcrssgn_x": 0,
                "playsprt_x": 0,
                "plazasq_x": 0,
                "prdusprk_x": 0,
                "primschl_x": 0,
                "prmntbldgh_x": 0,
                "pubart_x": 0,
                "pubcivic_x": 1,
                "pubgardn_x": 0,
                "pubrestr_x": 0,
                "recoher_x": 0,
                "religion_x": 0,
                "restarnt_x": 0,
                "restaurant_x": 0,
                "schother_x": 0,
                "scndschl_x": 0,
                "sdwkcomp_x": 1,
                "sdwkshde_x": 1,
                "service_x": 0,
                "sfhatach_x": 0,
                "shopmall_x": 0,
                "sidewalk_x": 2,
                "softgood_x": 0,
                "stopsgn2_x": 1,
                "stopsign_x": 0,
                "strpmall_x": 0,
                "strttree_x": 1,
                "stvendor_x": 0,
                "townhome_x": 1,
                "traffsig_x": 0,
                "trafsgn2_x": 0,
                "trcmpark_x": 0,
                "undevlnd_x": 0,
                "vehlanes_x": 2,
                "vermixus_x": 0,
                "pedactsgn_x": 0,
                "pedact2_x": 0,
                "smlgrcer_x": 0,
                "gateaccs_x": 0,
                "sdwkpave_x": 0,
                "diffrdsf_x": 0,
                "dfrdsf2_x": 0,
                "cmother_x": 1,
                "zebrastp_x": 0,
                "crsothr2_x": 1,
                "zebra2_x": 0,
                "trafcrcl_x": 0,
                "rumblesp_x": 0,
                "spdbump_x": 0,
                "pbspothr_x": 0,
                "prctbldg_x": 1,
                "swptcoth_x": 0,
                "heatlamp_x": 0,
                "pedstreet_x": 0,
                "banners_x": 0,
                "multifamtot": 1,
                "school": 0,
                "retrest": 1,
                "sdwkbuff": 0,
                "vehlanestot": 2,
                "sixlnrd": 0,
                "sixlnrdrecoded": 0,
                "implndusrecoded": 0,
                "bldgstry": 0,
                "sizeparkimi1": 1,
                "crosswalktot": 2,
                "diffrdsftot": 0,
                "pedactsgntot": 0,
                "pedcssigntot": 0,
                "schooltot": 0,
                "officestot": 1,
                "liquorbaradultcheckcashing": 0,
                "markings": 1,
                "markings2": 1,
                "vehsigs": 0,
                "vehsigs2": 1,
                "vehlanestotrecoded": 2,
                "trafcalmtot": 0,
                "markingsint": 2,
                "markingsint2": 2,
                "vehsigsint": 1,
                "vehsigs2int": 2,
                "medianint": 0,
                "trafcalmtotint": 1,
                "midcrsmarkint": 0,
                "strpmalllnt": 0,
                "retrestint": 2,
                "commothrint": 0,
                "restarntint": 0,
                "coffshopint": 0,
                "cornerstint": 0,
                "moviethint": 0,
                "barsclubint": 0,
                "culsacpedptint": 0,
                "StreetName": "Chestnut Ave",
                "IntersectionA": "Chestnut Ave & Old Town Bowie Welcome Center",
                "IntersectionB": "Chestnut Ave & 11th Street",
                "name_osm": "9th Street",
                "intersc1": "Chestnut Ave & Old Town Bowie Welcome Center",
                "intersc2": "Chestnut Ave & 11th Street",
                "tract_geoid": "24033800410",
                "tract_name": "Census Tract 8004.10",
                "STATEFP": "24",
                "COUNTYFP": "033",
                "n_tracts": 1,
                "tract_share": 1.0,
                "match": "overlay",
                "total_pop": 6681.0,
                "median_hh_income": 173611.0,
                "median_home_value": 561200.0,
                "commuters_total": 3319.0,
                "commuters_transit": 102.0,
                "renter_no_vehicle": 0.0,
                "Unnamed: 0": 63,
                "form3norm": 80.64781189,
                "dens2norm": 61.36245728,
                "prox3norm": 45.40219879,
                "conn6norm": 80.5850296,
                "parks2norm": 0.0,
                "peds4norm": 28.78187943,
                "safenorm": 65.30477142,
                "traffic5norm": 62.68716007,
                "aesttot3norm": 45.84462738,
                "paf2norm": 8.0036898e-06,
                "sop7norm": 54.54834164,
                " ": 0,
                "arcades_y": 0,
                "attrtve_y": 0,
                "awnings_y": 1,
                "barsclub_y": 0,
                "beach_y": 0,
                "benches_y": 0,
                "bigbox_y": 0,
                "bikelane_y": 0,
                "bikerack_y": 0,
                "bikeretl_y": 0,
                "bikeshre_y": 0,
                "billbrd_y": 0,
                "bklntype_y": 0,
                "blnkwall_y": 0,
                "buffboll_y": 0,
                "bufffence_y": 0,
                "buffpkcr_y": 0,
                "buffsttr_y": 0,
                "busstops_y": 0,
                "cardeal_y": 0,
                "chainstre_y": 0,
                "chckcash_y": 0,
                "civother_y": 0,
                "coffshop_y": 0,
                "college_y": 0,
                "comctlib_y": 0,
                "condoapt_y": 0,
                "cornerst_y": 0,
                "crosing2_y": 1,
                "croswalk_y": 1,
                "dining_y": 0,
                "dogs_y": 0,
                "driveway_y": 0,
                "drivthru_y": 0,
                "dumpster_y": 0,
                "farnermk_y": 0,
                "fastfood_y": 0,
                "financl_y": 0,
                "flatslpe_y": 1,
                "gasserv_y": 0,
                "gated_y": 0,
                "grafitti_y": 0,
                "gymfitns_y": 0,
                "hardgood_y": 0,
                "highschl_y": 0,
                "hotelhos_y": 0,
                "indsothr_y": 0,
                "insother_y": 0,
                "kinder_y": 0,
                "libbkstr_y": 0,
                "lighting_y": 0,
                "liquorst_y": 0,
                "litter_y": 0,
                "localstre_y": 1,
                "mdhvind_y": 0,
                "medicine_y": 0,
                "midblock_y": 0,
                "mlgrcer_y": 0,
                "mntbuild_y": 0,
                "movieth_y": 0,
                "mustheat_y": 1,
                "offices_y": 1,
                "ofseroth_y": 0,
                "othrrtail_y": 0,
                "othrsdwk_y": 0,
                "parkplay_y": 0,
                "pedcrs2_y": 0,
                "pedcrssgn_y": 0,
                "playsprt_y": 0,
                "plazasq_y": 0,
                "prctpkng_y": 1,
                "prdusprk_y": 0,
                "primschl_y": 0,
                "prmntbldgh_y": 2,
                "pubart_y": 0,
                "pubcivic_y": 1,
                "pubgardn_y": 0,
                "pubrestr_y": 0,
                "recoher_y": 0,
                "religion_y": 0,
                "restarnt_y": 0,
                "restaurant_y": 0,
                "schother_y": 0,
                "scndschl_y": 0,
                "sdwkcomp_y": 2,
                "sdwkshde_y": 0,
                "service_y": 0,
                "sfhatach_y": 0,
                "shopmall_y": 0,
                "sidewalk_y": 2,
                "sizeparkimi2_y": 1,
                "softgood_y": 0,
                "stopsgn2_y": 1,
                "stopsign_y": 0,
                "strpmall_y": 0,
                "strttree_y": 2,
                "stvendor_y": 0,
                "surfpkng_y": 1,
                "townhome_y": 1,
                "traffsig_y": 0,
                "trafsgn2_y": 0,
                "trcmpark_y": 0,
                "undevlnd_y": 0,
                "vehlanes_y": 2,
                "vermixus_y": 0,
                "pedactsgn_y": 0,
                "pedact2_y": 0,
                "smlgrcer_y": 0,
                "gateaccs_y": 0,
                "sdwkpave_y": 0,
                "diffrdsf_y": 0,
                "dfrdsf2_y": 0,
                "cmother_y": 1,
                "zebrastp_y": 0,
                "crsothr2_y": 1,
                "zebra2_y": 0,
                "trafcrcl_y": 0,
                "rumblesp_y": 0,
                "spdbump_y": 0,
                "pbspothr_y": 0,
                "prctbldg_y": 1,
                "swptcoth_y": 0,
                "heatlamp_y": 0,
                "pedstreet_y": 0,
                "banners_y": 0
            },
            "geometry": {
                "type": "LineString",
                "coordinates": [
                    [
                        -76.778761882349031,
                        39.007124502036397
                    ],
                    [
                        -76.778690427898468,
                        39.006597525463505
                    ]
                ]
            }
        },
        {
            "type": "Feature",
            "properties": {
                "sgmntid": 66,
                "name_2": "11th Street",
                "id": 66,
                "intersection_1_location": "39.00657966185087,-76.77992301717066",
                "intersection_2_location": "39.006615389076146,-76.77871722331743",
                "neighborhood": "Old Town Bowie",
                "Group": "Old Town Bowie",
                "layer": "Bowie_CustomMarked",
                "location_id": 66,
                "form3": 73.73668671,
                "dens2": 65.2858429,
                "prox3": 9.525410652,
                "conn6": 80.5850296,
                "parks2": 0.0,
                "peds4": 37.87346649,
                "safe": 68.01690674,
                "traffic5": 62.95329285,
                "aesttot3": 44.18806839,
                "paf2": 8.0036898e-06,
                "sopindex7": 48.26353501,
                "zscored_form3": 1.440086961,
                "zscored_dens2": 2.452855587,
                "zscored_prox3": -1.406255722,
                "zscored_conn6": -0.4574847817,
                "zscored_parks2": -1.480694154,
                "zscored_peds4": 2.112652302,
                "zscored_safe": -2.529069901,
                "zscored_traffic5": 1.75671494,
                "zscored_aesttot3": -3.383983612,
                "zscored_paf2": -0.4590791464,
                "zscored_sopindex7": -3.919461885,
                "country": "USA",
                "state": "Maryland",
                "city": "Bowie",
                "surfpkng_x": 2,
                "sizeparkimi2_x": 1,
                "prctpkng_x": 1,
                "adultuse": 0,
                "arcades_x": 0,
                "attrtve_x": 1,
                "awnings_x": 0,
                "barsclub_x": 0,
                "beach_x": 0,
                "benches_x": 0,
                "bigbox_x": 0,
                "bikelane_x": 0,
                "bikerack_x": 0,
                "bikeretl_x": 0,
                "bikeshre_x": 0,
                "billbrd_x": 0,
                "bklntype_x": 0,
                "blnkwall_x": 0,
                "buffboll_x": 1,
                "bufffence_x": 1,
                "buffpkcr_x": 0,
                "buffsttr_x": 0,
                "busstops_x": 0,
                "cardeal_x": 0,
                "chainstre_x": 0,
                "chckcash_x": 0,
                "civother_x": 0,
                "coffshop_x": 0,
                "college_x": 0,
                "comctlib_x": 0,
                "condoapt_x": 0,
                "cornerst_x": 0,
                "crosing2_x": 1,
                "croswalk_x": 1,
                "dining_x": 0,
                "dogs_x": 0,
                "driveway_x": 1,
                "drivthru_x": 0,
                "dumpster_x": 1,
                "farnermk_x": 0,
                "fastfood_x": 0,
                "financl_x": 0,
                "flatslpe_x": 1,
                "gasserv_x": 0,
                "gated_x": 0,
                "grafitti_x": 0,
                "gymfitns_x": 0,
                "hardgood_x": 0,
                "highschl_x": 0,
                "hotelhos_x": 0,
                "indsothr_x": 0,
                "insother_x": 0,
                "kinder_x": 0,
                "libbkstr_x": 0,
                "lighting_x": 1,
                "liquorst_x": 0,
                "litter_x": 0,
                "localstre_x": 0,
                "mdhvind_x": 0,
                "medicine_x": 0,
                "midblock_x": 0,
                "mlgrcer_x": 0,
                "mntbuild_x": 0,
                "movieth_x": 0,
                "mustheat_x": 0,
                "offices_x": 0,
                "ofseroth_x": 0,
                "othrrtail_x": 0,
                "othrsdwk_x": 1,
                "parkplay_x": 0,
                "pedcrs2_x": 0,
                "pedcrssgn_x": 0,
                "playsprt_x": 0,
                "plazasq_x": 0,
                "prdusprk_x": 0,
                "primschl_x": 0,
                "prmntbldgh_x": 0,
                "pubart_x": 0,
                "pubcivic_x": 0,
                "pubgardn_x": 0,
                "pubrestr_x": 0,
                "recoher_x": 0,
                "religion_x": 0,
                "restarnt_x": 0,
                "restaurant_x": 0,
                "schother_x": 0,
                "scndschl_x": 0,
                "sdwkcomp_x": 1,
                "sdwkshde_x": 0,
                "service_x": 1,
                "sfhatach_x": 1,
                "shopmall_x": 0,
                "sidewalk_x": 2,
                "softgood_x": 0,
                "stopsgn2_x": 1,
                "stopsign_x": 0,
                "strpmall_x": 0,
                "strttree_x": 1,
                "stvendor_x": 0,
                "townhome_x": 1,
                "traffsig_x": 0,
                "trafsgn2_x": 0,
                "trcmpark_x": 0,
                "undevlnd_x": 0,
                "vehlanes_x": 2,
                "vermixus_x": 0,
                "pedactsgn_x": 0,
                "pedact2_x": 0,
                "smlgrcer_x": 1,
                "gateaccs_x": 0,
                "sdwkpave_x": 0,
                "diffrdsf_x": 0,
                "dfrdsf2_x": 0,
                "cmother_x": 1,
                "zebrastp_x": 1,
                "crsothr2_x": 1,
                "zebra2_x": 0,
                "trafcrcl_x": 0,
                "rumblesp_x": 0,
                "spdbump_x": 0,
                "pbspothr_x": 0,
                "prctbldg_x": 1,
                "swptcoth_x": 0,
                "heatlamp_x": 0,
                "pedstreet_x": 0,
                "banners_x": 0,
                "multifamtot": 1,
                "school": 0,
                "retrest": 1,
                "sdwkbuff": 1,
                "vehlanestot": 2,
                "sixlnrd": 0,
                "sixlnrdrecoded": 0,
                "implndusrecoded": 0,
                "bldgstry": 0,
                "sizeparkimi1": 1,
                "crosswalktot": 2,
                "diffrdsftot": 0,
                "pedactsgntot": 0,
                "pedcssigntot": 0,
                "schooltot": 0,
                "officestot": 1,
                "liquorbaradultcheckcashing": 0,
                "markings": 1,
                "markings2": 1,
                "vehsigs": 0,
                "vehsigs2": 1,
                "vehlanestotrecoded": 2,
                "trafcalmtot": 0,
                "markingsint": 2,
                "markingsint2": 2,
                "vehsigsint": 1,
                "vehsigs2int": 2,
                "medianint": 0,
                "trafcalmtotint": 1,
                "midcrsmarkint": 0,
                "strpmalllnt": 0,
                "retrestint": 2,
                "commothrint": 0,
                "restarntint": 0,
                "coffshopint": 0,
                "cornerstint": 0,
                "moviethint": 0,
                "barsclubint": 0,
                "culsacpedptint": 0,
                "StreetName": "11th Street",
                "IntersectionA": "11th Street",
                "IntersectionB": "11th Street & Chestnut Ave",
                "name_osm": "11th Street",
                "intersc1": "11th Street",
                "intersc2": "11th Street & Chestnut Ave",
                "tract_geoid": "24033800410",
                "tract_name": "Census Tract 8004.10",
                "STATEFP": "24",
                "COUNTYFP": "033",
                "n_tracts": 1,
                "tract_share": 1.0,
                "match": "overlay",
                "total_pop": 6681.0,
                "median_hh_income": 173611.0,
                "median_home_value": 561200.0,
                "commuters_total": 3319.0,
                "commuters_transit": 102.0,
                "renter_no_vehicle": 0.0,
                "Unnamed: 0": 64,
                "form3norm": 60.81723404,
                "dens2norm": 77.07122803,
                "prox3norm": 9.525410652,
                "conn6norm": 80.5850296,
                "parks2norm": 0.0,
                "peds4norm": 37.87346649,
                "safenorm": 68.01690674,
                "traffic5norm": 62.68716007,
                "aesttot3norm": 44.18806839,
                "paf2norm": 8.0036898e-06,
                "sop7norm": 46.647569,
                " ": 0,
                "arcades_y": 0,
                "attrtve_y": 1,
                "awnings_y": 0,
                "barsclub_y": 0,
                "beach_y": 0,
                "benches_y": 0,
                "bigbox_y": 0,
                "bikelane_y": 0,
                "bikerack_y": 0,
                "bikeretl_y": 0,
                "bikeshre_y": 0,
                "billbrd_y": 0,
                "bklntype_y": 0,
                "blnkwall_y": 0,
                "buffboll_y": 1,
                "bufffence_y": 1,
                "buffpkcr_y": 0,
                "buffsttr_y": 0,
                "busstops_y": 0,
                "cardeal_y": 0,
                "chainstre_y": 0,
                "chckcash_y": 0,
                "civother_y": 0,
                "coffshop_y": 0,
                "college_y": 0,
                "comctlib_y": 0,
                "condoapt_y": 0,
                "cornerst_y": 0,
                "crosing2_y": 1,
                "croswalk_y": 1,
                "dining_y": 0,
                "dogs_y": 0,
                "driveway_y": 1,
                "drivthru_y": 0,
                "dumpster_y": 1,
                "farnermk_y": 0,
                "fastfood_y": 0,
                "financl_y": 0,
                "flatslpe_y": 1,
                "gasserv_y": 1,
                "gated_y": 0,
                "grafitti_y": 0,
                "gymfitns_y": 0,
                "hardgood_y": 0,
                "highschl_y": 0,
                "hotelhos_y": 0,
                "indsothr_y": 0,
                "insother_y": 0,
                "kinder_y": 0,
                "libbkstr_y": 0,
                "lighting_y": 1,
                "liquorst_y": 0,
                "litter_y": 0,
                "localstre_y": 0,
                "mdhvind_y": 0,
                "medicine_y": 0,
                "midblock_y": 0,
                "mlgrcer_y": 0,
                "mntbuild_y": 0,
                "movieth_y": 0,
                "mustheat_y": 0,
                "offices_y": 0,
                "ofseroth_y": 0,
                "othrrtail_y": 0,
                "othrsdwk_y": 1,
                "parkplay_y": 0,
                "pedcrs2_y": 0,
                "pedcrssgn_y": 0,
                "playsprt_y": 0,
                "plazasq_y": 0,
                "prctpkng_y": 1,
                "prdusprk_y": 0,
                "primschl_y": 0,
                "prmntbldgh_y": 2,
                "pubart_y": 0,
                "pubcivic_y": 0,
                "pubgardn_y": 0,
                "pubrestr_y": 0,
                "recoher_y": 0,
                "religion_y": 0,
                "restarnt_y": 0,
                "restaurant_y": 0,
                "schother_y": 0,
                "scndschl_y": 0,
                "sdwkcomp_y": 2,
                "sdwkshde_y": 0,
                "service_y": 1,
                "sfhatach_y": 1,
                "shopmall_y": 0,
                "sidewalk_y": 2,
                "sizeparkimi2_y": 1,
                "softgood_y": 0,
                "stopsgn2_y": 1,
                "stopsign_y": 0,
                "strpmall_y": 0,
                "strttree_y": 1,
                "stvendor_y": 0,
                "surfpkng_y": 2,
                "townhome_y": 1,
                "traffsig_y": 0,
                "trafsgn2_y": 0,
                "trcmpark_y": 0,
                "undevlnd_y": 0,
                "vehlanes_y": 2,
                "vermixus_y": 0,
                "pedactsgn_y": 0,
                "pedact2_y": 0,
                "smlgrcer_y": 1,
                "gateaccs_y": 0,
                "sdwkpave_y": 0,
                "diffrdsf_y": 0,
                "dfrdsf2_y": 0,
                "cmother_y": 1,
                "zebrastp_y": 1,
                "crsothr2_y": 1,
                "zebra2_y": 0,
                "trafcrcl_y": 0,
                "rumblesp_y": 0,
                "spdbump_y": 0,
                "pbspothr_y": 0,
                "prctbldg_y": 1,
                "swptcoth_y": 0,
                "heatlamp_y": 0,
                "pedstreet_y": 0,
                "banners_y": 0
            },
            "geometry": {
                "type": "LineString",
                "coordinates": [
                    [
                        -76.77992301717066,
                        39.006579661850871
                    ],
                    [
                        -76.778717223317429,
                        39.006615389076146
                    ]
                ]
            }
        },
        {
            "type": "Feature",
            "properties": {
                "sgmntid": 67,
                "name_2": "11th Street",
                "id": 67,
                "intersection_1_location": "39.006624320882466,-76.77824383758247",
                "intersection_2_location": "39.006606457269825,-76.77863683706055",
                "neighborhood": "Old Town Bowie",
                "Group": "Old Town Bowie",
                "layer": "Bowie_CustomMarked",
                "location_id": 67,
                "form3": 91.21427155000001,
                "dens2": 65.2858429,
                "prox3": 5.27410841,
                "conn6": 80.5850296,
                "parks2": 0.0,
                "peds4": 41.37342453,
                "safe": 65.30477142,
                "traffic5": 61.18522263,
                "aesttot3": 56.06998825,
                "paf2": 8.0036898e-06,
                "sopindex7": 54.695399,
                "zscored_form3": -5.357245922,
                "zscored_dens2": 2.452855587,
                "zscored_prox3": -3.197483063,
                "zscored_conn6": -0.4574847817,
                "zscored_parks2": -1.480694154,
                "zscored_peds4": 3.950745106,
                "zscored_safe": -3.164984226,
                "zscored_traffic5": 1.004135847,
                "zscored_aesttot3": 4.168428421,
                "zscored_paf2": -0.4590791464,
                "zscored_sopindex7": 9.088655016000001,
                "country": "USA",
                "state": "Maryland",
                "city": "Bowie",
                "surfpkng_x": 0,
                "sizeparkimi2_x": 0,
                "prctpkng_x": 0,
                "adultuse": 0,
                "arcades_x": 0,
                "attrtve_x": 1,
                "awnings_x": 0,
                "barsclub_x": 0,
                "beach_x": 0,
                "benches_x": 0,
                "bigbox_x": 0,
                "bikelane_x": 1,
                "bikerack_x": 0,
                "bikeretl_x": 0,
                "bikeshre_x": 0,
                "billbrd_x": 0,
                "bklntype_x": 2,
                "blnkwall_x": 0,
                "buffboll_x": 0,
                "bufffence_x": 0,
                "buffpkcr_x": 0,
                "buffsttr_x": 0,
                "busstops_x": 0,
                "cardeal_x": 0,
                "chainstre_x": 0,
                "chckcash_x": 0,
                "civother_x": 0,
                "coffshop_x": 0,
                "college_x": 0,
                "comctlib_x": 0,
                "condoapt_x": 0,
                "cornerst_x": 0,
                "crosing2_x": 0,
                "croswalk_x": 0,
                "dining_x": 0,
                "dogs_x": 0,
                "driveway_x": 0,
                "drivthru_x": 0,
                "dumpster_x": 0,
                "farnermk_x": 0,
                "fastfood_x": 0,
                "financl_x": 0,
                "flatslpe_x": 1,
                "gasserv_x": 0,
                "gated_x": 0,
                "grafitti_x": 0,
                "gymfitns_x": 0,
                "hardgood_x": 1,
                "highschl_x": 0,
                "hotelhos_x": 0,
                "indsothr_x": 0,
                "insother_x": 0,
                "kinder_x": 0,
                "libbkstr_x": 0,
                "lighting_x": 0,
                "liquorst_x": 0,
                "litter_x": 0,
                "localstre_x": 1,
                "mdhvind_x": 0,
                "medicine_x": 0,
                "midblock_x": 0,
                "mlgrcer_x": 0,
                "mntbuild_x": 0,
                "movieth_x": 0,
                "mustheat_x": 0,
                "offices_x": 0,
                "ofseroth_x": 0,
                "othrrtail_x": 0,
                "othrsdwk_x": 0,
                "parkplay_x": 0,
                "pedcrs2_x": 0,
                "pedcrssgn_x": 0,
                "playsprt_x": 0,
                "plazasq_x": 0,
                "prdusprk_x": 0,
                "primschl_x": 0,
                "prmntbldgh_x": 0,
                "pubart_x": 0,
                "pubcivic_x": 0,
                "pubgardn_x": 0,
                "pubrestr_x": 0,
                "recoher_x": 0,
                "religion_x": 0,
                "restarnt_x": 0,
                "restaurant_x": 0,
                "schother_x": 0,
                "scndschl_x": 0,
                "sdwkcomp_x": 1,
                "sdwkshde_x": 0,
                "service_x": 0,
                "sfhatach_x": 1,
                "shopmall_x": 0,
                "sidewalk_x": 2,
                "softgood_x": 0,
                "stopsgn2_x": 1,
                "stopsign_x": 0,
                "strpmall_x": 0,
                "strttree_x": 1,
                "stvendor_x": 0,
                "townhome_x": 1,
                "traffsig_x": 0,
                "trafsgn2_x": 0,
                "trcmpark_x": 0,
                "undevlnd_x": 0,
                "vehlanes_x": 2,
                "vermixus_x": 0,
                "pedactsgn_x": 0,
                "pedact2_x": 0,
                "smlgrcer_x": 0,
                "gateaccs_x": 0,
                "sdwkpave_x": 0,
                "diffrdsf_x": 0,
                "dfrdsf2_x": 0,
                "cmother_x": 1,
                "zebrastp_x": 0,
                "crsothr2_x": 0,
                "zebra2_x": 0,
                "trafcrcl_x": 0,
                "rumblesp_x": 0,
                "spdbump_x": 0,
                "pbspothr_x": 0,
                "prctbldg_x": 1,
                "swptcoth_x": 0,
                "heatlamp_x": 0,
                "pedstreet_x": 0,
                "banners_x": 0,
                "multifamtot": 1,
                "school": 0,
                "retrest": 1,
                "sdwkbuff": 0,
                "vehlanestot": 2,
                "sixlnrd": 0,
                "sixlnrdrecoded": 0,
                "implndusrecoded": 0,
                "bldgstry": 0,
                "sizeparkimi1": 0,
                "crosswalktot": 0,
                "diffrdsftot": 0,
                "pedactsgntot": 0,
                "pedcssigntot": 0,
                "schooltot": 0,
                "officestot": 0,
                "liquorbaradultcheckcashing": 0,
                "markings": 1,
                "markings2": 0,
                "vehsigs": 0,
                "vehsigs2": 1,
                "vehlanestotrecoded": 2,
                "trafcalmtot": 0,
                "markingsint": 2,
                "markingsint2": 1,
                "vehsigsint": 1,
                "vehsigs2int": 2,
                "medianint": 0,
                "trafcalmtotint": 1,
                "midcrsmarkint": 0,
                "strpmalllnt": 0,
                "retrestint": 2,
                "commothrint": 0,
                "restarntint": 0,
                "coffshopint": 0,
                "cornerstint": 0,
                "moviethint": 0,
                "barsclubint": 0,
                "culsacpedptint": 0,
                "StreetName": "11th Street",
                "IntersectionA": "11th Street & Chestnut Ave",
                "IntersectionB": "11th Street & 9th Street",
                "name_osm": "9th Street",
                "intersc1": "11th Street & Chestnut Ave",
                "intersc2": "11th Street & 9th Street",
                "tract_geoid": "24033800410",
                "tract_name": "Census Tract 8004.10",
                "STATEFP": "24",
                "COUNTYFP": "033",
                "n_tracts": 1,
                "tract_share": 1.0,
                "match": "overlay",
                "total_pop": 6681.0,
                "median_hh_income": 173611.0,
                "median_home_value": 561200.0,
                "commuters_total": 3319.0,
                "commuters_transit": 102.0,
                "renter_no_vehicle": 0.0,
                "Unnamed: 0": 65,
                "form3norm": 91.21427155000001,
                "dens2norm": 77.07122803,
                "prox3norm": 5.27410841,
                "conn6norm": 80.5850296,
                "parks2norm": 0.0,
                "peds4norm": 41.37342453,
                "safenorm": 65.30477142,
                "traffic5norm": 45.11961856,
                "aesttot3norm": 56.06998825,
                "paf2norm": 8.0036898e-06,
                "sop7norm": 52.23864157,
                " ": 0,
                "arcades_y": 0,
                "attrtve_y": 1,
                "awnings_y": 0,
                "barsclub_y": 0,
                "beach_y": 0,
                "benches_y": 0,
                "bigbox_y": 0,
                "bikelane_y": 1,
                "bikerack_y": 0,
                "bikeretl_y": 0,
                "bikeshre_y": 0,
                "billbrd_y": 0,
                "bklntype_y": 2,
                "blnkwall_y": 0,
                "buffboll_y": 0,
                "bufffence_y": 0,
                "buffpkcr_y": 0,
                "buffsttr_y": 0,
                "busstops_y": 0,
                "cardeal_y": 0,
                "chainstre_y": 0,
                "chckcash_y": 0,
                "civother_y": 0,
                "coffshop_y": 0,
                "college_y": 0,
                "comctlib_y": 0,
                "condoapt_y": 0,
                "cornerst_y": 0,
                "crosing2_y": 0,
                "croswalk_y": 0,
                "dining_y": 0,
                "dogs_y": 0,
                "driveway_y": 0,
                "drivthru_y": 0,
                "dumpster_y": 0,
                "farnermk_y": 0,
                "fastfood_y": 0,
                "financl_y": 0,
                "flatslpe_y": 1,
                "gasserv_y": 0,
                "gated_y": 0,
                "grafitti_y": 0,
                "gymfitns_y": 0,
                "hardgood_y": 1,
                "highschl_y": 0,
                "hotelhos_y": 0,
                "indsothr_y": 0,
                "insother_y": 0,
                "kinder_y": 0,
                "libbkstr_y": 0,
                "lighting_y": 0,
                "liquorst_y": 0,
                "litter_y": 0,
                "localstre_y": 1,
                "mdhvind_y": 0,
                "medicine_y": 0,
                "midblock_y": 0,
                "mlgrcer_y": 0,
                "mntbuild_y": 0,
                "movieth_y": 0,
                "mustheat_y": 0,
                "offices_y": 0,
                "ofseroth_y": 0,
                "othrrtail_y": 0,
                "othrsdwk_y": 0,
                "parkplay_y": 0,
                "pedcrs2_y": 0,
                "pedcrssgn_y": 0,
                "playsprt_y": 0,
                "plazasq_y": 0,
                "prctpkng_y": 0,
                "prdusprk_y": 0,
                "primschl_y": 0,
                "prmntbldgh_y": 2,
                "pubart_y": 0,
                "pubcivic_y": 0,
                "pubgardn_y": 0,
                "pubrestr_y": 0,
                "recoher_y": 0,
                "religion_y": 0,
                "restarnt_y": 0,
                "restaurant_y": 0,
                "schother_y": 0,
                "scndschl_y": 0,
                "sdwkcomp_y": 2,
                "sdwkshde_y": 0,
                "service_y": 0,
                "sfhatach_y": 1,
                "shopmall_y": 0,
                "sidewalk_y": 2,
                "sizeparkimi2_y": 0,
                "softgood_y": 0,
                "stopsgn2_y": 1,
                "stopsign_y": 0,
                "strpmall_y": 0,
                "strttree_y": 2,
                "stvendor_y": 0,
                "surfpkng_y": 0,
                "townhome_y": 1,
                "traffsig_y": 0,
                "trafsgn2_y": 0,
                "trcmpark_y": 0,
                "undevlnd_y": 0,
                "vehlanes_y": 2,
                "vermixus_y": 0,
                "pedactsgn_y": 0,
                "pedact2_y": 0,
                "smlgrcer_y": 0,
                "gateaccs_y": 0,
                "sdwkpave_y": 0,
                "diffrdsf_y": 0,
                "dfrdsf2_y": 0,
                "cmother_y": 1,
                "zebrastp_y": 0,
                "crsothr2_y": 0,
                "zebra2_y": 0,
                "trafcrcl_y": 0,
                "rumblesp_y": 0,
                "spdbump_y": 0,
                "pbspothr_y": 0,
                "prctbldg_y": 1,
                "swptcoth_y": 0,
                "heatlamp_y": 0,
                "pedstreet_y": 0,
                "banners_y": 0
            },
            "geometry": {
                "type": "LineString",
                "coordinates": [
                    [
                        -76.778243837582465,
                        39.006624320882466
                    ],
                    [
                        -76.778636837060546,
                        39.006606457269825
                    ]
                ]
            }
        },
        {
            "type": "Feature",
            "properties": {
                "sgmntid": 68,
                "name_2": "Chestnut Ave",
                "id": 68,
                "intersection_1_location": "39.00655286643191,-76.77868149609215",
                "intersection_2_location": "39.00574007205677,-76.77864576886687",
                "neighborhood": "Old Town Bowie",
                "Group": "Old Town Bowie",
                "layer": "Bowie_CustomMarked",
                "location_id": 68,
                "form3": 87.06694794000001,
                "dens2": 65.2858429,
                "prox3": 0.0,
                "conn6": 80.5850296,
                "parks2": 0.0,
                "peds4": 47.59110641,
                "safe": 78.05537415000001,
                "traffic5": 64.15616608000001,
                "aesttot3": 64.15158844,
                "paf2": 8.0036898e-06,
                "sopindex7": 59.05709138,
                "zscored_form3": -3.744279861,
                "zscored_dens2": 2.452855587,
                "zscored_prox3": -5.4196558,
                "zscored_conn6": -0.4574847817,
                "zscored_parks2": -1.480694154,
                "zscored_peds4": 7.216121197,
                "zscored_safe": -0.1753524542,
                "zscored_traffic5": 2.268721581,
                "zscored_aesttot3": 9.30527401,
                "zscored_paf2": -0.4590791464,
                "zscored_sopindex7": 17.9099554,
                "country": "USA",
                "state": "Maryland",
                "city": "Bowie",
                "surfpkng_x": 0,
                "sizeparkimi2_x": 0,
                "prctpkng_x": 0,
                "adultuse": 0,
                "arcades_x": 0,
                "attrtve_x": 1,
                "awnings_x": 0,
                "barsclub_x": 0,
                "beach_x": 0,
                "benches_x": 2,
                "bigbox_x": 0,
                "bikelane_x": 0,
                "bikerack_x": 0,
                "bikeretl_x": 0,
                "bikeshre_x": 0,
                "billbrd_x": 0,
                "bklntype_x": 0,
                "blnkwall_x": 0,
                "buffboll_x": 1,
                "bufffence_x": 0,
                "buffpkcr_x": 0,
                "buffsttr_x": 0,
                "busstops_x": 0,
                "cardeal_x": 0,
                "chainstre_x": 0,
                "chckcash_x": 0,
                "civother_x": 0,
                "coffshop_x": 0,
                "college_x": 0,
                "comctlib_x": 0,
                "condoapt_x": 0,
                "cornerst_x": 0,
                "crosing2_x": 1,
                "croswalk_x": 1,
                "dining_x": 0,
                "dogs_x": 0,
                "driveway_x": 1,
                "drivthru_x": 0,
                "dumpster_x": 0,
                "farnermk_x": 0,
                "fastfood_x": 0,
                "financl_x": 0,
                "flatslpe_x": 1,
                "gasserv_x": 0,
                "gated_x": 0,
                "grafitti_x": 0,
                "gymfitns_x": 0,
                "hardgood_x": 0,
                "highschl_x": 0,
                "hotelhos_x": 0,
                "indsothr_x": 0,
                "insother_x": 0,
                "kinder_x": 0,
                "libbkstr_x": 0,
                "lighting_x": 1,
                "liquorst_x": 0,
                "litter_x": 0,
                "localstre_x": 0,
                "mdhvind_x": 0,
                "medicine_x": 0,
                "midblock_x": 0,
                "mlgrcer_x": 0,
                "mntbuild_x": 0,
                "movieth_x": 0,
                "mustheat_x": 0,
                "offices_x": 0,
                "ofseroth_x": 0,
                "othrrtail_x": 0,
                "othrsdwk_x": 1,
                "parkplay_x": 0,
                "pedcrs2_x": 0,
                "pedcrssgn_x": 0,
                "playsprt_x": 0,
                "plazasq_x": 0,
                "prdusprk_x": 0,
                "primschl_x": 0,
                "prmntbldgh_x": 0,
                "pubart_x": 0,
                "pubcivic_x": 0,
                "pubgardn_x": 0,
                "pubrestr_x": 0,
                "recoher_x": 0,
                "religion_x": 0,
                "restarnt_x": 0,
                "restaurant_x": 0,
                "schother_x": 0,
                "scndschl_x": 0,
                "sdwkcomp_x": 1,
                "sdwkshde_x": 0,
                "service_x": 0,
                "sfhatach_x": 1,
                "shopmall_x": 0,
                "sidewalk_x": 2,
                "softgood_x": 0,
                "stopsgn2_x": 0,
                "stopsign_x": 0,
                "strpmall_x": 0,
                "strttree_x": 1,
                "stvendor_x": 0,
                "townhome_x": 1,
                "traffsig_x": 0,
                "trafsgn2_x": 0,
                "trcmpark_x": 0,
                "undevlnd_x": 0,
                "vehlanes_x": 2,
                "vermixus_x": 0,
                "pedactsgn_x": 0,
                "pedact2_x": 0,
                "smlgrcer_x": 0,
                "gateaccs_x": 0,
                "sdwkpave_x": 0,
                "diffrdsf_x": 0,
                "dfrdsf2_x": 1,
                "cmother_x": 1,
                "zebrastp_x": 0,
                "crsothr2_x": 1,
                "zebra2_x": 0,
                "trafcrcl_x": 0,
                "rumblesp_x": 0,
                "spdbump_x": 0,
                "pbspothr_x": 0,
                "prctbldg_x": 1,
                "swptcoth_x": 0,
                "heatlamp_x": 0,
                "pedstreet_x": 0,
                "banners_x": 0,
                "multifamtot": 1,
                "school": 0,
                "retrest": 0,
                "sdwkbuff": 1,
                "vehlanestot": 2,
                "sixlnrd": 0,
                "sixlnrdrecoded": 0,
                "implndusrecoded": 0,
                "bldgstry": 0,
                "sizeparkimi1": 0,
                "crosswalktot": 2,
                "diffrdsftot": 1,
                "pedactsgntot": 0,
                "pedcssigntot": 0,
                "schooltot": 0,
                "officestot": 0,
                "liquorbaradultcheckcashing": 0,
                "markings": 1,
                "markings2": 1,
                "vehsigs": 0,
                "vehsigs2": 0,
                "vehlanestotrecoded": 2,
                "trafcalmtot": 0,
                "markingsint": 2,
                "markingsint2": 2,
                "vehsigsint": 1,
                "vehsigs2int": 1,
                "medianint": 0,
                "trafcalmtotint": 1,
                "midcrsmarkint": 0,
                "strpmalllnt": 0,
                "retrestint": 0,
                "commothrint": 0,
                "restarntint": 0,
                "coffshopint": 0,
                "cornerstint": 0,
                "moviethint": 0,
                "barsclubint": 0,
                "culsacpedptint": 0,
                "StreetName": "Chestnut Ave",
                "IntersectionA": "Chestnut Ave & 11th Street",
                "IntersectionB": "Chestnut Ave & 12th Street",
                "name_osm": "11th Street",
                "intersc1": "Chestnut Ave & 11th Street",
                "intersc2": "Chestnut Ave & 12th Street",
                "tract_geoid": "24033800410",
                "tract_name": "Census Tract 8004.10",
                "STATEFP": "24",
                "COUNTYFP": "033",
                "n_tracts": 1,
                "tract_share": 1.0,
                "match": "overlay",
                "total_pop": 6681.0,
                "median_hh_income": 173611.0,
                "median_home_value": 561200.0,
                "commuters_total": 3319.0,
                "commuters_transit": 102.0,
                "renter_no_vehicle": 0.0,
                "Unnamed: 0": 66,
                "form3norm": 80.54159546,
                "dens2norm": 62.04291534,
                "prox3norm": 0.0,
                "conn6norm": 80.5850296,
                "parks2norm": 0.0,
                "peds4norm": 47.59110641,
                "safenorm": 78.05537415000001,
                "traffic5norm": 63.06570799,
                "aesttot3norm": 64.15158844,
                "paf2norm": 8.0036898e-06,
                "sop7norm": 57.31838457,
                " ": 0,
                "arcades_y": 0,
                "attrtve_y": 1,
                "awnings_y": 0,
                "barsclub_y": 0,
                "beach_y": 0,
                "benches_y": 2,
                "bigbox_y": 0,
                "bikelane_y": 0,
                "bikerack_y": 0,
                "bikeretl_y": 0,
                "bikeshre_y": 0,
                "billbrd_y": 0,
                "bklntype_y": 0,
                "blnkwall_y": 0,
                "buffboll_y": 1,
                "bufffence_y": 0,
                "buffpkcr_y": 0,
                "buffsttr_y": 0,
                "busstops_y": 0,
                "cardeal_y": 0,
                "chainstre_y": 0,
                "chckcash_y": 0,
                "civother_y": 0,
                "coffshop_y": 0,
                "college_y": 0,
                "comctlib_y": 0,
                "condoapt_y": 0,
                "cornerst_y": 0,
                "crosing2_y": 1,
                "croswalk_y": 1,
                "dining_y": 0,
                "dogs_y": 0,
                "driveway_y": 1,
                "drivthru_y": 0,
                "dumpster_y": 0,
                "farnermk_y": 0,
                "fastfood_y": 0,
                "financl_y": 0,
                "flatslpe_y": 1,
                "gasserv_y": 0,
                "gated_y": 0,
                "grafitti_y": 0,
                "gymfitns_y": 0,
                "hardgood_y": 0,
                "highschl_y": 0,
                "hotelhos_y": 0,
                "indsothr_y": 0,
                "insother_y": 0,
                "kinder_y": 0,
                "libbkstr_y": 0,
                "lighting_y": 1,
                "liquorst_y": 0,
                "litter_y": 0,
                "localstre_y": 0,
                "mdhvind_y": 0,
                "medicine_y": 0,
                "midblock_y": 0,
                "mlgrcer_y": 0,
                "mntbuild_y": 0,
                "movieth_y": 0,
                "mustheat_y": 0,
                "offices_y": 0,
                "ofseroth_y": 0,
                "othrrtail_y": 0,
                "othrsdwk_y": 1,
                "parkplay_y": 0,
                "pedcrs2_y": 0,
                "pedcrssgn_y": 0,
                "playsprt_y": 0,
                "plazasq_y": 0,
                "prctpkng_y": 0,
                "prdusprk_y": 0,
                "primschl_y": 0,
                "prmntbldgh_y": 2,
                "pubart_y": 0,
                "pubcivic_y": 0,
                "pubgardn_y": 0,
                "pubrestr_y": 0,
                "recoher_y": 0,
                "religion_y": 0,
                "restarnt_y": 0,
                "restaurant_y": 0,
                "schother_y": 0,
                "scndschl_y": 0,
                "sdwkcomp_y": 1,
                "sdwkshde_y": 0,
                "service_y": 0,
                "sfhatach_y": 1,
                "shopmall_y": 0,
                "sidewalk_y": 2,
                "sizeparkimi2_y": 0,
                "softgood_y": 0,
                "stopsgn2_y": 0,
                "stopsign_y": 0,
                "strpmall_y": 0,
                "strttree_y": 2,
                "stvendor_y": 0,
                "surfpkng_y": 0,
                "townhome_y": 1,
                "traffsig_y": 0,
                "trafsgn2_y": 0,
                "trcmpark_y": 0,
                "undevlnd_y": 0,
                "vehlanes_y": 2,
                "vermixus_y": 0,
                "pedactsgn_y": 0,
                "pedact2_y": 0,
                "smlgrcer_y": 0,
                "gateaccs_y": 0,
                "sdwkpave_y": 0,
                "diffrdsf_y": 0,
                "dfrdsf2_y": 1,
                "cmother_y": 1,
                "zebrastp_y": 0,
                "crsothr2_y": 1,
                "zebra2_y": 0,
                "trafcrcl_y": 0,
                "rumblesp_y": 0,
                "spdbump_y": 0,
                "pbspothr_y": 0,
                "prctbldg_y": 0,
                "swptcoth_y": 0,
                "heatlamp_y": 0,
                "pedstreet_y": 0,
                "banners_y": 0
            },
            "geometry": {
                "type": "LineString",
                "coordinates": [
                    [
                        -76.778681496092148,
                        39.00655286643191
                    ],
                    [
                        -76.778645768866866,
                        39.005740072056767
                    ]
                ]
            }
        },
        {
            "type": "Feature",
            "properties": {
                "sgmntid": 69,
                "name_2": "12th Street",
                "id": 69,
                "intersection_1_location": "39.00577579928205,-76.77867256428583",
                "intersection_2_location": "39.00574900386309,-76.77990515355802",
                "neighborhood": "Old Town Bowie",
                "Group": "Old Town Bowie",
                "layer": "Bowie_CustomMarked",
                "location_id": 69,
                "form3": 87.06694794000001,
                "dens2": 49.578125,
                "prox3": 20.4003582,
                "conn6": 80.5850296,
                "parks2": 0.0,
                "peds4": 29.87524223,
                "safe": 78.05537415000001,
                "traffic5": 58.44905472,
                "aesttot3": 50.15692139,
                "paf2": 8.0036898e-06,
                "sopindex7": 51.87519904,
                "zscored_form3": -3.744279861,
                "zscored_dens2": -0.03905797005,
                "zscored_prox3": 3.175753117,
                "zscored_conn6": -0.4574847817,
                "zscored_parks2": -1.480694154,
                "zscored_peds4": -2.087822676,
                "zscored_safe": -0.1753524542,
                "zscored_traffic5": -0.1605172157,
                "zscored_aesttot3": 0.4099505842,
                "zscored_paf2": -0.4590791464,
                "zscored_sopindex7": 3.38494443,
                "country": "USA",
                "state": "Maryland",
                "city": "Bowie",
                "surfpkng_x": 0,
                "sizeparkimi2_x": 0,
                "prctpkng_x": 0,
                "adultuse": 0,
                "arcades_x": 0,
                "attrtve_x": 0,
                "awnings_x": 0,
                "barsclub_x": 0,
                "beach_x": 0,
                "benches_x": 0,
                "bigbox_x": 0,
                "bikelane_x": 0,
                "bikerack_x": 0,
                "bikeretl_x": 0,
                "bikeshre_x": 0,
                "billbrd_x": 0,
                "bklntype_x": 0,
                "blnkwall_x": 0,
                "buffboll_x": 0,
                "bufffence_x": 0,
                "buffpkcr_x": 0,
                "buffsttr_x": 0,
                "busstops_x": 0,
                "cardeal_x": 0,
                "chainstre_x": 0,
                "chckcash_x": 0,
                "civother_x": 0,
                "coffshop_x": 0,
                "college_x": 0,
                "comctlib_x": 0,
                "condoapt_x": 0,
                "cornerst_x": 0,
                "crosing2_x": 0,
                "croswalk_x": 2,
                "dining_x": 0,
                "dogs_x": 0,
                "driveway_x": 1,
                "drivthru_x": 0,
                "dumpster_x": 0,
                "farnermk_x": 0,
                "fastfood_x": 0,
                "financl_x": 0,
                "flatslpe_x": 1,
                "gasserv_x": 0,
                "gated_x": 0,
                "grafitti_x": 0,
                "gymfitns_x": 0,
                "hardgood_x": 0,
                "highschl_x": 0,
                "hotelhos_x": 0,
                "indsothr_x": 0,
                "insother_x": 0,
                "kinder_x": 0,
                "libbkstr_x": 0,
                "lighting_x": 1,
                "liquorst_x": 0,
                "litter_x": 0,
                "localstre_x": 1,
                "mdhvind_x": 0,
                "medicine_x": 0,
                "midblock_x": 0,
                "mlgrcer_x": 0,
                "mntbuild_x": 0,
                "movieth_x": 0,
                "mustheat_x": 0,
                "offices_x": 0,
                "ofseroth_x": 0,
                "othrrtail_x": 0,
                "othrsdwk_x": 1,
                "parkplay_x": 0,
                "pedcrs2_x": 0,
                "pedcrssgn_x": 0,
                "playsprt_x": 0,
                "plazasq_x": 0,
                "prdusprk_x": 0,
                "primschl_x": 0,
                "prmntbldgh_x": 0,
                "pubart_x": 0,
                "pubcivic_x": 0,
                "pubgardn_x": 0,
                "pubrestr_x": 0,
                "recoher_x": 0,
                "religion_x": 0,
                "restarnt_x": 0,
                "restaurant_x": 0,
                "schother_x": 1,
                "scndschl_x": 0,
                "sdwkcomp_x": 1,
                "sdwkshde_x": 0,
                "service_x": 0,
                "sfhatach_x": 0,
                "shopmall_x": 0,
                "sidewalk_x": 1,
                "softgood_x": 0,
                "stopsgn2_x": 0,
                "stopsign_x": 0,
                "strpmall_x": 0,
                "strttree_x": 1,
                "stvendor_x": 0,
                "townhome_x": 1,
                "traffsig_x": 0,
                "trafsgn2_x": 0,
                "trcmpark_x": 0,
                "undevlnd_x": 0,
                "vehlanes_x": 2,
                "vermixus_x": 0,
                "pedactsgn_x": 0,
                "pedact2_x": 0,
                "smlgrcer_x": 0,
                "gateaccs_x": 0,
                "sdwkpave_x": 0,
                "diffrdsf_x": 0,
                "dfrdsf2_x": 0,
                "cmother_x": 1,
                "zebrastp_x": 0,
                "crsothr2_x": 0,
                "zebra2_x": 0,
                "trafcrcl_x": 0,
                "rumblesp_x": 0,
                "spdbump_x": 0,
                "pbspothr_x": 0,
                "prctbldg_x": 1,
                "swptcoth_x": 0,
                "heatlamp_x": 0,
                "pedstreet_x": 0,
                "banners_x": 0,
                "multifamtot": 1,
                "school": 1,
                "retrest": 1,
                "sdwkbuff": 0,
                "vehlanestot": 2,
                "sixlnrd": 0,
                "sixlnrdrecoded": 0,
                "implndusrecoded": 0,
                "bldgstry": 0,
                "sizeparkimi1": 0,
                "crosswalktot": 2,
                "diffrdsftot": 0,
                "pedactsgntot": 0,
                "pedcssigntot": 0,
                "schooltot": 2,
                "officestot": 0,
                "liquorbaradultcheckcashing": 0,
                "markings": 1,
                "markings2": 0,
                "vehsigs": 0,
                "vehsigs2": 0,
                "vehlanestotrecoded": 2,
                "trafcalmtot": 0,
                "markingsint": 2,
                "markingsint2": 1,
                "vehsigsint": 1,
                "vehsigs2int": 1,
                "medianint": 0,
                "trafcalmtotint": 1,
                "midcrsmarkint": 0,
                "strpmalllnt": 0,
                "retrestint": 2,
                "commothrint": 0,
                "restarntint": 0,
                "coffshopint": 0,
                "cornerstint": 0,
                "moviethint": 0,
                "barsclubint": 0,
                "culsacpedptint": 0,
                "StreetName": "12th Street",
                "IntersectionA": "12th Street & Chestnut Ave",
                "IntersectionB": "12th Street",
                "name_osm": "Chestnut Avenue",
                "intersc1": "12th Street & Chestnut Ave",
                "intersc2": "12th Street",
                "tract_geoid": "24033800410",
                "tract_name": "Census Tract 8004.10",
                "STATEFP": "24",
                "COUNTYFP": "033",
                "n_tracts": 1,
                "tract_share": 1.0,
                "match": "overlay",
                "total_pop": 6681.0,
                "median_hh_income": 173611.0,
                "median_home_value": 561200.0,
                "commuters_total": 3319.0,
                "commuters_transit": 102.0,
                "renter_no_vehicle": 0.0,
                "Unnamed: 0": 67,
                "form3norm": 80.54159546,
                "dens2norm": 46.33876038,
                "prox3norm": 20.4003582,
                "conn6norm": 80.5850296,
                "parks2norm": 0.0,
                "peds4norm": 37.49922943,
                "safenorm": 78.05537415000001,
                "traffic5norm": 51.85872502,
                "aesttot3norm": 50.15692139,
                "paf2norm": 8.0036898e-06,
                "sop7norm": 50.95900144,
                " ": 0,
                "arcades_y": 0,
                "attrtve_y": 0,
                "awnings_y": 0,
                "barsclub_y": 0,
                "beach_y": 0,
                "benches_y": 0,
                "bigbox_y": 0,
                "bikelane_y": 0,
                "bikerack_y": 0,
                "bikeretl_y": 0,
                "bikeshre_y": 0,
                "billbrd_y": 0,
                "bklntype_y": 0,
                "blnkwall_y": 0,
                "buffboll_y": 0,
                "bufffence_y": 0,
                "buffpkcr_y": 0,
                "buffsttr_y": 0,
                "busstops_y": 0,
                "cardeal_y": 0,
                "chainstre_y": 0,
                "chckcash_y": 0,
                "civother_y": 0,
                "coffshop_y": 0,
                "college_y": 0,
                "comctlib_y": 0,
                "condoapt_y": 0,
                "cornerst_y": 0,
                "crosing2_y": 0,
                "croswalk_y": 2,
                "dining_y": 0,
                "dogs_y": 0,
                "driveway_y": 1,
                "drivthru_y": 0,
                "dumpster_y": 0,
                "farnermk_y": 0,
                "fastfood_y": 0,
                "financl_y": 0,
                "flatslpe_y": 1,
                "gasserv_y": 0,
                "gated_y": 0,
                "grafitti_y": 0,
                "gymfitns_y": 0,
                "hardgood_y": 0,
                "highschl_y": 0,
                "hotelhos_y": 0,
                "indsothr_y": 0,
                "insother_y": 0,
                "kinder_y": 0,
                "libbkstr_y": 0,
                "lighting_y": 1,
                "liquorst_y": 0,
                "litter_y": 0,
                "localstre_y": 1,
                "mdhvind_y": 0,
                "medicine_y": 0,
                "midblock_y": 0,
                "mlgrcer_y": 0,
                "mntbuild_y": 0,
                "movieth_y": 0,
                "mustheat_y": 0,
                "offices_y": 0,
                "ofseroth_y": 0,
                "othrrtail_y": 0,
                "othrsdwk_y": 1,
                "parkplay_y": 0,
                "pedcrs2_y": 0,
                "pedcrssgn_y": 0,
                "playsprt_y": 0,
                "plazasq_y": 0,
                "prctpkng_y": 0,
                "prdusprk_y": 0,
                "primschl_y": 0,
                "prmntbldgh_y": 2,
                "pubart_y": 0,
                "pubcivic_y": 0,
                "pubgardn_y": 0,
                "pubrestr_y": 0,
                "recoher_y": 0,
                "religion_y": 0,
                "restarnt_y": 0,
                "restaurant_y": 0,
                "schother_y": 1,
                "scndschl_y": 0,
                "sdwkcomp_y": 1,
                "sdwkshde_y": 1,
                "service_y": 0,
                "sfhatach_y": 0,
                "shopmall_y": 0,
                "sidewalk_y": 1,
                "sizeparkimi2_y": 0,
                "softgood_y": 0,
                "stopsgn2_y": 0,
                "stopsign_y": 0,
                "strpmall_y": 0,
                "strttree_y": 1,
                "stvendor_y": 0,
                "surfpkng_y": 0,
                "townhome_y": 1,
                "traffsig_y": 0,
                "trafsgn2_y": 0,
                "trcmpark_y": 0,
                "undevlnd_y": 0,
                "vehlanes_y": 2,
                "vermixus_y": 0,
                "pedactsgn_y": 0,
                "pedact2_y": 0,
                "smlgrcer_y": 0,
                "gateaccs_y": 0,
                "sdwkpave_y": 1,
                "diffrdsf_y": 0,
                "dfrdsf2_y": 0,
                "cmother_y": 1,
                "zebrastp_y": 0,
                "crsothr2_y": 0,
                "zebra2_y": 0,
                "trafcrcl_y": 0,
                "rumblesp_y": 0,
                "spdbump_y": 0,
                "pbspothr_y": 0,
                "prctbldg_y": 0,
                "swptcoth_y": 0,
                "heatlamp_y": 0,
                "pedstreet_y": 0,
                "banners_y": 0
            },
            "geometry": {
                "type": "LineString",
                "coordinates": [
                    [
                        -76.778672564285827,
                        39.005775799282048
                    ],
                    [
                        -76.779905153558019,
                        39.005749003863087
                    ]
                ]
            }
        }
    ]
}